"Kernel Name","fp8_streamk_symm_gemm_block_scaled_tuned_kernel",
"Address","Source","Warp Stall Sampling (All Samples)","Warp Stall Sampling (Not-issued Samples)","# Samples","Instructions Executed","Thread Instructions Executed","Predicated-On Thread Instructions Executed","Avg. Threads Executed","Avg. Predicated-On Threads Executed","Divergent Branches","Address Space","Access Operation","Access Size","L1 Tag Requests Global","L1 Conflicts Shared N-Way","L1 Wavefronts Shared Excessive","L1 Wavefronts Shared","L1 Wavefronts Shared Ideal","L2 Theoretical Sectors Global Excessive","L2 Theoretical Sectors Global","L2 Theoretical Sectors Global Ideal","L2 Explicit Evict Policies","L2 Explicit Hit Policy Evict First","L2 Explicit Hit Policy Evict Last","L2 Explicit Hit Policy Evict Normal","L2 Explicit Hit Policy Evict Normal Demote","L2 Explicit Miss Policy Evict First","L2 Explicit Miss Policy Evict Normal","stall_barrier","stall_branch_resolving","stall_dispatch","stall_drain","stall_imc","stall_lg","stall_long_sb","stall_math","stall_membar","stall_mio","stall_misc","stall_no_inst","stall_not_selected","stall_selected","stall_short_sb","stall_sleep","stall_tex","stall_wait","stall_barrier (Not Issued)","stall_branch_resolving (Not Issued)","stall_dispatch (Not Issued)","stall_drain (Not Issued)","stall_imc (Not Issued)","stall_lg (Not Issued)","stall_long_sb (Not Issued)","stall_math (Not Issued)","stall_membar (Not Issued)","stall_mio (Not Issued)","stall_misc (Not Issued)","stall_no_inst (Not Issued)","stall_not_selected (Not Issued)","stall_selected (Not Issued)","stall_short_sb (Not Issued)","stall_sleeping (Not Issued)","stall_tex (Not Issued)","stall_wait (Not Issued)"
"0x7052a1770200","      LDC R1, c[0x0][0x28]","17","17","17","912","29184","29184","32","32","0","-","-","-","0","0","0","0","0","0","0","0","-","0","0","0","0","0","0","0","0","0","0","0","0","0","0","0","0","0","17","0","0","0","0","0","0","0","0","0","0","0","0","0","0","0","0","0","17","0","0","0","0","0","0"
"0x7052a1770210","      S2UR UR12, SR_CTAID.X","2","1","2","912","29184","29184","32","32","0","-","-","-","0","0","0","0","0","0","0","0","-","0","0","0","0","0","0","0","0","0","0","0","0","0","0","0","0","0","0","0","0","0","0","0","2","0","0","0","0","0","0","0","0","0","0","0","0","0","0","0","0","0","1"
"0x7052a1770220","      UISETP.GT.U32.AND UP0, UPT, UR12, 0x20f, UPT","2","2","2","912","29184","29184","32","32","0","-","-","-","0","0","0","0","0","0","0","0","-","0","0","0","0","0","0","0","0","0","0","0","0","0","0","0","0","0","0","0","0","2","0","0","0","0","0","0","0","0","0","0","0","0","0","0","0","0","0","2","0","0","0"
"0x7052a1770230","      PLOP3.LUT P0, PT, PT, PT, UP0, 0x80, 0x0","3","2","3","912","29184","29184","32","32","0","-","-","-","0","0","0","0","0","0","0","0","-","0","0","0","0","0","0","0","0","0","0","0","0","0","0","0","0","0","0","0","1","0","0","0","2","0","0","0","0","0","0","0","0","0","0","0","0","0","0","0","0","0","2"
"0x7052a1770240","@P0   EXIT","25","25","25","912","29184","0","32","0","0","-","-","-","0","0","0","0","0","0","0","0","-","0","0","0","0","0","0","0","0","0","0","0","0","0","0","0","0","0","0","0","0","22","0","0","3","0","0","0","0","0","0","0","0","0","0","0","0","0","0","22","0","0","3"
"0x7052a1770250","      S2R R197, SR_TID.X","0","0","0","912","29184","29184","32","32","0","-","-","-","0","0","0","0","0","0","0","0","-","0","0","0","0","0","0","0","0","0","0","0","0","0","0","0","0","0","0","0","0","0","0","0","0","0","0","0","0","0","0","0","0","0","0","0","0","0","0","0","0","0","0"
"0x7052a1770260","      S2UR UR5, SR_CgaCtaId","0","0","0","912","29184","29184","32","32","0","-","-","-","0","0","0","0","0","0","0","0","-","0","0","0","0","0","0","0","0","0","0","0","0","0","0","0","0","0","0","0","0","0","0","0","0","0","0","0","0","0","0","0","0","0","0","0","0","0","0","0","0","0","0"
"0x7052a1770270","      ULDC.64 UR6, c[0x0][0x228]","22","22","22","912","29184","29184","32","32","0","-","-","-","0","0","0","0","0","0","0","0","-","0","0","0","0","0","0","0","0","0","0","22","0","0","0","0","0","0","0","0","0","0","0","0","0","0","0","0","0","22","0","0","0","0","0","0","0","0","0","0","0","0","0"
"0x7052a1770280","      ULDC UR21, c[0x0][0x230]","0","0","0","912","29184","29184","32","32","0","-","-","-","0","0","0","0","0","0","0","0","-","0","0","0","0","0","0","0","0","0","0","0","0","0","0","0","0","0","0","0","0","0","0","0","0","0","0","0","0","0","0","0","0","0","0","0","0","0","0","0","0","0","0"
"0x7052a1770290","      ULOP3.LUT UR7, UR7, UR6, URZ, 0xfc, !UPT","0","0","0","912","29184","29184","32","32","0","-","-","-","0","0","0","0","0","0","0","0","-","0","0","0","0","0","0","0","0","0","0","0","0","0","0","0","0","0","0","0","0","0","0","0","0","0","0","0","0","0","0","0","0","0","0","0","0","0","0","0","0","0","0"
"0x7052a17702a0","      UISETP.GT.AND UP1, UPT, UR6, -0x1, UPT","0","0","0","912","29184","29184","32","32","0","-","-","-","0","0","0","0","0","0","0","0","-","0","0","0","0","0","0","0","0","0","0","0","0","0","0","0","0","0","0","0","0","0","0","0","0","0","0","0","0","0","0","0","0","0","0","0","0","0","0","0","0","0","0"
"0x7052a17702b0","      UIADD3 UR4, UR21, 0x3f, URZ","0","0","0","912","29184","29184","32","32","0","-","-","-","0","0","0","0","0","0","0","0","-","0","0","0","0","0","0","0","0","0","0","0","0","0","0","0","0","0","0","0","0","0","0","0","0","0","0","0","0","0","0","0","0","0","0","0","0","0","0","0","0","0","0"
"0x7052a17702c0","      UMOV UR6, 0x400","0","0","0","912","29184","29184","32","32","0","-","-","-","0","0","0","0","0","0","0","0","-","0","0","0","0","0","0","0","0","0","0","0","0","0","0","0","0","0","0","0","0","0","0","0","0","0","0","0","0","0","0","0","0","0","0","0","0","0","0","0","0","0","0"
"0x7052a17702d0","      UISETP.GT.AND UP3, UPT, UR7, -0x1, UPT","0","0","0","912","29184","29184","32","32","0","-","-","-","0","0","0","0","0","0","0","0","-","0","0","0","0","0","0","0","0","0","0","0","0","0","0","0","0","0","0","0","0","0","0","0","0","0","0","0","0","0","0","0","0","0","0","0","0","0","0","0","0","0","0"
"0x7052a17702e0","      UISETP.GE.AND UP2, UPT, UR4, 0x40, UPT","0","0","0","912","29184","29184","32","32","0","-","-","-","0","0","0","0","0","0","0","0","-","0","0","0","0","0","0","0","0","0","0","0","0","0","0","0","0","0","0","0","0","0","0","0","0","0","0","0","0","0","0","0","0","0","0","0","0","0","0","0","0","0","0"
"0x7052a17702f0","      ULDC.64 UR18, c[0x0][0x208]","0","0","0","912","29184","29184","32","32","0","-","-","-","0","0","0","0","0","0","0","0","-","0","0","0","0","0","0","0","0","0","0","0","0","0","0","0","0","0","0","0","0","0","0","0","0","0","0","0","0","0","0","0","0","0","0","0","0","0","0","0","0","0","0"
"0x7052a1770300","      ULEA UR6, UR5, UR6, 0x18","0","0","0","912","29184","29184","32","32","0","-","-","-","0","0","0","0","0","0","0","0","-","0","0","0","0","0","0","0","0","0","0","0","0","0","0","0","0","0","0","0","0","0","0","0","0","0","0","0","0","0","0","0","0","0","0","0","0","0","0","0","0","0","0"
"0x7052a1770310","      USHF.R.S32.HI UR5, URZ, 0x1f, UR4","0","0","0","912","29184","29184","32","32","0","-","-","-","0","0","0","0","0","0","0","0","-","0","0","0","0","0","0","0","0","0","0","0","0","0","0","0","0","0","0","0","0","0","0","0","0","0","0","0","0","0","0","0","0","0","0","0","0","0","0","0","0","0","0"
"0x7052a1770320","      ULEA.HI UR5, UR5, UR4, URZ, 0x6","0","0","0","912","29184","29184","32","32","0","-","-","-","0","0","0","0","0","0","0","0","-","0","0","0","0","0","0","0","0","0","0","0","0","0","0","0","0","0","0","0","0","0","0","0","0","0","0","0","0","0","0","0","0","0","0","0","0","0","0","0","0","0","0"
"0x7052a1770330","      SHF.R.U32.HI R4, RZ, 0x5, R197","0","0","0","912","29184","29184","32","32","0","-","-","-","0","0","0","0","0","0","0","0","-","0","0","0","0","0","0","0","0","0","0","0","0","0","0","0","0","0","0","0","0","0","0","0","0","0","0","0","0","0","0","0","0","0","0","0","0","0","0","0","0","0","0"
"0x7052a1770340","      IMAD.SHL.U32 R5, R197, 0x80, RZ","0","0","0","912","29184","29184","32","32","0","-","-","-","0","0","0","0","0","0","0","0","-","0","0","0","0","0","0","0","0","0","0","0","0","0","0","0","0","0","0","0","0","0","0","0","0","0","0","0","0","0","0","0","0","0","0","0","0","0","0","0","0","0","0"
"0x7052a1770350","      SHF.R.U32.HI R0, RZ, 0x2, R197","0","0","0","912","29184","29184","32","32","0","-","-","-","0","0","0","0","0","0","0","0","-","0","0","0","0","0","0","0","0","0","0","0","0","0","0","0","0","0","0","0","0","0","0","0","0","0","0","0","0","0","0","0","0","0","0","0","0","0","0","0","0","0","0"
"0x7052a1770360","      IMAD.SHL.U32 R10, R197, 0x40, RZ","0","0","0","912","29184","29184","32","32","0","-","-","-","0","0","0","0","0","0","0","0","-","0","0","0","0","0","0","0","0","0","0","0","0","0","0","0","0","0","0","0","0","0","0","0","0","0","0","0","0","0","0","0","0","0","0","0","0","0","0","0","0","0","0"
"0x7052a1770370","      LOP3.LUT R2, R197, 0x10, RZ, 0xc0, !PT","0","0","0","912","29184","29184","32","32","0","-","-","-","0","0","0","0","0","0","0","0","-","0","0","0","0","0","0","0","0","0","0","0","0","0","0","0","0","0","0","0","0","0","0","0","0","0","0","0","0","0","0","0","0","0","0","0","0","0","0","0","0","0","0"
"0x7052a1770380","      IMAD.SHL.U32 R68, R197, 0x8, RZ","0","0","0","912","29184","29184","32","32","0","-","-","-","0","0","0","0","0","0","0","0","-","0","0","0","0","0","0","0","0","0","0","0","0","0","0","0","0","0","0","0","0","0","0","0","0","0","0","0","0","0","0","0","0","0","0","0","0","0","0","0","0","0","0"
"0x7052a1770390","      R2UR UR20, R4","0","0","0","912","29184","29184","32","32","0","-","-","-","0","0","0","0","0","0","0","0","-","0","0","0","0","0","0","0","0","0","0","0","0","0","0","0","0","0","0","0","0","0","0","0","0","0","0","0","0","0","0","0","0","0","0","0","0","0","0","0","0","0","0"
"0x7052a17703a0","      USHF.R.S32.HI UR7, URZ, 0x6, UR5","0","0","0","912","29184","29184","32","32","0","-","-","-","0","0","0","0","0","0","0","0","-","0","0","0","0","0","0","0","0","0","0","0","0","0","0","0","0","0","0","0","0","0","0","0","0","0","0","0","0","0","0","0","0","0","0","0","0","0","0","0","0","0","0"
"0x7052a17703b0","      SGXT.U32 R0, R0, 0x2","0","0","0","912","29184","29184","32","32","0","-","-","-","0","0","0","0","0","0","0","0","-","0","0","0","0","0","0","0","0","0","0","0","0","0","0","0","0","0","0","0","0","0","0","0","0","0","0","0","0","0","0","0","0","0","0","0","0","0","0","0","0","0","0"
"0x7052a17703c0","      SHF.R.U32.HI R3, RZ, 0x2, R2","0","0","0","912","29184","29184","32","32","0","-","-","-","0","0","0","0","0","0","0","0","-","0","0","0","0","0","0","0","0","0","0","0","0","0","0","0","0","0","0","0","0","0","0","0","0","0","0","0","0","0","0","0","0","0","0","0","0","0","0","0","0","0","0"
"0x7052a17703d0","      LOP3.LUT R4, R197, 0x18, RZ, 0xc0, !PT","3","1","3","912","29184","29184","32","32","0","-","-","-","0","0","0","0","0","0","0","0","-","0","0","0","0","0","0","0","0","0","0","0","0","0","1","0","0","0","0","2","0","0","0","0","0","0","0","0","0","0","0","0","1","0","0","0","0","0","0","0","0","0","0"
"0x7052a17703e0","      LOP3.LUT R3, R0, R3, RZ, 0xfc, !PT","0","0","0","912","29184","29184","32","32","0","-","-","-","0","0","0","0","0","0","0","0","-","0","0","0","0","0","0","0","0","0","0","0","0","0","0","0","0","0","0","0","0","0","0","0","0","0","0","0","0","0","0","0","0","0","0","0","0","0","0","0","0","0","0"
"0x7052a17703f0","      IMAD.SHL.U32 R0, R197, 0x10, RZ","0","0","0","912","29184","29184","32","32","0","-","-","-","0","0","0","0","0","0","0","0","-","0","0","0","0","0","0","0","0","0","0","0","0","0","0","0","0","0","0","0","0","0","0","0","0","0","0","0","0","0","0","0","0","0","0","0","0","0","0","0","0","0","0"
"0x7052a1770400","      LOP3.LUT R9, R5, 0x780, RZ, 0xc0, !PT","0","0","0","912","29184","29184","32","32","0","-","-","-","0","0","0","0","0","0","0","0","-","0","0","0","0","0","0","0","0","0","0","0","0","0","0","0","0","0","0","0","0","0","0","0","0","0","0","0","0","0","0","0","0","0","0","0","0","0","0","0","0","0","0"
"0x7052a1770410","      IMAD R7, R4, 0x12, RZ","0","0","0","912","29184","29184","32","32","0","-","-","-","0","0","0","0","0","0","0","0","-","0","0","0","0","0","0","0","0","0","0","0","0","0","0","0","0","0","0","0","0","0","0","0","0","0","0","0","0","0","0","0","0","0","0","0","0","0","0","0","0","0","0"
"0x7052a1770420","      LOP3.LUT R4, R197, 0x20, RZ, 0xc0, !PT","0","0","0","912","29184","29184","32","32","0","-","-","-","0","0","0","0","0","0","0","0","-","0","0","0","0","0","0","0","0","0","0","0","0","0","0","0","0","0","0","0","0","0","0","0","0","0","0","0","0","0","0","0","0","0","0","0","0","0","0","0","0","0","0"
"0x7052a1770430","      LOP3.LUT R5, R197, 0x40, RZ, 0xc0, !PT","0","0","0","912","29184","29184","32","32","0","-","-","-","0","0","0","0","0","0","0","0","-","0","0","0","0","0","0","0","0","0","0","0","0","0","0","0","0","0","0","0","0","0","0","0","0","0","0","0","0","0","0","0","0","0","0","0","0","0","0","0","0","0","0"
"0x7052a1770440","      LOP3.LUT R6, R0, 0x70, RZ, 0xc0, !PT","0","0","0","912","29184","29184","32","32","0","-","-","-","0","0","0","0","0","0","0","0","-","0","0","0","0","0","0","0","0","0","0","0","0","0","0","0","0","0","0","0","0","0","0","0","0","0","0","0","0","0","0","0","0","0","0","0","0","0","0","0","0","0","0"
"0x7052a1770450","      LOP3.LUT R8, R7, 0x70, R0, 0x78, !PT","5","4","5","912","29184","29184","32","32","0","-","-","-","0","0","0","0","0","0","0","0","-","0","0","0","0","0","0","0","0","0","0","0","0","0","2","0","0","0","0","0","1","0","0","0","2","0","0","0","0","0","0","0","2","0","0","0","0","0","0","0","0","0","2"
"0x7052a1770460","      LEA.HI R9, R2, R9, RZ, 0x1f","0","0","0","912","29184","29184","32","32","0","-","-","-","0","0","0","0","0","0","0","0","-","0","0","0","0","0","0","0","0","0","0","0","0","0","0","0","0","0","0","0","0","0","0","0","0","0","0","0","0","0","0","0","0","0","0","0","0","0","0","0","0","0","0"
"0x7052a1770470","      SHF.R.U32.HI R0, RZ, 0x1, R4","0","0","0","912","29184","29184","32","32","0","-","-","-","0","0","0","0","0","0","0","0","-","0","0","0","0","0","0","0","0","0","0","0","0","0","0","0","0","0","0","0","0","0","0","0","0","0","0","0","0","0","0","0","0","0","0","0","0","0","0","0","0","0","0"
"0x7052a1770480","      SHF.R.U32.HI R2, RZ, 0x1, R5","0","0","0","912","29184","29184","32","32","0","-","-","-","0","0","0","0","0","0","0","0","-","0","0","0","0","0","0","0","0","0","0","0","0","0","0","0","0","0","0","0","0","0","0","0","0","0","0","0","0","0","0","0","0","0","0","0","0","0","0","0","0","0","0"
"0x7052a1770490","      LOP3.LUT R69, R197, 0x80, RZ, 0xc0, !PT","0","0","0","912","29184","29184","32","32","0","-","-","-","0","0","0","0","0","0","0","0","-","0","0","0","0","0","0","0","0","0","0","0","0","0","0","0","0","0","0","0","0","0","0","0","0","0","0","0","0","0","0","0","0","0","0","0","0","0","0","0","0","0","0"
"0x7052a17704a0","      LOP3.LUT R3, R2, R3, R0, 0xfe, !PT","0","0","0","912","29184","29184","32","32","0","-","-","-","0","0","0","0","0","0","0","0","-","0","0","0","0","0","0","0","0","0","0","0","0","0","0","0","0","0","0","0","0","0","0","0","0","0","0","0","0","0","0","0","0","0","0","0","0","0","0","0","0","0","0"
"0x7052a17704b0","      IMAD.SHL.U32 R0, R197, 0x100, RZ","0","0","0","912","29184","29184","32","32","0","-","-","-","0","0","0","0","0","0","0","0","-","0","0","0","0","0","0","0","0","0","0","0","0","0","0","0","0","0","0","0","0","0","0","0","0","0","0","0","0","0","0","0","0","0","0","0","0","0","0","0","0","0","0"
"0x7052a17704c0","      LOP3.LUT R6, R7, 0x1000, R6, 0x1e, !PT","0","0","0","912","29184","29184","32","32","0","-","-","-","0","0","0","0","0","0","0","0","-","0","0","0","0","0","0","0","0","0","0","0","0","0","0","0","0","0","0","0","0","0","0","0","0","0","0","0","0","0","0","0","0","0","0","0","0","0","0","0","0","0","0"
"0x7052a17704d0","      IMAD.SHL.U32 R7, R4, 0x10, RZ","0","0","0","912","29184","29184","32","32","0","-","-","-","0","0","0","0","0","0","0","0","-","0","0","0","0","0","0","0","0","0","0","0","0","0","0","0","0","0","0","0","0","0","0","0","0","0","0","0","0","0","0","0","0","0","0","0","0","0","0","0","0","0","0"
"0x7052a17704e0","      LOP3.LUT R10, R10, 0x1800, RZ, 0xc0, !PT","0","0","0","912","29184","29184","32","32","0","-","-","-","0","0","0","0","0","0","0","0","-","0","0","0","0","0","0","0","0","0","0","0","0","0","0","0","0","0","0","0","0","0","0","0","0","0","0","0","0","0","0","0","0","0","0","0","0","0","0","0","0","0","0"
"0x7052a17704f0","      IMAD.SHL.U32 R4, R5, 0x10, RZ","0","0","0","912","29184","29184","32","32","0","-","-","-","0","0","0","0","0","0","0","0","-","0","0","0","0","0","0","0","0","0","0","0","0","0","0","0","0","0","0","0","0","0","0","0","0","0","0","0","0","0","0","0","0","0","0","0","0","0","0","0","0","0","0"
"0x7052a1770500","      LOP3.LUT R2, R0, 0x300, RZ, 0xc0, !PT","0","0","0","912","29184","29184","32","32","0","-","-","-","0","0","0","0","0","0","0","0","-","0","0","0","0","0","0","0","0","0","0","0","0","0","0","0","0","0","0","0","0","0","0","0","0","0","0","0","0","0","0","0","0","0","0","0","0","0","0","0","0","0","0"
"0x7052a1770510","      IMAD.SHL.U32 R70, R69, 0x10, RZ","0","0","0","912","29184","29184","32","32","0","-","-","-","0","0","0","0","0","0","0","0","-","0","0","0","0","0","0","0","0","0","0","0","0","0","0","0","0","0","0","0","0","0","0","0","0","0","0","0","0","0","0","0","0","0","0","0","0","0","0","0","0","0","0"
"0x7052a1770520","      SHF.R.U32.HI R0, RZ, 0x1, R69","0","0","0","912","29184","29184","32","32","0","-","-","-","0","0","0","0","0","0","0","0","-","0","0","0","0","0","0","0","0","0","0","0","0","0","0","0","0","0","0","0","0","0","0","0","0","0","0","0","0","0","0","0","0","0","0","0","0","0","0","0","0","0","0"
"0x7052a1770530","      IMAD.IADD R10, R9, 0x1, R10","0","0","0","912","29184","29184","32","32","0","-","-","-","0","0","0","0","0","0","0","0","-","0","0","0","0","0","0","0","0","0","0","0","0","0","0","0","0","0","0","0","0","0","0","0","0","0","0","0","0","0","0","0","0","0","0","0","0","0","0","0","0","0","0"
"0x7052a1770540","      LOP3.LUT R71, R4, R7, R8, 0xfe, !PT","0","0","0","912","29184","29184","32","32","0","-","-","-","0","0","0","0","0","0","0","0","-","0","0","0","0","0","0","0","0","0","0","0","0","0","0","0","0","0","0","0","0","0","0","0","0","0","0","0","0","0","0","0","0","0","0","0","0","0","0","0","0","0","0"
"0x7052a1770550","      LOP3.LUT R0, R0, R2, R3, 0x1e, !PT","0","0","0","912","29184","29184","32","32","0","-","-","-","0","0","0","0","0","0","0","0","-","0","0","0","0","0","0","0","0","0","0","0","0","0","0","0","0","0","0","0","0","0","0","0","0","0","0","0","0","0","0","0","0","0","0","0","0","0","0","0","0","0","0"
"0x7052a1770560","      IMAD R69, R69, 0x40, R10","0","0","0","912","29184","29184","32","32","0","-","-","-","0","0","0","0","0","0","0","0","-","0","0","0","0","0","0","0","0","0","0","0","0","0","0","0","0","0","0","0","0","0","0","0","0","0","0","0","0","0","0","0","0","0","0","0","0","0","0","0","0","0","0"
"0x7052a1770570","      LOP3.LUT R7, R4, R7, R6, 0xfe, !PT","0","0","0","912","29184","29184","32","32","0","-","-","-","0","0","0","0","0","0","0","0","-","0","0","0","0","0","0","0","0","0","0","0","0","0","0","0","0","0","0","0","0","0","0","0","0","0","0","0","0","0","0","0","0","0","0","0","0","0","0","0","0","0","0"
"0x7052a1770580","      LOP3.LUT R71, R71, R70, RZ, 0xfc, !PT","0","0","0","912","29184","29184","32","32","0","-","-","-","0","0","0","0","0","0","0","0","-","0","0","0","0","0","0","0","0","0","0","0","0","0","0","0","0","0","0","0","0","0","0","0","0","0","0","0","0","0","0","0","0","0","0","0","0","0","0","0","0","0","0"
"0x7052a1770590","      LOP3.LUT R196, R0, 0x80, RZ, 0xfc, !PT","2","0","2","912","29184","29184","32","32","0","-","-","-","0","0","0","0","0","0","0","0","-","0","0","0","0","0","0","0","0","0","0","0","0","0","0","0","0","0","0","1","1","0","0","0","0","0","0","0","0","0","0","0","0","0","0","0","0","0","0","0","0","0","0"
"0x7052a17705a0","      LOP3.LUT R195, R0, 0x88, RZ, 0x3c, !PT","0","0","0","912","29184","29184","32","32","0","-","-","-","0","0","0","0","0","0","0","0","-","0","0","0","0","0","0","0","0","0","0","0","0","0","0","0","0","0","0","0","0","0","0","0","0","0","0","0","0","0","0","0","0","0","0","0","0","0","0","0","0","0","0"
"0x7052a17705b0","      LOP3.LUT R194, R0, 0x400, RZ, 0xfc, !PT","0","0","0","912","29184","29184","32","32","0","-","-","-","0","0","0","0","0","0","0","0","-","0","0","0","0","0","0","0","0","0","0","0","0","0","0","0","0","0","0","0","0","0","0","0","0","0","0","0","0","0","0","0","0","0","0","0","0","0","0","0","0","0","0"
"0x7052a17705c0","      LOP3.LUT R193, R0, 0x480, RZ, 0xfc, !PT","2","1","2","912","29184","29184","32","32","0","-","-","-","0","0","0","0","0","0","0","0","-","0","0","0","0","0","0","0","0","0","0","0","0","0","0","0","0","0","0","0","1","0","0","0","1","0","0","0","0","0","0","0","0","0","0","0","0","0","0","0","0","0","1"
"0x7052a17705d0","      LOP3.LUT R192, R0, 0x408, RZ, 0x3c, !PT","1","1","1","912","29184","29184","32","32","0","-","-","-","0","0","0","0","0","0","0","0","-","0","0","0","0","0","0","0","0","0","0","0","0","0","0","0","0","0","0","0","0","0","0","0","1","0","0","0","0","0","0","0","0","0","0","0","0","0","0","0","0","0","1"
"0x7052a17705e0","      LOP3.LUT R70, R7, R70, RZ, 0xfc, !PT","0","0","0","912","29184","29184","32","32","0","-","-","-","0","0","0","0","0","0","0","0","-","0","0","0","0","0","0","0","0","0","0","0","0","0","0","0","0","0","0","0","0","0","0","0","0","0","0","0","0","0","0","0","0","0","0","0","0","0","0","0","0","0","0"
"0x7052a17705f0","      LOP3.LUT R68, R68, 0x7f8, RZ, 0xc0, !PT","0","0","0","912","29184","29184","32","32","0","-","-","-","0","0","0","0","0","0","0","0","-","0","0","0","0","0","0","0","0","0","0","0","0","0","0","0","0","0","0","0","0","0","0","0","0","0","0","0","0","0","0","0","0","0","0","0","0","0","0","0","0","0","0"
"0x7052a1770600","      LOP3.LUT R0, R0, 0x488, RZ, 0x3c, !PT","1","1","1","912","29184","29184","32","32","0","-","-","-","0","0","0","0","0","0","0","0","-","0","0","0","0","0","0","0","0","0","0","0","0","0","0","0","0","0","0","0","0","0","0","0","1","0","0","0","0","0","0","0","0","0","0","0","0","0","0","0","0","0","1"
"0x7052a1770610","      LDC R72, c[0x0][0x22c]","3","3","3","4224","135168","135168","32","32","0","-","-","-","0","0","0","0","0","0","0","0","-","0","0","0","0","0","0","0","1","0","0","0","0","0","0","0","0","0","0","0","0","0","0","0","2","0","1","0","0","0","0","0","0","0","0","0","0","0","0","0","0","0","2"
"0x7052a1770620","      I2FP.F32.U32 R2, UR12","112","107","112","4224","135168","135168","32","32","0","-","-","-","0","0","0","0","0","0","0","0","-","0","0","0","0","0","0","0","0","0","0","0","0","112","0","0","0","0","0","0","0","0","0","0","0","0","0","0","0","0","0","107","0","0","0","0","0","0","0","0","0","0","0"
"0x7052a1770630","      IMAD.MOV.U32 R3, RZ, RZ, 0x41000000","0","0","0","4224","135168","135168","32","32","0","-","-","-","0","0","0","0","0","0","0","0","-","0","0","0","0","0","0","0","0","0","0","0","0","0","0","0","0","0","0","0","0","0","0","0","0","0","0","0","0","0","0","0","0","0","0","0","0","0","0","0","0","0","0"
"0x7052a1770640","      SHF.R.U32.HI R11, RZ, 0x2, R197","0","0","0","4224","135168","135168","32","32","0","-","-","-","0","0","0","0","0","0","0","0","-","0","0","0","0","0","0","0","0","0","0","0","0","0","0","0","0","0","0","0","0","0","0","0","0","0","0","0","0","0","0","0","0","0","0","0","0","0","0","0","0","0","0"
"0x7052a1770650","      IMAD.SHL.U32 R9, R197, 0x2, RZ","1","0","1","4224","135168","135168","32","32","0","-","-","-","0","0","0","0","0","0","0","0","-","0","0","0","0","0","0","0","0","0","0","0","0","0","0","0","0","0","0","0","1","0","0","0","0","0","0","0","0","0","0","0","0","0","0","0","0","0","0","0","0","0","0"
"0x7052a1770660","      SHF.R.U32.HI R14, RZ, 0x2, R197","0","0","0","4224","135168","135168","32","32","0","-","-","-","0","0","0","0","0","0","0","0","-","0","0","0","0","0","0","0","0","0","0","0","0","0","0","0","0","0","0","0","0","0","0","0","0","0","0","0","0","0","0","0","0","0","0","0","0","0","0","0","0","0","0"
"0x7052a1770670","      FFMA R2, R2, R3, 1","0","0","0","4224","135168","135168","32","32","0","-","-","-","0","0","0","0","0","0","0","0","-","0","0","0","0","0","0","0","0","0","0","0","0","0","0","0","0","0","0","0","0","0","0","0","0","0","0","0","0","0","0","0","0","0","0","0","0","0","0","0","0","0","0"
"0x7052a1770680","      ULDC.64 UR4, c[0x0][0x250]","8","8","8","4224","135168","135168","32","32","0","-","-","-","0","0","0","0","0","0","0","0","-","0","0","0","0","0","0","0","0","0","0","8","0","0","0","0","0","0","0","0","0","0","0","0","0","0","0","0","0","8","0","0","0","0","0","0","0","0","0","0","0","0","0"
"0x7052a1770690","      LDC R81, c[0x0][0x228]","1","0","1","4224","135168","135168","32","32","0","-","-","-","0","0","0","0","0","0","0","0","-","0","0","0","0","0","0","0","0","0","0","0","0","0","0","0","0","0","0","0","1","0","0","0","0","0","0","0","0","0","0","0","0","0","0","0","0","0","0","0","0","0","0"
"0x7052a17706a0","      ULDC UR15, c[0x0][0x230]","0","0","0","4224","135168","135168","32","32","0","-","-","-","0","0","0","0","0","0","0","0","-","0","0","0","0","0","0","0","0","0","0","0","0","0","0","0","0","0","0","0","0","0","0","0","0","0","0","0","0","0","0","0","0","0","0","0","0","0","0","0","0","0","0"
"0x7052a17706b0","      ULDC.64 UR10, c[0x0][0x218]","0","0","0","4224","135168","135168","32","32","0","-","-","-","0","0","0","0","0","0","0","0","-","0","0","0","0","0","0","0","0","0","0","0","0","0","0","0","0","0","0","0","0","0","0","0","0","0","0","0","0","0","0","0","0","0","0","0","0","0","0","0","0","0","0"
"0x7052a17706c0","      MUFU.SQRT R2, R2","1","0","1","4224","135168","135168","32","32","0","-","-","-","0","0","0","0","0","0","0","0","-","0","0","0","0","0","0","0","0","0","0","0","0","0","0","0","0","0","0","1","0","0","0","0","0","0","0","0","0","0","0","0","0","0","0","0","0","0","0","0","0","0","0"
"0x7052a17706d0","      LDC.64 R84, c[0x0][0x240]","1","0","1","4224","135168","135168","32","32","0","-","-","-","0","0","0","0","0","0","0","0","-","0","0","0","0","0","0","0","0","0","0","0","0","0","0","0","0","0","0","0","1","0","0","0","0","0","0","0","0","0","0","0","0","0","0","0","0","0","0","0","0","0","0"
"0x7052a17706e0","      IABS R4, R72","1","0","1","4224","135168","135168","32","32","0","-","-","-","0","0","0","0","0","0","0","0","-","0","0","0","0","0","0","0","0","0","0","0","0","0","0","0","0","0","0","0","0","1","0","0","0","0","0","0","0","0","0","0","0","0","0","0","0","0","0","0","0","0","0"
"0x7052a17706f0","      I2F.RP R8, R4","1","1","1","4224","135168","135168","32","32","0","-","-","-","0","0","0","0","0","0","0","0","-","0","0","0","0","0","0","0","0","0","0","0","0","0","0","0","0","0","0","0","0","0","0","0","1","0","0","0","0","0","0","0","0","0","0","0","0","0","0","0","0","0","1"
"0x7052a1770700","      FADD R3, R2, -1","2","2","2","4224","135168","135168","32","32","0","-","-","-","0","0","0","0","0","0","0","0","-","0","0","0","0","0","0","0","0","0","0","0","0","0","0","0","0","0","0","0","0","2","0","0","0","0","0","0","0","0","0","0","0","0","0","0","0","0","0","2","0","0","0"
"0x7052a1770710","      LOP3.LUT R2, R197, 0x10, RZ, 0xc0, !PT","1","0","1","4224","135168","135168","32","32","0","-","-","-","0","0","0","0","0","0","0","0","-","0","0","0","0","0","0","0","0","0","0","0","0","0","0","0","0","0","0","0","1","0","0","0","0","0","0","0","0","0","0","0","0","0","0","0","0","0","0","0","0","0","0"
"0x7052a1770720","      FMUL R3, R3, 0.5","0","0","0","4224","135168","135168","32","32","0","-","-","-","0","0","0","0","0","0","0","0","-","0","0","0","0","0","0","0","0","0","0","0","0","0","0","0","0","0","0","0","0","0","0","0","0","0","0","0","0","0","0","0","0","0","0","0","0","0","0","0","0","0","0"
"0x7052a1770730","      SHF.R.U32.HI R2, RZ, 0x2, R2","0","0","0","4224","135168","135168","32","32","0","-","-","-","0","0","0","0","0","0","0","0","-","0","0","0","0","0","0","0","0","0","0","0","0","0","0","0","0","0","0","0","0","0","0","0","0","0","0","0","0","0","0","0","0","0","0","0","0","0","0","0","0","0","0"
"0x7052a1770740","      F2I.FTZ.FLOOR.NTZ R10, R3","1","0","1","4224","135168","135168","32","32","0","-","-","-","0","0","0","0","0","0","0","0","-","0","0","0","0","0","0","0","0","0","0","0","0","0","0","0","0","0","0","1","0","0","0","0","0","0","0","0","0","0","0","0","0","0","0","0","0","0","0","0","0","0","0"
"0x7052a1770750","      MUFU.RCP R8, R8","3","2","3","4224","135168","135168","32","32","0","-","-","-","0","0","0","0","0","0","0","0","-","0","0","0","0","0","0","0","0","0","0","0","0","0","0","0","0","0","0","0","0","0","0","0","3","0","0","0","0","0","0","0","0","0","0","0","0","0","0","0","0","0","2"
"0x7052a1770760","      SGXT.U32 R3, R11, 0x2","2","2","2","4224","135168","135168","32","32","0","-","-","-","0","0","0","0","0","0","0","0","-","0","0","0","0","0","0","0","0","0","0","0","0","0","0","0","0","0","0","0","0","2","0","0","0","0","0","0","0","0","0","0","0","0","0","0","0","0","0","2","0","0","0"
"0x7052a1770770","      IMAD R5, R10, R10, R10","0","0","0","4224","135168","135168","32","32","0","-","-","-","0","0","0","0","0","0","0","0","-","0","0","0","0","0","0","0","0","0","0","0","0","0","0","0","0","0","0","0","0","0","0","0","0","0","0","0","0","0","0","0","0","0","0","0","0","0","0","0","0","0","0"
"0x7052a1770780","      IMAD.SHL.U32 R10, R10, 0x80, RZ","3","1","3","4224","135168","135168","32","32","0","-","-","-","0","0","0","0","0","0","0","0","-","0","0","0","0","0","0","0","0","0","0","0","0","0","0","0","0","0","0","1","1","0","0","0","1","0","0","0","0","0","0","0","0","0","0","0","0","0","0","0","0","0","1"
"0x7052a1770790","      LEA.HI R5, R5, R5, RZ, 0x1","0","0","0","4224","135168","135168","32","32","0","-","-","-","0","0","0","0","0","0","0","0","-","0","0","0","0","0","0","0","0","0","0","0","0","0","0","0","0","0","0","0","0","0","0","0","0","0","0","0","0","0","0","0","0","0","0","0","0","0","0","0","0","0","0"
"0x7052a17707a0","      SHF.R.S32.HI R5, RZ, 0x1, R5","3","3","3","4224","135168","135168","32","32","0","-","-","-","0","0","0","0","0","0","0","0","-","0","0","0","0","0","0","0","0","0","0","0","0","0","0","0","0","0","0","0","0","0","0","0","3","0","0","0","0","0","0","0","0","0","0","0","0","0","0","0","0","0","3"
"0x7052a17707b0","      VIADD R6, R8, 0xffffffe","0","0","0","4224","135168","135168","32","32","0","-","-","-","0","0","0","0","0","0","0","0","-","0","0","0","0","0","0","0","0","0","0","0","0","0","0","0","0","0","0","0","0","0","0","0","0","0","0","0","0","0","0","0","0","0","0","0","0","0","0","0","0","0","0"
"0x7052a17707c0","      IADD3 R5, -R5, UR12, RZ","0","0","0","4224","135168","135168","32","32","0","-","-","-","0","0","0","0","0","0","0","0","-","0","0","0","0","0","0","0","0","0","0","0","0","0","0","0","0","0","0","0","0","0","0","0","0","0","0","0","0","0","0","0","0","0","0","0","0","0","0","0","0","0","0"
"0x7052a17707d0","      F2I.FTZ.U32.TRUNC.NTZ R7, R6","0","0","0","4224","135168","135168","32","32","0","-","-","-","0","0","0","0","0","0","0","0","-","0","0","0","0","0","0","0","0","0","0","0","0","0","0","0","0","0","0","0","0","0","0","0","0","0","0","0","0","0","0","0","0","0","0","0","0","0","0","0","0","0","0"
"0x7052a17707e0","      IMAD.SHL.U32 R12, R5, 0x80, RZ","1","0","1","4224","135168","135168","32","32","0","-","-","-","0","0","0","0","0","0","0","0","-","0","0","0","0","0","0","0","0","0","0","0","0","0","0","0","0","0","0","0","0","0","0","0","1","0","0","0","0","0","0","0","0","0","0","0","0","0","0","0","0","0","0"
"0x7052a17707f0","      LOP3.LUT R5, R3, R2, RZ, 0xfc, !PT","0","0","0","4224","135168","135168","32","32","0","-","-","-","0","0","0","0","0","0","0","0","-","0","0","0","0","0","0","0","0","0","0","0","0","0","0","0","0","0","0","0","0","0","0","0","0","0","0","0","0","0","0","0","0","0","0","0","0","0","0","0","0","0","0"
"0x7052a1770800","      LOP3.LUT R2, R197, 0x20, RZ, 0xc0, !PT","1","0","1","4224","135168","135168","32","32","0","-","-","-","0","0","0","0","0","0","0","0","-","0","0","0","0","0","0","0","0","0","0","0","0","0","1","0","0","0","0","0","0","0","0","0","0","0","0","0","0","0","0","0","0","0","0","0","0","0","0","0","0","0","0"
"0x7052a1770810","      LOP3.LUT R16, R12, 0x6, R9, 0xf8, !PT","0","0","0","4224","135168","135168","32","32","0","-","-","-","0","0","0","0","0","0","0","0","-","0","0","0","0","0","0","0","0","0","0","0","0","0","0","0","0","0","0","0","0","0","0","0","0","0","0","0","0","0","0","0","0","0","0","0","0","0","0","0","0","0","0"
"0x7052a1770820","      IMAD.MOV.U32 R6, RZ, RZ, RZ","0","0","0","4224","135168","135168","32","32","0","-","-","-","0","0","0","0","0","0","0","0","-","0","0","0","0","0","0","0","0","0","0","0","0","0","0","0","0","0","0","0","0","0","0","0","0","0","0","0","0","0","0","0","0","0","0","0","0","0","0","0","0","0","0"
"0x7052a1770830","      LOP3.LUT R13, R16, 0x8, RZ, 0xfc, !PT","4","2","4","4224","135168","135168","32","32","0","-","-","-","0","0","0","0","0","0","0","0","-","0","0","0","0","0","0","0","0","0","0","0","0","0","1","0","0","0","0","0","2","0","0","0","1","0","0","0","0","0","0","0","1","0","0","0","0","0","0","0","0","0","1"
"0x7052a1770840","      IMAD.MOV R8, RZ, RZ, -R7","0","0","0","4224","135168","135168","32","32","0","-","-","-","0","0","0","0","0","0","0","0","-","0","0","0","0","0","0","0","0","0","0","0","0","0","0","0","0","0","0","0","0","0","0","0","0","0","0","0","0","0","0","0","0","0","0","0","0","0","0","0","0","0","0"
"0x7052a1770850","      LOP3.LUT R18, R16, 0x9, RZ, 0xfc, !PT","0","0","0","4224","135168","135168","32","32","0","-","-","-","0","0","0","0","0","0","0","0","-","0","0","0","0","0","0","0","0","0","0","0","0","0","0","0","0","0","0","0","0","0","0","0","0","0","0","0","0","0","0","0","0","0","0","0","0","0","0","0","0","0","0"
"0x7052a1770860","      IABS R9, R13","0","0","0","4224","135168","135168","32","32","0","-","-","-","0","0","0","0","0","0","0","0","-","0","0","0","0","0","0","0","0","0","0","0","0","0","0","0","0","0","0","0","0","0","0","0","0","0","0","0","0","0","0","0","0","0","0","0","0","0","0","0","0","0","0"
"0x7052a1770870","      IMAD.MOV.U32 R11, RZ, RZ, R8","0","0","0","4224","135168","135168","32","32","0","-","-","-","0","0","0","0","0","0","0","0","-","0","0","0","0","0","0","0","0","0","0","0","0","0","0","0","0","0","0","0","0","0","0","0","0","0","0","0","0","0","0","0","0","0","0","0","0","0","0","0","0","0","0"
"0x7052a1770880","      LOP3.LUT R8, R197, 0x40, RZ, 0xc0, !PT","0","0","0","4224","135168","135168","32","32","0","-","-","-","0","0","0","0","0","0","0","0","-","0","0","0","0","0","0","0","0","0","0","0","0","0","0","0","0","0","0","0","0","0","0","0","0","0","0","0","0","0","0","0","0","0","0","0","0","0","0","0","0","0","0"
"0x7052a1770890","      IABS R15, R18","4","1","4","4224","135168","135168","32","32","0","-","-","-","0","0","0","0","0","0","0","0","-","0","0","0","0","0","0","0","0","0","0","0","0","0","1","0","0","0","0","1","1","0","0","0","1","0","0","0","0","0","0","0","1","0","0","0","0","0","0","0","0","0","0"
"0x7052a17708a0","      IMAD R3, R11, R4, RZ","0","0","0","4224","135168","135168","32","32","0","-","-","-","0","0","0","0","0","0","0","0","-","0","0","0","0","0","0","0","0","0","0","0","0","0","0","0","0","0","0","0","0","0","0","0","0","0","0","0","0","0","0","0","0","0","0","0","0","0","0","0","0","0","0"
"0x7052a17708b0","      LOP3.LUT R11, R16, 0x1, RZ, 0xfc, !PT","0","0","0","4224","135168","135168","32","32","0","-","-","-","0","0","0","0","0","0","0","0","-","0","0","0","0","0","0","0","0","0","0","0","0","0","0","0","0","0","0","0","0","0","0","0","0","0","0","0","0","0","0","0","0","0","0","0","0","0","0","0","0","0","0"
"0x7052a17708c0","      SHF.R.U32.HI R8, RZ, 0x1, R8","1","0","1","4224","135168","135168","32","32","0","-","-","-","0","0","0","0","0","0","0","0","-","0","0","0","0","0","0","0","0","0","0","0","0","0","0","0","0","0","0","0","1","0","0","0","0","0","0","0","0","0","0","0","0","0","0","0","0","0","0","0","0","0","0"
"0x7052a17708d0","      IMAD.HI.U32 R6, R7, R3, R6","0","0","0","4224","135168","135168","32","32","0","-","-","-","0","0","0","0","0","0","0","0","-","0","0","0","0","0","0","0","0","0","0","0","0","0","0","0","0","0","0","0","0","0","0","0","0","0","0","0","0","0","0","0","0","0","0","0","0","0","0","0","0","0","0"
"0x7052a17708e0","      SHF.R.U32.HI R3, RZ, 0x1, R2","0","0","0","4224","135168","135168","32","32","0","-","-","-","0","0","0","0","0","0","0","0","-","0","0","0","0","0","0","0","0","0","0","0","0","0","0","0","0","0","0","0","0","0","0","0","0","0","0","0","0","0","0","0","0","0","0","0","0","0","0","0","0","0","0"
"0x7052a17708f0","      IABS R7, R11","0","0","0","4224","135168","135168","32","32","0","-","-","-","0","0","0","0","0","0","0","0","-","0","0","0","0","0","0","0","0","0","0","0","0","0","0","0","0","0","0","0","0","0","0","0","0","0","0","0","0","0","0","0","0","0","0","0","0","0","0","0","0","0","0"
"0x7052a1770900","      LOP3.LUT R2, R197, 0x80, RZ, 0xc0, !PT","4","3","4","4224","135168","135168","32","32","0","-","-","-","0","0","0","0","0","0","0","0","-","0","0","0","0","0","0","0","0","3","0","0","0","0","0","0","0","0","0","0","0","0","0","0","1","0","0","2","0","0","0","0","0","0","0","0","0","0","0","0","0","0","1"
"0x7052a1770910","      IMAD.IADD R3, R3, 0x1, R8","0","0","0","4224","135168","135168","32","32","0","-","-","-","0","0","0","0","0","0","0","0","-","0","0","0","0","0","0","0","0","0","0","0","0","0","0","0","0","0","0","0","0","0","0","0","0","0","0","0","0","0","0","0","0","0","0","0","0","0","0","0","0","0","0"
"0x7052a1770920","      LOP3.LUT R20, R16, 0x11, RZ, 0xfc, !PT","1","0","1","4224","135168","135168","32","32","0","-","-","-","0","0","0","0","0","0","0","0","-","0","0","0","0","0","0","0","0","0","0","0","0","0","0","0","0","0","0","0","1","0","0","0","0","0","0","0","0","0","0","0","0","0","0","0","0","0","0","0","0","0","0"
"0x7052a1770930","      SHF.R.U32.HI R8, RZ, 0x1, R2","0","0","0","4224","135168","135168","32","32","0","-","-","-","0","0","0","0","0","0","0","0","-","0","0","0","0","0","0","0","0","0","0","0","0","0","0","0","0","0","0","0","0","0","0","0","0","0","0","0","0","0","0","0","0","0","0","0","0","0","0","0","0","0","0"
"0x7052a1770940","      IMAD.HI.U32 R2, R6, R7, RZ","0","0","0","4224","135168","135168","32","32","0","-","-","-","0","0","0","0","0","0","0","0","-","0","0","0","0","0","0","0","0","0","0","0","0","0","0","0","0","0","0","0","0","0","0","0","0","0","0","0","0","0","0","0","0","0","0","0","0","0","0","0","0","0","0"
"0x7052a1770950","      LOP3.LUT R22, R16, 0x18, RZ, 0xfc, !PT","0","0","0","4224","135168","135168","32","32","0","-","-","-","0","0","0","0","0","0","0","0","-","0","0","0","0","0","0","0","0","0","0","0","0","0","0","0","0","0","0","0","0","0","0","0","0","0","0","0","0","0","0","0","0","0","0","0","0","0","0","0","0","0","0"
"0x7052a1770960","      LOP3.LUT R3, R8, R3, R5, 0xfe, !PT","1","0","1","4224","135168","135168","32","32","0","-","-","-","0","0","0","0","0","0","0","0","-","0","0","0","0","0","0","0","0","0","0","0","0","0","0","0","0","0","0","1","0","0","0","0","0","0","0","0","0","0","0","0","0","0","0","0","0","0","0","0","0","0","0"
"0x7052a1770970","      IMAD.MOV R8, RZ, RZ, -R2","0","0","0","4224","135168","135168","32","32","0","-","-","-","0","0","0","0","0","0","0","0","-","0","0","0","0","0","0","0","0","0","0","0","0","0","0","0","0","0","0","0","0","0","0","0","0","0","0","0","0","0","0","0","0","0","0","0","0","0","0","0","0","0","0"
"0x7052a1770980","      LOP3.LUT R5, R5, 0x38, R14, 0xf8, !PT","1","0","1","4224","135168","135168","32","32","0","-","-","-","0","0","0","0","0","0","0","0","-","0","0","0","0","0","0","0","0","0","0","0","0","0","0","0","0","0","0","0","1","0","0","0","0","0","0","0","0","0","0","0","0","0","0","0","0","0","0","0","0","0","0"
"0x7052a1770990","      IMAD.HI.U32 R2, R6, R9, RZ","0","0","0","4224","135168","135168","32","32","0","-","-","-","0","0","0","0","0","0","0","0","-","0","0","0","0","0","0","0","0","0","0","0","0","0","0","0","0","0","0","0","0","0","0","0","0","0","0","0","0","0","0","0","0","0","0","0","0","0","0","0","0","0","0"
"0x7052a17709a0","      LOP3.LUT R14, R16, 0x10, RZ, 0xfc, !PT","0","0","0","4224","135168","135168","32","32","0","-","-","-","0","0","0","0","0","0","0","0","-","0","0","0","0","0","0","0","0","0","0","0","0","0","0","0","0","0","0","0","0","0","0","0","0","0","0","0","0","0","0","0","0","0","0","0","0","0","0","0","0","0","0"
"0x7052a17709b0","      IABS R19, R20","0","0","0","4224","135168","135168","32","32","0","-","-","-","0","0","0","0","0","0","0","0","-","0","0","0","0","0","0","0","0","0","0","0","0","0","0","0","0","0","0","0","0","0","0","0","0","0","0","0","0","0","0","0","0","0","0","0","0","0","0","0","0","0","0"
"0x7052a17709c0","      IMAD R7, R4, R8, R7","0","0","0","4224","135168","135168","32","32","0","-","-","-","0","0","0","0","0","0","0","0","-","0","0","0","0","0","0","0","0","0","0","0","0","0","0","0","0","0","0","0","0","0","0","0","0","0","0","0","0","0","0","0","0","0","0","0","0","0","0","0","0","0","0"
"0x7052a17709d0","      IABS R17, R14","0","0","0","4224","135168","135168","32","32","0","-","-","-","0","0","0","0","0","0","0","0","-","0","0","0","0","0","0","0","0","0","0","0","0","0","0","0","0","0","0","0","0","0","0","0","0","0","0","0","0","0","0","0","0","0","0","0","0","0","0","0","0","0","0"
"0x7052a17709e0","      IMAD.HI.U32 R8, R6, R15, RZ","0","0","0","4224","135168","135168","32","32","0","-","-","-","0","0","0","0","0","0","0","0","-","0","0","0","0","0","0","0","0","0","0","0","0","0","0","0","0","0","0","0","0","0","0","0","0","0","0","0","0","0","0","0","0","0","0","0","0","0","0","0","0","0","0"
"0x7052a17709f0","      ISETP.GE.AND P0, PT, R13, RZ, PT","0","0","0","4224","135168","135168","32","32","0","-","-","-","0","0","0","0","0","0","0","0","-","0","0","0","0","0","0","0","0","0","0","0","0","0","0","0","0","0","0","0","0","0","0","0","0","0","0","0","0","0","0","0","0","0","0","0","0","0","0","0","0","0","0"
"0x7052a1770a00","      ISETP.GT.U32.AND P1, PT, R4, R7, PT","4","0","4","4224","135168","135168","32","32","0","-","-","-","0","0","0","0","0","0","0","0","-","0","0","0","0","0","0","0","0","0","0","0","0","0","2","0","0","0","0","2","0","0","0","0","0","0","0","0","0","0","0","0","0","0","0","0","0","0","0","0","0","0","0"
"0x7052a1770a10","      IMAD.MOV R2, RZ, RZ, -R2","1","0","1","4224","135168","135168","32","32","0","-","-","-","0","0","0","0","0","0","0","0","-","0","0","0","0","0","0","0","0","0","0","0","0","0","0","0","0","0","0","0","1","0","0","0","0","0","0","0","0","0","0","0","0","0","0","0","0","0","0","0","0","0","0"
"0x7052a1770a20","      IABS R13, R22","0","0","0","4224","135168","135168","32","32","0","-","-","-","0","0","0","0","0","0","0","0","-","0","0","0","0","0","0","0","0","0","0","0","0","0","0","0","0","0","0","0","0","0","0","0","0","0","0","0","0","0","0","0","0","0","0","0","0","0","0","0","0","0","0"
"0x7052a1770a30","      IMAD.MOV R8, RZ, RZ, -R8","0","0","0","4224","135168","135168","32","32","0","-","-","-","0","0","0","0","0","0","0","0","-","0","0","0","0","0","0","0","0","0","0","0","0","0","0","0","0","0","0","0","0","0","0","0","0","0","0","0","0","0","0","0","0","0","0","0","0","0","0","0","0","0","0"
"0x7052a1770a40","      ISETP.GE.AND P2, PT, R11, RZ, PT","1","0","1","4224","135168","135168","32","32","0","-","-","-","0","0","0","0","0","0","0","0","-","0","0","0","0","0","0","0","0","0","0","0","0","0","0","0","0","0","0","0","1","0","0","0","0","0","0","0","0","0","0","0","0","0","0","0","0","0","0","0","0","0","0"
"0x7052a1770a50","      IMAD R9, R4, R2, R9","0","0","0","4224","135168","135168","32","32","0","-","-","-","0","0","0","0","0","0","0","0","-","0","0","0","0","0","0","0","0","0","0","0","0","0","0","0","0","0","0","0","0","0","0","0","0","0","0","0","0","0","0","0","0","0","0","0","0","0","0","0","0","0","0"
"0x7052a1770a60","      LOP3.LUT R24, R16, 0x19, RZ, 0xfc, !PT","0","0","0","4224","135168","135168","32","32","0","-","-","-","0","0","0","0","0","0","0","0","-","0","0","0","0","0","0","0","0","0","0","0","0","0","0","0","0","0","0","0","0","0","0","0","0","0","0","0","0","0","0","0","0","0","0","0","0","0","0","0","0","0","0"
"0x7052a1770a70","      IMAD R15, R4, R8, R15","0","0","0","4224","135168","135168","32","32","0","-","-","-","0","0","0","0","0","0","0","0","-","0","0","0","0","0","0","0","0","0","0","0","0","0","0","0","0","0","0","0","0","0","0","0","0","0","0","0","0","0","0","0","0","0","0","0","0","0","0","0","0","0","0"
"0x7052a1770a80","      ISETP.GE.AND P3, PT, R18, RZ, PT","1","0","1","4224","135168","135168","32","32","0","-","-","-","0","0","0","0","0","0","0","0","-","0","0","0","0","0","0","0","0","0","0","0","0","0","0","0","0","0","0","0","1","0","0","0","0","0","0","0","0","0","0","0","0","0","0","0","0","0","0","0","0","0","0"
"0x7052a1770a90","      IMAD.HI.U32 R2, R6, R17, RZ","2","0","2","4224","135168","135168","32","32","0","-","-","-","0","0","0","0","0","0","0","0","-","0","0","0","0","0","0","0","0","0","0","0","0","0","0","0","0","0","0","0","2","0","0","0","0","0","0","0","0","0","0","0","0","0","0","0","0","0","0","0","0","0","0"
"0x7052a1770aa0","      ISETP.GT.U32.AND P4, PT, R4, R9, PT","0","0","0","4224","135168","135168","32","32","0","-","-","-","0","0","0","0","0","0","0","0","-","0","0","0","0","0","0","0","0","0","0","0","0","0","0","0","0","0","0","0","0","0","0","0","0","0","0","0","0","0","0","0","0","0","0","0","0","0","0","0","0","0","0"
"0x7052a1770ab0","      ISETP.GT.U32.AND P5, PT, R4, R15, PT","2","0","2","4224","135168","135168","32","32","0","-","-","-","0","0","0","0","0","0","0","0","-","0","0","0","0","0","0","0","0","0","0","0","0","0","0","0","0","0","0","1","0","0","0","0","1","0","0","0","0","0","0","0","0","0","0","0","0","0","0","0","0","0","0"
"0x7052a1770ac0","@!P1  IMAD.IADD R7, R7, 0x1, -R4","0","0","0","4224","135168","0","32","0","0","-","-","-","0","0","0","0","0","0","0","0","-","0","0","0","0","0","0","0","0","0","0","0","0","0","0","0","0","0","0","0","0","0","0","0","0","0","0","0","0","0","0","0","0","0","0","0","0","0","0","0","0","0","0"
"0x7052a1770ad0","      IABS R23, R24","0","0","0","4224","135168","135168","32","32","0","-","-","-","0","0","0","0","0","0","0","0","-","0","0","0","0","0","0","0","0","0","0","0","0","0","0","0","0","0","0","0","0","0","0","0","0","0","0","0","0","0","0","0","0","0","0","0","0","0","0","0","0","0","0"
"0x7052a1770ae0","      IMAD.MOV R8, RZ, RZ, -R2","0","0","0","4224","135168","135168","32","32","0","-","-","-","0","0","0","0","0","0","0","0","-","0","0","0","0","0","0","0","0","0","0","0","0","0","0","0","0","0","0","0","0","0","0","0","0","0","0","0","0","0","0","0","0","0","0","0","0","0","0","0","0","0","0"
"0x7052a1770af0","      LOP3.LUT R18, R16, 0x21, RZ, 0xfc, !PT","0","0","0","4224","135168","135168","32","32","0","-","-","-","0","0","0","0","0","0","0","0","-","0","0","0","0","0","0","0","0","0","0","0","0","0","0","0","0","0","0","0","0","0","0","0","0","0","0","0","0","0","0","0","0","0","0","0","0","0","0","0","0","0","0"
"0x7052a1770b00","      IMAD.HI.U32 R2, R6, R19, RZ","1","0","1","4224","135168","135168","32","32","0","-","-","-","0","0","0","0","0","0","0","0","-","0","0","0","0","0","0","0","0","0","0","0","0","0","0","0","0","0","0","0","1","0","0","0","0","0","0","0","0","0","0","0","0","0","0","0","0","0","0","0","0","0","0"
"0x7052a1770b10","      ISETP.GT.U32.AND P1, PT, R4, R7, PT","1","0","1","4224","135168","135168","32","32","0","-","-","-","0","0","0","0","0","0","0","0","-","0","0","0","0","0","0","0","0","0","0","0","0","0","0","0","0","0","0","0","1","0","0","0","0","0","0","0","0","0","0","0","0","0","0","0","0","0","0","0","0","0","0"
"0x7052a1770b20","      IABS R27, R18","2","1","2","4224","135168","135168","32","32","0","-","-","-","0","0","0","0","0","0","0","0","-","0","0","0","0","0","0","0","0","1","0","0","0","0","0","0","0","0","0","1","0","0","0","0","0","0","0","1","0","0","0","0","0","0","0","0","0","0","0","0","0","0","0"
"0x7052a1770b30","      IMAD R17, R4, R8, R17","0","0","0","4224","135168","135168","32","32","0","-","-","-","0","0","0","0","0","0","0","0","-","0","0","0","0","0","0","0","0","0","0","0","0","0","0","0","0","0","0","0","0","0","0","0","0","0","0","0","0","0","0","0","0","0","0","0","0","0","0","0","0","0","0"
"0x7052a1770b40","      LOP3.LUT R26, R16, 0x58, RZ, 0xfc, !PT","0","0","0","4224","135168","135168","32","32","0","-","-","-","0","0","0","0","0","0","0","0","-","0","0","0","0","0","0","0","0","0","0","0","0","0","0","0","0","0","0","0","0","0","0","0","0","0","0","0","0","0","0","0","0","0","0","0","0","0","0","0","0","0","0"
"0x7052a1770b50","@!P4  IMAD.IADD R9, R9, 0x1, -R4","0","0","0","4224","135168","0","32","0","0","-","-","-","0","0","0","0","0","0","0","0","-","0","0","0","0","0","0","0","0","0","0","0","0","0","0","0","0","0","0","0","0","0","0","0","0","0","0","0","0","0","0","0","0","0","0","0","0","0","0","0","0","0","0"
"0x7052a1770b60","@!P5  IMAD.IADD R15, R15, 0x1, -R4","1","0","1","4224","135168","0","32","0","0","-","-","-","0","0","0","0","0","0","0","0","-","0","0","0","0","0","0","0","0","0","0","0","0","0","0","0","0","0","0","1","0","0","0","0","0","0","0","0","0","0","0","0","0","0","0","0","0","0","0","0","0","0","0"
"0x7052a1770b70","      ISETP.GT.U32.AND P4, PT, R4, R17, PT","1","0","1","4224","135168","135168","32","32","0","-","-","-","0","0","0","0","0","0","0","0","-","0","0","0","0","0","0","0","0","1","0","0","0","0","0","0","0","0","0","0","0","0","0","0","0","0","0","0","0","0","0","0","0","0","0","0","0","0","0","0","0","0","0"
"0x7052a1770b80","      IMAD.HI.U32 R8, R6, R13, RZ","0","0","0","4224","135168","135168","32","32","0","-","-","-","0","0","0","0","0","0","0","0","-","0","0","0","0","0","0","0","0","0","0","0","0","0","0","0","0","0","0","0","0","0","0","0","0","0","0","0","0","0","0","0","0","0","0","0","0","0","0","0","0","0","0"
"0x7052a1770b90","      ISETP.GT.U32.AND P5, PT, R4, R9, PT","0","0","0","4224","135168","135168","32","32","0","-","-","-","0","0","0","0","0","0","0","0","-","0","0","0","0","0","0","0","0","0","0","0","0","0","0","0","0","0","0","0","0","0","0","0","0","0","0","0","0","0","0","0","0","0","0","0","0","0","0","0","0","0","0"
"0x7052a1770ba0","      ISETP.GT.U32.AND P6, PT, R4, R15, PT","0","0","0","4224","135168","135168","32","32","0","-","-","-","0","0","0","0","0","0","0","0","-","0","0","0","0","0","0","0","0","0","0","0","0","0","0","0","0","0","0","0","0","0","0","0","0","0","0","0","0","0","0","0","0","0","0","0","0","0","0","0","0","0","0"
"0x7052a1770bb0","      IMAD.MOV R2, RZ, RZ, -R2","0","0","0","4224","135168","135168","32","32","0","-","-","-","0","0","0","0","0","0","0","0","-","0","0","0","0","0","0","0","0","0","0","0","0","0","0","0","0","0","0","0","0","0","0","0","0","0","0","0","0","0","0","0","0","0","0","0","0","0","0","0","0","0","0"
"0x7052a1770bc0","      IABS R53, R26","1","0","1","4224","135168","135168","32","32","0","-","-","-","0","0","0","0","0","0","0","0","-","0","0","0","0","0","0","0","0","1","0","0","0","0","0","0","0","0","0","0","0","0","0","0","0","0","0","0","0","0","0","0","0","0","0","0","0","0","0","0","0","0","0"
"0x7052a1770bd0","@!P1  IMAD.IADD R7, R7, 0x1, -R4","0","0","0","4224","135168","0","32","0","0","-","-","-","0","0","0","0","0","0","0","0","-","0","0","0","0","0","0","0","0","0","0","0","0","0","0","0","0","0","0","0","0","0","0","0","0","0","0","0","0","0","0","0","0","0","0","0","0","0","0","0","0","0","0"
"0x7052a1770be0","      IMAD.MOV R8, RZ, RZ, -R8","2","0","2","4224","135168","135168","32","32","0","-","-","-","0","0","0","0","0","0","0","0","-","0","0","0","0","0","0","0","0","0","0","0","0","0","0","0","0","0","0","1","1","0","0","0","0","0","0","0","0","0","0","0","0","0","0","0","0","0","0","0","0","0","0"
"0x7052a1770bf0","      IMAD R19, R4, R2, R19","1","1","1","4224","135168","135168","32","32","0","-","-","-","0","0","0","0","0","0","0","0","-","0","0","0","0","0","0","0","0","0","0","0","0","0","0","0","0","0","0","0","0","0","0","0","1","0","0","0","0","0","0","0","0","0","0","0","0","0","0","0","0","0","1"
"0x7052a1770c00","      IMAD.MOV.U32 R11, RZ, RZ, R7","0","0","0","4224","135168","135168","32","32","0","-","-","-","0","0","0","0","0","0","0","0","-","0","0","0","0","0","0","0","0","0","0","0","0","0","0","0","0","0","0","0","0","0","0","0","0","0","0","0","0","0","0","0","0","0","0","0","0","0","0","0","0","0","0"
"0x7052a1770c10","      IMAD R7, R4, R8, R13","0","0","0","4224","135168","135168","32","32","0","-","-","-","0","0","0","0","0","0","0","0","-","0","0","0","0","0","0","0","0","0","0","0","0","0","0","0","0","0","0","0","0","0","0","0","0","0","0","0","0","0","0","0","0","0","0","0","0","0","0","0","0","0","0"
"0x7052a1770c20","      ISETP.GT.U32.AND P1, PT, R4, R19, PT","1","0","1","4224","135168","135168","32","32","0","-","-","-","0","0","0","0","0","0","0","0","-","0","0","0","0","0","0","0","0","0","0","0","0","0","0","0","0","0","0","0","1","0","0","0","0","0","0","0","0","0","0","0","0","0","0","0","0","0","0","0","0","0","0"
"0x7052a1770c30","@!P5  IMAD.IADD R9, R9, 0x1, -R4","0","0","0","4224","135168","0","32","0","0","-","-","-","0","0","0","0","0","0","0","0","-","0","0","0","0","0","0","0","0","0","0","0","0","0","0","0","0","0","0","0","0","0","0","0","0","0","0","0","0","0","0","0","0","0","0","0","0","0","0","0","0","0","0"
"0x7052a1770c40","@!P2  IMAD.MOV R11, RZ, RZ, -R11","1","0","1","4224","135168","0","32","0","0","-","-","-","0","0","0","0","0","0","0","0","-","0","0","0","0","0","0","0","0","0","0","0","0","0","0","0","0","0","0","0","1","0","0","0","0","0","0","0","0","0","0","0","0","0","0","0","0","0","0","0","0","0","0"
"0x7052a1770c50","      ISETP.GT.U32.AND P5, PT, R4, R7, PT","0","0","0","4224","135168","135168","32","32","0","-","-","-","0","0","0","0","0","0","0","0","-","0","0","0","0","0","0","0","0","0","0","0","0","0","0","0","0","0","0","0","0","0","0","0","0","0","0","0","0","0","0","0","0","0","0","0","0","0","0","0","0","0","0"
"0x7052a1770c60","@!P4  IMAD.IADD R17, R17, 0x1, -R4","0","0","0","4224","135168","0","32","0","0","-","-","-","0","0","0","0","0","0","0","0","-","0","0","0","0","0","0","0","0","0","0","0","0","0","0","0","0","0","0","0","0","0","0","0","0","0","0","0","0","0","0","0","0","0","0","0","0","0","0","0","0","0","0"
"0x7052a1770c70","      ISETP.GE.AND P2, PT, R14, RZ, PT","0","0","0","4224","135168","135168","32","32","0","-","-","-","0","0","0","0","0","0","0","0","-","0","0","0","0","0","0","0","0","0","0","0","0","0","0","0","0","0","0","0","0","0","0","0","0","0","0","0","0","0","0","0","0","0","0","0","0","0","0","0","0","0","0"
"0x7052a1770c80","      IMAD.HI.U32 R2, R6, R23, RZ","1","0","1","4224","135168","135168","32","32","0","-","-","-","0","0","0","0","0","0","0","0","-","0","0","0","0","0","0","0","0","0","0","0","0","0","0","0","0","0","0","0","1","0","0","0","0","0","0","0","0","0","0","0","0","0","0","0","0","0","0","0","0","0","0"
"0x7052a1770c90","      LOP3.LUT R14, R16, 0x20, RZ, 0xfc, !PT","0","0","0","4224","135168","135168","32","32","0","-","-","-","0","0","0","0","0","0","0","0","-","0","0","0","0","0","0","0","0","0","0","0","0","0","0","0","0","0","0","0","0","0","0","0","0","0","0","0","0","0","0","0","0","0","0","0","0","0","0","0","0","0","0"
"0x7052a1770ca0","      ISETP.GE.AND P4, PT, R22, RZ, PT","3","0","3","4224","135168","135168","32","32","0","-","-","-","0","0","0","0","0","0","0","0","-","0","0","0","0","0","0","0","0","1","0","0","0","0","0","0","0","0","0","2","0","0","0","0","0","0","0","0","0","0","0","0","0","0","0","0","0","0","0","0","0","0","0"
"0x7052a1770cb0","      IMAD.MOV R2, RZ, RZ, -R2","0","0","0","4224","135168","135168","32","32","0","-","-","-","0","0","0","0","0","0","0","0","-","0","0","0","0","0","0","0","0","0","0","0","0","0","0","0","0","0","0","0","0","0","0","0","0","0","0","0","0","0","0","0","0","0","0","0","0","0","0","0","0","0","0"
"0x7052a1770cc0","      IABS R21, R14","0","0","0","4224","135168","135168","32","32","0","-","-","-","0","0","0","0","0","0","0","0","-","0","0","0","0","0","0","0","0","0","0","0","0","0","0","0","0","0","0","0","0","0","0","0","0","0","0","0","0","0","0","0","0","0","0","0","0","0","0","0","0","0","0"
"0x7052a1770cd0","@!P1  IMAD.IADD R19, R19, 0x1, -R4","0","0","0","4224","135168","0","32","0","0","-","-","-","0","0","0","0","0","0","0","0","-","0","0","0","0","0","0","0","0","0","0","0","0","0","0","0","0","0","0","0","0","0","0","0","0","0","0","0","0","0","0","0","0","0","0","0","0","0","0","0","0","0","0"
"0x7052a1770ce0","      ISETP.GT.U32.AND P1, PT, R4, R17, PT","0","0","0","4224","135168","135168","32","32","0","-","-","-","0","0","0","0","0","0","0","0","-","0","0","0","0","0","0","0","0","0","0","0","0","0","0","0","0","0","0","0","0","0","0","0","0","0","0","0","0","0","0","0","0","0","0","0","0","0","0","0","0","0","0"
"0x7052a1770cf0","      IMAD R23, R4, R2, R23","0","0","0","4224","135168","135168","32","32","0","-","-","-","0","0","0","0","0","0","0","0","-","0","0","0","0","0","0","0","0","0","0","0","0","0","0","0","0","0","0","0","0","0","0","0","0","0","0","0","0","0","0","0","0","0","0","0","0","0","0","0","0","0","0"
"0x7052a1770d00","      LOP3.LUT R22, R16, 0x29, RZ, 0xfc, !PT","0","0","0","4224","135168","135168","32","32","0","-","-","-","0","0","0","0","0","0","0","0","-","0","0","0","0","0","0","0","0","0","0","0","0","0","0","0","0","0","0","0","0","0","0","0","0","0","0","0","0","0","0","0","0","0","0","0","0","0","0","0","0","0","0"
"0x7052a1770d10","@!P5  IMAD.IADD R7, R7, 0x1, -R4","1","0","1","4224","135168","0","32","0","0","-","-","-","0","0","0","0","0","0","0","0","-","0","0","0","0","0","0","0","0","0","0","0","0","0","0","0","0","0","0","0","1","0","0","0","0","0","0","0","0","0","0","0","0","0","0","0","0","0","0","0","0","0","0"
"0x7052a1770d20","      ISETP.GT.U32.AND P5, PT, R4, R19, PT","0","0","0","4224","135168","135168","32","32","0","-","-","-","0","0","0","0","0","0","0","0","-","0","0","0","0","0","0","0","0","0","0","0","0","0","0","0","0","0","0","0","0","0","0","0","0","0","0","0","0","0","0","0","0","0","0","0","0","0","0","0","0","0","0"
"0x7052a1770d30","      IMAD.HI.U32 R2, R6, R21, RZ","0","0","0","4224","135168","135168","32","32","0","-","-","-","0","0","0","0","0","0","0","0","-","0","0","0","0","0","0","0","0","0","0","0","0","0","0","0","0","0","0","0","0","0","0","0","0","0","0","0","0","0","0","0","0","0","0","0","0","0","0","0","0","0","0"
"0x7052a1770d40","      IABS R31, R22","1","0","1","4224","135168","135168","32","32","0","-","-","-","0","0","0","0","0","0","0","0","-","0","0","0","0","0","0","0","0","0","0","0","0","0","0","0","0","0","0","0","1","0","0","0","0","0","0","0","0","0","0","0","0","0","0","0","0","0","0","0","0","0","0"
"0x7052a1770d50","      IMAD.MOV R2, RZ, RZ, -R2","5","1","5","4224","135168","135168","32","32","0","-","-","-","0","0","0","0","0","0","0","0","-","0","0","0","0","0","0","0","0","0","0","0","0","0","2","0","0","0","0","1","2","0","0","0","0","0","0","0","0","0","0","0","1","0","0","0","0","0","0","0","0","0","0"
"0x7052a1770d60","      IMAD.MOV.U32 R13, RZ, RZ, R9","1","0","1","4224","135168","135168","32","32","0","-","-","-","0","0","0","0","0","0","0","0","-","0","0","0","0","0","0","0","0","0","0","0","0","0","0","0","0","0","0","0","0","0","0","0","1","0","0","0","0","0","0","0","0","0","0","0","0","0","0","0","0","0","0"
"0x7052a1770d70","@!P1  IMAD.IADD R17, R17, 0x1, -R4","1","0","1","4224","135168","0","32","0","0","-","-","-","0","0","0","0","0","0","0","0","-","0","0","0","0","0","0","0","0","0","0","0","0","0","0","0","0","0","0","0","0","0","0","0","1","0","0","0","0","0","0","0","0","0","0","0","0","0","0","0","0","0","0"
"0x7052a1770d80","      ISETP.GT.U32.AND P1, PT, R4, R23, PT","1","0","1","4224","135168","135168","32","32","0","-","-","-","0","0","0","0","0","0","0","0","-","0","0","0","0","0","0","0","0","0","0","0","0","0","0","0","0","0","0","0","1","0","0","0","0","0","0","0","0","0","0","0","0","0","0","0","0","0","0","0","0","0","0"
"0x7052a1770d90","      IMAD R9, R4, R2, R21","0","0","0","4224","135168","135168","32","32","0","-","-","-","0","0","0","0","0","0","0","0","-","0","0","0","0","0","0","0","0","0","0","0","0","0","0","0","0","0","0","0","0","0","0","0","0","0","0","0","0","0","0","0","0","0","0","0","0","0","0","0","0","0","0"
"0x7052a1770da0","@!P5  IMAD.IADD R19, R19, 0x1, -R4","1","0","1","4224","135168","0","32","0","0","-","-","-","0","0","0","0","0","0","0","0","-","0","0","0","0","0","0","0","0","0","0","0","0","0","0","0","0","0","0","0","1","0","0","0","0","0","0","0","0","0","0","0","0","0","0","0","0","0","0","0","0","0","0"
"0x7052a1770db0","@!P0  IMAD.MOV R13, RZ, RZ, -R13","1","0","1","4224","135168","0","32","0","0","-","-","-","0","0","0","0","0","0","0","0","-","0","0","0","0","0","0","0","0","0","0","0","0","0","0","0","0","0","0","0","0","0","0","0","1","0","0","0","0","0","0","0","0","0","0","0","0","0","0","0","0","0","0"
"0x7052a1770dc0","      ISETP.GT.U32.AND P5, PT, R4, R9, PT","1","0","1","4224","135168","135168","32","32","0","-","-","-","0","0","0","0","0","0","0","0","-","0","0","0","0","0","0","0","0","0","0","0","0","0","0","0","0","0","0","0","1","0","0","0","0","0","0","0","0","0","0","0","0","0","0","0","0","0","0","0","0","0","0"
"0x7052a1770dd0","      IMAD.HI.U32 R2, R6, R27, RZ","1","0","1","4224","135168","135168","32","32","0","-","-","-","0","0","0","0","0","0","0","0","-","0","0","0","0","0","0","0","0","0","0","0","0","0","0","0","0","0","0","0","1","0","0","0","0","0","0","0","0","0","0","0","0","0","0","0","0","0","0","0","0","0","0"
"0x7052a1770de0","      ISETP.GT.U32.AND P0, PT, R4, R7, PT","0","0","0","4224","135168","135168","32","32","0","-","-","-","0","0","0","0","0","0","0","0","-","0","0","0","0","0","0","0","0","0","0","0","0","0","0","0","0","0","0","0","0","0","0","0","0","0","0","0","0","0","0","0","0","0","0","0","0","0","0","0","0","0","0"
"0x7052a1770df0","@!P6  IMAD.IADD R15, R15, 0x1, -R4","0","0","0","4224","135168","0","32","0","0","-","-","-","0","0","0","0","0","0","0","0","-","0","0","0","0","0","0","0","0","0","0","0","0","0","0","0","0","0","0","0","0","0","0","0","0","0","0","0","0","0","0","0","0","0","0","0","0","0","0","0","0","0","0"
"0x7052a1770e00","      ISETP.GE.AND P6, PT, R20, RZ, PT","1","0","1","4224","135168","135168","32","32","0","-","-","-","0","0","0","0","0","0","0","0","-","0","0","0","0","0","0","0","0","0","0","0","0","0","0","0","0","0","0","0","1","0","0","0","0","0","0","0","0","0","0","0","0","0","0","0","0","0","0","0","0","0","0"
"0x7052a1770e10","@!P1  IMAD.IADD R23, R23, 0x1, -R4","0","0","0","4224","135168","0","32","0","0","-","-","-","0","0","0","0","0","0","0","0","-","0","0","0","0","0","0","0","0","0","0","0","0","0","0","0","0","0","0","0","0","0","0","0","0","0","0","0","0","0","0","0","0","0","0","0","0","0","0","0","0","0","0"
"0x7052a1770e20","      LOP3.LUT R20, R16, 0x28, RZ, 0xfc, !PT","0","0","0","4224","135168","135168","32","32","0","-","-","-","0","0","0","0","0","0","0","0","-","0","0","0","0","0","0","0","0","0","0","0","0","0","0","0","0","0","0","0","0","0","0","0","0","0","0","0","0","0","0","0","0","0","0","0","0","0","0","0","0","0","0"
"0x7052a1770e30","      IMAD.MOV R8, RZ, RZ, -R2","0","0","0","4224","135168","135168","32","32","0","-","-","-","0","0","0","0","0","0","0","0","-","0","0","0","0","0","0","0","0","0","0","0","0","0","0","0","0","0","0","0","0","0","0","0","0","0","0","0","0","0","0","0","0","0","0","0","0","0","0","0","0","0","0"
"0x7052a1770e40","      ISETP.GE.AND P1, PT, R14, RZ, PT","0","0","0","4224","135168","135168","32","32","0","-","-","-","0","0","0","0","0","0","0","0","-","0","0","0","0","0","0","0","0","0","0","0","0","0","0","0","0","0","0","0","0","0","0","0","0","0","0","0","0","0","0","0","0","0","0","0","0","0","0","0","0","0","0"
"0x7052a1770e50","@!P3  IMAD.MOV R15, RZ, RZ, -R15","0","0","0","4224","135168","0","32","0","0","-","-","-","0","0","0","0","0","0","0","0","-","0","0","0","0","0","0","0","0","0","0","0","0","0","0","0","0","0","0","0","0","0","0","0","0","0","0","0","0","0","0","0","0","0","0","0","0","0","0","0","0","0","0"
"0x7052a1770e60","      IABS R25, R20","0","0","0","4224","135168","135168","32","32","0","-","-","-","0","0","0","0","0","0","0","0","-","0","0","0","0","0","0","0","0","0","0","0","0","0","0","0","0","0","0","0","0","0","0","0","0","0","0","0","0","0","0","0","0","0","0","0","0","0","0","0","0","0","0"
"0x7052a1770e70","@!P5  IMAD.IADD R9, R9, 0x1, -R4","0","0","0","4224","135168","0","32","0","0","-","-","-","0","0","0","0","0","0","0","0","-","0","0","0","0","0","0","0","0","0","0","0","0","0","0","0","0","0","0","0","0","0","0","0","0","0","0","0","0","0","0","0","0","0","0","0","0","0","0","0","0","0","0"
"0x7052a1770e80","      ISETP.GT.U32.AND P5, PT, R4, R23, PT","0","0","0","4224","135168","135168","32","32","0","-","-","-","0","0","0","0","0","0","0","0","-","0","0","0","0","0","0","0","0","0","0","0","0","0","0","0","0","0","0","0","0","0","0","0","0","0","0","0","0","0","0","0","0","0","0","0","0","0","0","0","0","0","0"
"0x7052a1770e90","@!P0  IMAD.IADD R7, R7, 0x1, -R4","0","0","0","4224","135168","0","32","0","0","-","-","-","0","0","0","0","0","0","0","0","-","0","0","0","0","0","0","0","0","0","0","0","0","0","0","0","0","0","0","0","0","0","0","0","0","0","0","0","0","0","0","0","0","0","0","0","0","0","0","0","0","0","0"
"0x7052a1770ea0","      ISETP.GE.AND P0, PT, R24, RZ, PT","0","0","0","4224","135168","135168","32","32","0","-","-","-","0","0","0","0","0","0","0","0","-","0","0","0","0","0","0","0","0","0","0","0","0","0","0","0","0","0","0","0","0","0","0","0","0","0","0","0","0","0","0","0","0","0","0","0","0","0","0","0","0","0","0"
"0x7052a1770eb0","      IMAD R27, R4, R8, R27","0","0","0","4224","135168","135168","32","32","0","-","-","-","0","0","0","0","0","0","0","0","-","0","0","0","0","0","0","0","0","0","0","0","0","0","0","0","0","0","0","0","0","0","0","0","0","0","0","0","0","0","0","0","0","0","0","0","0","0","0","0","0","0","0"
"0x7052a1770ec0","      ISETP.GT.U32.AND P3, PT, R4, R9, PT","0","0","0","4224","135168","135168","32","32","0","-","-","-","0","0","0","0","0","0","0","0","-","0","0","0","0","0","0","0","0","0","0","0","0","0","0","0","0","0","0","0","0","0","0","0","0","0","0","0","0","0","0","0","0","0","0","0","0","0","0","0","0","0","0"
"0x7052a1770ed0","      IMAD.HI.U32 R8, R6, R31, RZ","0","0","0","4224","135168","135168","32","32","0","-","-","-","0","0","0","0","0","0","0","0","-","0","0","0","0","0","0","0","0","0","0","0","0","0","0","0","0","0","0","0","0","0","0","0","0","0","0","0","0","0","0","0","0","0","0","0","0","0","0","0","0","0","0"
"0x7052a1770ee0","      LOP3.LUT R14, R16, 0x30, RZ, 0xfc, !PT","0","0","0","4224","135168","135168","32","32","0","-","-","-","0","0","0","0","0","0","0","0","-","0","0","0","0","0","0","0","0","0","0","0","0","0","0","0","0","0","0","0","0","0","0","0","0","0","0","0","0","0","0","0","0","0","0","0","0","0","0","0","0","0","0"
"0x7052a1770ef0","      LOP3.LUT R24, R16, 0x51, RZ, 0xfc, !PT","2","1","2","4224","135168","135168","32","32","0","-","-","-","0","0","0","0","0","0","0","0","-","0","0","0","0","0","0","0","0","1","0","0","0","0","0","0","0","0","0","1","0","0","0","0","0","0","0","1","0","0","0","0","0","0","0","0","0","0","0","0","0","0","0"
"0x7052a1770f00","      IMAD.HI.U32 R2, R6, R25, RZ","0","0","0","4224","135168","135168","32","32","0","-","-","-","0","0","0","0","0","0","0","0","-","0","0","0","0","0","0","0","0","0","0","0","0","0","0","0","0","0","0","0","0","0","0","0","0","0","0","0","0","0","0","0","0","0","0","0","0","0","0","0","0","0","0"
"0x7052a1770f10","      IABS R29, R14","0","0","0","4224","135168","135168","32","32","0","-","-","-","0","0","0","0","0","0","0","0","-","0","0","0","0","0","0","0","0","0","0","0","0","0","0","0","0","0","0","0","0","0","0","0","0","0","0","0","0","0","0","0","0","0","0","0","0","0","0","0","0","0","0"
"0x7052a1770f20","      IABS R51, R24","1","0","1","4224","135168","135168","32","32","0","-","-","-","0","0","0","0","0","0","0","0","-","0","0","0","0","0","0","0","0","0","0","0","0","0","0","0","0","0","0","0","1","0","0","0","0","0","0","0","0","0","0","0","0","0","0","0","0","0","0","0","0","0","0"
"0x7052a1770f30","      IMAD.MOV R8, RZ, RZ, -R8","0","0","0","4224","135168","135168","32","32","0","-","-","-","0","0","0","0","0","0","0","0","-","0","0","0","0","0","0","0","0","0","0","0","0","0","0","0","0","0","0","0","0","0","0","0","0","0","0","0","0","0","0","0","0","0","0","0","0","0","0","0","0","0","0"
"0x7052a1770f40","      IMAD.MOV R2, RZ, RZ, -R2","1","0","1","4224","135168","135168","32","32","0","-","-","-","0","0","0","0","0","0","0","0","-","0","0","0","0","0","0","0","0","0","0","0","0","0","0","0","0","0","0","0","1","0","0","0","0","0","0","0","0","0","0","0","0","0","0","0","0","0","0","0","0","0","0"
"0x7052a1770f50","@!P5  IMAD.IADD R23, R23, 0x1, -R4","1","0","1","4224","135168","0","32","0","0","-","-","-","0","0","0","0","0","0","0","0","-","0","0","0","0","0","0","0","0","0","0","0","0","0","0","0","0","0","0","0","1","0","0","0","0","0","0","0","0","0","0","0","0","0","0","0","0","0","0","0","0","0","0"
"0x7052a1770f60","      ISETP.GE.AND P5, PT, R22, RZ, PT","0","0","0","4224","135168","135168","32","32","0","-","-","-","0","0","0","0","0","0","0","0","-","0","0","0","0","0","0","0","0","0","0","0","0","0","0","0","0","0","0","0","0","0","0","0","0","0","0","0","0","0","0","0","0","0","0","0","0","0","0","0","0","0","0"
"0x7052a1770f70","      IMAD R31, R4, R8, R31","0","0","0","4224","135168","135168","32","32","0","-","-","-","0","0","0","0","0","0","0","0","-","0","0","0","0","0","0","0","0","0","0","0","0","0","0","0","0","0","0","0","0","0","0","0","0","0","0","0","0","0","0","0","0","0","0","0","0","0","0","0","0","0","0"
"0x7052a1770f80","      LOP3.LUT R8, R16, 0x31, RZ, 0xfc, !PT","0","0","0","4224","135168","135168","32","32","0","-","-","-","0","0","0","0","0","0","0","0","-","0","0","0","0","0","0","0","0","0","0","0","0","0","0","0","0","0","0","0","0","0","0","0","0","0","0","0","0","0","0","0","0","0","0","0","0","0","0","0","0","0","0"
"0x7052a1770f90","      IMAD.MOV.U32 R21, RZ, RZ, R7","0","0","0","4224","135168","135168","32","32","0","-","-","-","0","0","0","0","0","0","0","0","-","0","0","0","0","0","0","0","0","0","0","0","0","0","0","0","0","0","0","0","0","0","0","0","0","0","0","0","0","0","0","0","0","0","0","0","0","0","0","0","0","0","0"
"0x7052a1770fa0","      LOP3.LUT R22, R16, 0x50, RZ, 0xfc, !PT","0","0","0","4224","135168","135168","32","32","0","-","-","-","0","0","0","0","0","0","0","0","-","0","0","0","0","0","0","0","0","0","0","0","0","0","0","0","0","0","0","0","0","0","0","0","0","0","0","0","0","0","0","0","0","0","0","0","0","0","0","0","0","0","0"
"0x7052a1770fb0","@!P2  IMAD.MOV R17, RZ, RZ, -R17","0","0","0","4224","135168","0","32","0","0","-","-","-","0","0","0","0","0","0","0","0","-","0","0","0","0","0","0","0","0","0","0","0","0","0","0","0","0","0","0","0","0","0","0","0","0","0","0","0","0","0","0","0","0","0","0","0","0","0","0","0","0","0","0"
"0x7052a1770fc0","      ISETP.GT.U32.AND P2, PT, R4, R27, PT","0","0","0","4224","135168","135168","32","32","0","-","-","-","0","0","0","0","0","0","0","0","-","0","0","0","0","0","0","0","0","0","0","0","0","0","0","0","0","0","0","0","0","0","0","0","0","0","0","0","0","0","0","0","0","0","0","0","0","0","0","0","0","0","0"
"0x7052a1770fd0","      IMAD R7, R4, R2, R25","0","0","0","4224","135168","135168","32","32","0","-","-","-","0","0","0","0","0","0","0","0","-","0","0","0","0","0","0","0","0","0","0","0","0","0","0","0","0","0","0","0","0","0","0","0","0","0","0","0","0","0","0","0","0","0","0","0","0","0","0","0","0","0","0"
"0x7052a1770fe0","      IABS R35, R8","0","0","0","4224","135168","135168","32","32","0","-","-","-","0","0","0","0","0","0","0","0","-","0","0","0","0","0","0","0","0","0","0","0","0","0","0","0","0","0","0","0","0","0","0","0","0","0","0","0","0","0","0","0","0","0","0","0","0","0","0","0","0","0","0"
"0x7052a1770ff0","@!P0  IMAD.MOV R23, RZ, RZ, -R23","0","0","0","4224","135168","0","32","0","0","-","-","-","0","0","0","0","0","0","0","0","-","0","0","0","0","0","0","0","0","0","0","0","0","0","0","0","0","0","0","0","0","0","0","0","0","0","0","0","0","0","0","0","0","0","0","0","0","0","0","0","0","0","0"
"0x7052a1771000","      ISETP.GT.U32.AND P0, PT, R4, R31, PT","0","0","0","4224","135168","135168","32","32","0","-","-","-","0","0","0","0","0","0","0","0","-","0","0","0","0","0","0","0","0","0","0","0","0","0","0","0","0","0","0","0","0","0","0","0","0","0","0","0","0","0","0","0","0","0","0","0","0","0","0","0","0","0","0"
"0x7052a1771010","@!P3  IMAD.IADD R9, R9, 0x1, -R4","0","0","0","4224","135168","0","32","0","0","-","-","-","0","0","0","0","0","0","0","0","-","0","0","0","0","0","0","0","0","0","0","0","0","0","0","0","0","0","0","0","0","0","0","0","0","0","0","0","0","0","0","0","0","0","0","0","0","0","0","0","0","0","0"
"0x7052a1771020","      ISETP.GT.U32.AND P3, PT, R4, R7, PT","0","0","0","4224","135168","135168","32","32","0","-","-","-","0","0","0","0","0","0","0","0","-","0","0","0","0","0","0","0","0","0","0","0","0","0","0","0","0","0","0","0","0","0","0","0","0","0","0","0","0","0","0","0","0","0","0","0","0","0","0","0","0","0","0"
"0x7052a1771030","      IMAD.HI.U32 R2, R6, R29, RZ","0","0","0","4224","135168","135168","32","32","0","-","-","-","0","0","0","0","0","0","0","0","-","0","0","0","0","0","0","0","0","0","0","0","0","0","0","0","0","0","0","0","0","0","0","0","0","0","0","0","0","0","0","0","0","0","0","0","0","0","0","0","0","0","0"
"0x7052a1771040","      IABS R49, R22","0","0","0","4224","135168","135168","32","32","0","-","-","-","0","0","0","0","0","0","0","0","-","0","0","0","0","0","0","0","0","0","0","0","0","0","0","0","0","0","0","0","0","0","0","0","0","0","0","0","0","0","0","0","0","0","0","0","0","0","0","0","0","0","0"
"0x7052a1771050","      IMAD.MOV.U32 R25, RZ, RZ, R9","5","1","5","4224","135168","135168","32","32","0","-","-","-","0","0","0","0","0","0","0","0","-","0","0","0","0","0","0","0","0","0","0","0","0","0","4","0","0","0","0","0","1","0","0","0","0","0","0","0","0","0","0","0","1","0","0","0","0","0","0","0","0","0","0"
"0x7052a1771060","@!P2  IMAD.IADD R27, R27, 0x1, -R4","4","1","4","4224","135168","0","32","0","0","-","-","-","0","0","0","0","0","0","0","0","-","0","0","0","0","0","0","0","0","0","0","0","0","0","3","0","0","0","0","0","1","0","0","0","0","0","0","0","0","0","0","0","1","0","0","0","0","0","0","0","0","0","0"
"0x7052a1771070","      IMAD.MOV R9, RZ, RZ, -R2","0","0","0","4224","135168","135168","32","32","0","-","-","-","0","0","0","0","0","0","0","0","-","0","0","0","0","0","0","0","0","0","0","0","0","0","0","0","0","0","0","0","0","0","0","0","0","0","0","0","0","0","0","0","0","0","0","0","0","0","0","0","0","0","0"
"0x7052a1771080","@!P0  IMAD.IADD R31, R31, 0x1, -R4","0","0","0","4224","135168","0","32","0","0","-","-","-","0","0","0","0","0","0","0","0","-","0","0","0","0","0","0","0","0","0","0","0","0","0","0","0","0","0","0","0","0","0","0","0","0","0","0","0","0","0","0","0","0","0","0","0","0","0","0","0","0","0","0"
"0x7052a1771090","      ISETP.GT.U32.AND P2, PT, R4, R27, PT","1","0","1","4224","135168","135168","32","32","0","-","-","-","0","0","0","0","0","0","0","0","-","0","0","0","0","0","0","0","0","0","0","0","0","0","0","0","0","0","0","0","1","0","0","0","0","0","0","0","0","0","0","0","0","0","0","0","0","0","0","0","0","0","0"
"0x7052a17710a0","@!P3  IMAD.IADD R7, R7, 0x1, -R4","0","0","0","4224","135168","0","32","0","0","-","-","-","0","0","0","0","0","0","0","0","-","0","0","0","0","0","0","0","0","0","0","0","0","0","0","0","0","0","0","0","0","0","0","0","0","0","0","0","0","0","0","0","0","0","0","0","0","0","0","0","0","0","0"
"0x7052a17710b0","      IMAD.HI.U32 R2, R6, R35, RZ","0","0","0","4224","135168","135168","32","32","0","-","-","-","0","0","0","0","0","0","0","0","-","0","0","0","0","0","0","0","0","0","0","0","0","0","0","0","0","0","0","0","0","0","0","0","0","0","0","0","0","0","0","0","0","0","0","0","0","0","0","0","0","0","0"
"0x7052a17710c0","      ISETP.GT.U32.AND P0, PT, R4, R31, PT","1","0","1","4224","135168","135168","32","32","0","-","-","-","0","0","0","0","0","0","0","0","-","0","0","0","0","0","0","0","0","0","0","0","0","0","0","0","0","0","0","0","1","0","0","0","0","0","0","0","0","0","0","0","0","0","0","0","0","0","0","0","0","0","0"
"0x7052a17710d0","      ISETP.GT.U32.AND P3, PT, R4, R7, PT","3","0","3","4224","135168","135168","32","32","0","-","-","-","0","0","0","0","0","0","0","0","-","0","0","0","0","0","0","0","0","0","0","0","0","0","1","0","0","0","0","1","1","0","0","0","0","0","0","0","0","0","0","0","0","0","0","0","0","0","0","0","0","0","0"
"0x7052a17710e0","@!P6  IMAD.MOV R19, RZ, RZ, -R19","0","0","0","4224","135168","0","32","0","0","-","-","-","0","0","0","0","0","0","0","0","-","0","0","0","0","0","0","0","0","0","0","0","0","0","0","0","0","0","0","0","0","0","0","0","0","0","0","0","0","0","0","0","0","0","0","0","0","0","0","0","0","0","0"
"0x7052a17710f0","      ISETP.GE.AND P6, PT, R18, RZ, PT","0","0","0","4224","135168","135168","32","32","0","-","-","-","0","0","0","0","0","0","0","0","-","0","0","0","0","0","0","0","0","0","0","0","0","0","0","0","0","0","0","0","0","0","0","0","0","0","0","0","0","0","0","0","0","0","0","0","0","0","0","0","0","0","0"
"0x7052a1771100","      IMAD.MOV R2, RZ, RZ, -R2","0","0","0","4224","135168","135168","32","32","0","-","-","-","0","0","0","0","0","0","0","0","-","0","0","0","0","0","0","0","0","0","0","0","0","0","0","0","0","0","0","0","0","0","0","0","0","0","0","0","0","0","0","0","0","0","0","0","0","0","0","0","0","0","0"
"0x7052a1771110","      LOP3.LUT R18, R16, 0x38, RZ, 0xfc, !PT","0","0","0","4224","135168","135168","32","32","0","-","-","-","0","0","0","0","0","0","0","0","-","0","0","0","0","0","0","0","0","0","0","0","0","0","0","0","0","0","0","0","0","0","0","0","0","0","0","0","0","0","0","0","0","0","0","0","0","0","0","0","0","0","0"
"0x7052a1771120","      IMAD R9, R4, R9, R29","0","0","0","4224","135168","135168","32","32","0","-","-","-","0","0","0","0","0","0","0","0","-","0","0","0","0","0","0","0","0","0","0","0","0","0","0","0","0","0","0","0","0","0","0","0","0","0","0","0","0","0","0","0","0","0","0","0","0","0","0","0","0","0","0"
"0x7052a1771130","      IMAD R35, R4, R2, R35","2","0","2","4224","135168","135168","32","32","0","-","-","-","0","0","0","0","0","0","0","0","-","0","0","0","0","0","0","0","0","0","0","0","0","0","2","0","0","0","0","0","0","0","0","0","0","0","0","0","0","0","0","0","0","0","0","0","0","0","0","0","0","0","0"
"0x7052a1771140","      IABS R33, R18","0","0","0","4224","135168","135168","32","32","0","-","-","-","0","0","0","0","0","0","0","0","-","0","0","0","0","0","0","0","0","0","0","0","0","0","0","0","0","0","0","0","0","0","0","0","0","0","0","0","0","0","0","0","0","0","0","0","0","0","0","0","0","0","0"
"0x7052a1771150","@!P2  IMAD.IADD R27, R27, 0x1, -R4","1","0","1","4224","135168","0","32","0","0","-","-","-","0","0","0","0","0","0","0","0","-","0","0","0","0","0","0","0","0","0","0","0","0","0","0","0","0","0","0","0","1","0","0","0","0","0","0","0","0","0","0","0","0","0","0","0","0","0","0","0","0","0","0"
"0x7052a1771160","      ISETP.GE.AND P2, PT, R8, RZ, PT","1","0","1","4224","135168","135168","32","32","0","-","-","-","0","0","0","0","0","0","0","0","-","0","0","0","0","0","0","0","0","0","0","0","0","0","0","0","0","0","0","0","1","0","0","0","0","0","0","0","0","0","0","0","0","0","0","0","0","0","0","0","0","0","0"
"0x7052a1771170","@!P0  IMAD.IADD R31, R31, 0x1, -R4","1","0","1","4224","135168","0","32","0","0","-","-","-","0","0","0","0","0","0","0","0","-","0","0","0","0","0","0","0","0","0","0","0","0","0","0","0","0","0","0","0","1","0","0","0","0","0","0","0","0","0","0","0","0","0","0","0","0","0","0","0","0","0","0"
"0x7052a1771180","      ISETP.GT.U32.AND P0, PT, R4, R35, PT","0","0","0","4224","135168","135168","32","32","0","-","-","-","0","0","0","0","0","0","0","0","-","0","0","0","0","0","0","0","0","0","0","0","0","0","0","0","0","0","0","0","0","0","0","0","0","0","0","0","0","0","0","0","0","0","0","0","0","0","0","0","0","0","0"
"0x7052a1771190","      IMAD.HI.U32 R8, R6, R33, RZ","0","0","0","4224","135168","135168","32","32","0","-","-","-","0","0","0","0","0","0","0","0","-","0","0","0","0","0","0","0","0","0","0","0","0","0","0","0","0","0","0","0","0","0","0","0","0","0","0","0","0","0","0","0","0","0","0","0","0","0","0","0","0","0","0"
"0x7052a17711a0","      LOP3.LUT R2, R16, 0x39, RZ, 0xfc, !PT","0","0","0","4224","135168","135168","32","32","0","-","-","-","0","0","0","0","0","0","0","0","-","0","0","0","0","0","0","0","0","0","0","0","0","0","0","0","0","0","0","0","0","0","0","0","0","0","0","0","0","0","0","0","0","0","0","0","0","0","0","0","0","0","0"
"0x7052a17711b0","@!P6  IMAD.MOV R27, RZ, RZ, -R27","9","0","9","4224","135168","0","32","0","0","-","-","-","0","0","0","0","0","0","0","0","-","0","0","0","0","0","0","0","0","0","0","0","0","0","7","0","0","0","0","1","1","0","0","0","0","0","0","0","0","0","0","0","0","0","0","0","0","0","0","0","0","0","0"
"0x7052a17711c0","      ISETP.GT.U32.AND P6, PT, R4, R9, PT","0","0","0","4224","135168","135168","32","32","0","-","-","-","0","0","0","0","0","0","0","0","-","0","0","0","0","0","0","0","0","0","0","0","0","0","0","0","0","0","0","0","0","0","0","0","0","0","0","0","0","0","0","0","0","0","0","0","0","0","0","0","0","0","0"
"0x7052a17711d0","@!P3  IMAD.IADD R7, R7, 0x1, -R4","0","0","0","4224","135168","0","32","0","0","-","-","-","0","0","0","0","0","0","0","0","-","0","0","0","0","0","0","0","0","0","0","0","0","0","0","0","0","0","0","0","0","0","0","0","0","0","0","0","0","0","0","0","0","0","0","0","0","0","0","0","0","0","0"
"0x7052a17711e0","      IABS R39, R2","0","0","0","4224","135168","135168","32","32","0","-","-","-","0","0","0","0","0","0","0","0","-","0","0","0","0","0","0","0","0","0","0","0","0","0","0","0","0","0","0","0","0","0","0","0","0","0","0","0","0","0","0","0","0","0","0","0","0","0","0","0","0","0","0"
"0x7052a17711f0","@!P4  IMAD.MOV R21, RZ, RZ, -R21","0","0","0","4224","135168","0","32","0","0","-","-","-","0","0","0","0","0","0","0","0","-","0","0","0","0","0","0","0","0","0","0","0","0","0","0","0","0","0","0","0","0","0","0","0","0","0","0","0","0","0","0","0","0","0","0","0","0","0","0","0","0","0","0"
"0x7052a1771200","      ISETP.GE.AND P4, PT, R20, RZ, PT","0","0","0","4224","135168","135168","32","32","0","-","-","-","0","0","0","0","0","0","0","0","-","0","0","0","0","0","0","0","0","0","0","0","0","0","0","0","0","0","0","0","0","0","0","0","0","0","0","0","0","0","0","0","0","0","0","0","0","0","0","0","0","0","0"
"0x7052a1771210","      IMAD.MOV R8, RZ, RZ, -R8","0","0","0","4224","135168","135168","32","32","0","-","-","-","0","0","0","0","0","0","0","0","-","0","0","0","0","0","0","0","0","0","0","0","0","0","0","0","0","0","0","0","0","0","0","0","0","0","0","0","0","0","0","0","0","0","0","0","0","0","0","0","0","0","0"
"0x7052a1771220","      ISETP.GE.AND P3, PT, R18, RZ, PT","0","0","0","4224","135168","135168","32","32","0","-","-","-","0","0","0","0","0","0","0","0","-","0","0","0","0","0","0","0","0","0","0","0","0","0","0","0","0","0","0","0","0","0","0","0","0","0","0","0","0","0","0","0","0","0","0","0","0","0","0","0","0","0","0"
"0x7052a1771230","      IMAD.MOV.U32 R29, RZ, RZ, R7","0","0","0","4224","135168","135168","32","32","0","-","-","-","0","0","0","0","0","0","0","0","-","0","0","0","0","0","0","0","0","0","0","0","0","0","0","0","0","0","0","0","0","0","0","0","0","0","0","0","0","0","0","0","0","0","0","0","0","0","0","0","0","0","0"
"0x7052a1771240","      LOP3.LUT R18, R16, 0x41, RZ, 0xfc, !PT","0","0","0","4224","135168","135168","32","32","0","-","-","-","0","0","0","0","0","0","0","0","-","0","0","0","0","0","0","0","0","0","0","0","0","0","0","0","0","0","0","0","0","0","0","0","0","0","0","0","0","0","0","0","0","0","0","0","0","0","0","0","0","0","0"
"0x7052a1771250","      IMAD R7, R4, R8, R33","1","0","1","4224","135168","135168","32","32","0","-","-","-","0","0","0","0","0","0","0","0","-","0","0","0","0","0","0","0","0","0","0","0","0","0","0","0","0","0","0","0","1","0","0","0","0","0","0","0","0","0","0","0","0","0","0","0","0","0","0","0","0","0","0"
"0x7052a1771260","      LOP3.LUT R20, R16, 0x48, RZ, 0xfc, !PT","0","0","0","4224","135168","135168","32","32","0","-","-","-","0","0","0","0","0","0","0","0","-","0","0","0","0","0","0","0","0","0","0","0","0","0","0","0","0","0","0","0","0","0","0","0","0","0","0","0","0","0","0","0","0","0","0","0","0","0","0","0","0","0","0"
"0x7052a1771270","@!P5  IMAD.MOV R31, RZ, RZ, -R31","0","0","0","4224","135168","0","32","0","0","-","-","-","0","0","0","0","0","0","0","0","-","0","0","0","0","0","0","0","0","0","0","0","0","0","0","0","0","0","0","0","0","0","0","0","0","0","0","0","0","0","0","0","0","0","0","0","0","0","0","0","0","0","0"
"0x7052a1771280","      IABS R37, R18","0","0","0","4224","135168","135168","32","32","0","-","-","-","0","0","0","0","0","0","0","0","-","0","0","0","0","0","0","0","0","0","0","0","0","0","0","0","0","0","0","0","0","0","0","0","0","0","0","0","0","0","0","0","0","0","0","0","0","0","0","0","0","0","0"
"0x7052a1771290","@!P0  IMAD.IADD R35, R35, 0x1, -R4","1","0","1","4224","135168","0","32","0","0","-","-","-","0","0","0","0","0","0","0","0","-","0","0","0","0","0","0","0","0","0","0","0","0","0","0","0","0","0","0","0","1","0","0","0","0","0","0","0","0","0","0","0","0","0","0","0","0","0","0","0","0","0","0"
"0x7052a17712a0","      ISETP.GT.U32.AND P5, PT, R4, R7, PT","2","0","2","4224","135168","135168","32","32","0","-","-","-","0","0","0","0","0","0","0","0","-","0","0","0","0","0","0","0","0","2","0","0","0","0","0","0","0","0","0","0","0","0","0","0","0","0","0","0","0","0","0","0","0","0","0","0","0","0","0","0","0","0","0"
"0x7052a17712b0","@!P6  IMAD.IADD R9, R9, 0x1, -R4","0","0","0","4224","135168","0","32","0","0","-","-","-","0","0","0","0","0","0","0","0","-","0","0","0","0","0","0","0","0","0","0","0","0","0","0","0","0","0","0","0","0","0","0","0","0","0","0","0","0","0","0","0","0","0","0","0","0","0","0","0","0","0","0"
"0x7052a17712c0","      IABS R45, R20","0","0","0","4224","135168","135168","32","32","0","-","-","-","0","0","0","0","0","0","0","0","-","0","0","0","0","0","0","0","0","0","0","0","0","0","0","0","0","0","0","0","0","0","0","0","0","0","0","0","0","0","0","0","0","0","0","0","0","0","0","0","0","0","0"
"0x7052a17712d0","@!P4  IMAD.MOV R29, RZ, RZ, -R29","0","0","0","4224","135168","0","32","0","0","-","-","-","0","0","0","0","0","0","0","0","-","0","0","0","0","0","0","0","0","0","0","0","0","0","0","0","0","0","0","0","0","0","0","0","0","0","0","0","0","0","0","0","0","0","0","0","0","0","0","0","0","0","0"
"0x7052a17712e0","      ISETP.GE.AND P4, PT, R2, RZ, PT","1","0","1","4224","135168","135168","32","32","0","-","-","-","0","0","0","0","0","0","0","0","-","0","0","0","0","0","0","0","0","0","0","0","0","0","0","0","0","0","0","0","1","0","0","0","0","0","0","0","0","0","0","0","0","0","0","0","0","0","0","0","0","0","0"
"0x7052a17712f0","      IMAD.HI.U32 R2, R6, R39, RZ","1","0","1","4224","135168","135168","32","32","0","-","-","-","0","0","0","0","0","0","0","0","-","0","0","0","0","0","0","0","0","0","0","0","0","0","0","0","0","0","0","0","1","0","0","0","0","0","0","0","0","0","0","0","0","0","0","0","0","0","0","0","0","0","0"
"0x7052a1771300","      ISETP.GT.U32.AND P0, PT, R4, R35, PT","1","0","1","4224","135168","135168","32","32","0","-","-","-","0","0","0","0","0","0","0","0","-","0","0","0","0","0","0","0","0","0","0","0","0","0","1","0","0","0","0","0","0","0","0","0","0","0","0","0","0","0","0","0","0","0","0","0","0","0","0","0","0","0","0"
"0x7052a1771310","      ISETP.GT.U32.AND P6, PT, R4, R9, PT","1","0","1","4224","135168","135168","32","32","0","-","-","-","0","0","0","0","0","0","0","0","-","0","0","0","0","0","0","0","0","0","0","0","0","0","0","0","0","0","0","1","0","0","0","0","0","0","0","0","0","0","0","0","0","0","0","0","0","0","0","0","0","0","0"
"0x7052a1771320","      IMAD.MOV R2, RZ, RZ, -R2","0","0","0","4224","135168","135168","32","32","0","-","-","-","0","0","0","0","0","0","0","0","-","0","0","0","0","0","0","0","0","0","0","0","0","0","0","0","0","0","0","0","0","0","0","0","0","0","0","0","0","0","0","0","0","0","0","0","0","0","0","0","0","0","0"
"0x7052a1771330","@!P1  IMAD.MOV R25, RZ, RZ, -R25","2","0","2","4224","135168","0","32","0","0","-","-","-","0","0","0","0","0","0","0","0","-","0","0","0","0","0","0","0","0","0","0","0","0","0","0","0","0","0","0","0","2","0","0","0","0","0","0","0","0","0","0","0","0","0","0","0","0","0","0","0","0","0","0"
"0x7052a1771340","      ISETP.GE.AND P1, PT, R14, RZ, PT","0","0","0","4224","135168","135168","32","32","0","-","-","-","0","0","0","0","0","0","0","0","-","0","0","0","0","0","0","0","0","0","0","0","0","0","0","0","0","0","0","0","0","0","0","0","0","0","0","0","0","0","0","0","0","0","0","0","0","0","0","0","0","0","0"
"0x7052a1771350","@!P5  IMAD.IADD R7, R7, 0x1, -R4","1","0","1","4224","135168","0","32","0","0","-","-","-","0","0","0","0","0","0","0","0","-","0","0","0","0","0","0","0","0","0","0","0","0","0","0","0","0","0","0","0","1","0","0","0","0","0","0","0","0","0","0","0","0","0","0","0","0","0","0","0","0","0","0"
"0x7052a1771360","      LOP3.LUT R14, R16, 0x40, RZ, 0xfc, !PT","2","0","2","4224","135168","135168","32","32","0","-","-","-","0","0","0","0","0","0","0","0","-","0","0","0","0","0","0","0","0","0","0","0","0","0","0","0","0","0","0","0","2","0","0","0","0","0","0","0","0","0","0","0","0","0","0","0","0","0","0","0","0","0","0"
"0x7052a1771370","      IMAD R39, R4, R2, R39","0","0","0","4224","135168","135168","32","32","0","-","-","-","0","0","0","0","0","0","0","0","-","0","0","0","0","0","0","0","0","0","0","0","0","0","0","0","0","0","0","0","0","0","0","0","0","0","0","0","0","0","0","0","0","0","0","0","0","0","0","0","0","0","0"
"0x7052a1771380","      IMAD.HI.U32 R2, R6, R37, RZ","1","0","1","4224","135168","135168","32","32","0","-","-","-","0","0","0","0","0","0","0","0","-","0","0","0","0","0","0","0","0","0","0","0","0","0","0","0","0","0","0","0","1","0","0","0","0","0","0","0","0","0","0","0","0","0","0","0","0","0","0","0","0","0","0"
"0x7052a1771390","      IABS R41, R14","0","0","0","4224","135168","135168","32","32","0","-","-","-","0","0","0","0","0","0","0","0","-","0","0","0","0","0","0","0","0","0","0","0","0","0","0","0","0","0","0","0","0","0","0","0","0","0","0","0","0","0","0","0","0","0","0","0","0","0","0","0","0","0","0"
"0x7052a17713a0","      ISETP.GT.U32.AND P5, PT, R4, R7, PT","5","2","5","4224","135168","135168","32","32","0","-","-","-","0","0","0","0","0","0","0","0","-","0","0","0","0","0","0","0","0","1","0","0","0","0","3","0","0","0","0","1","0","0","0","0","0","0","0","1","0","0","0","0","1","0","0","0","0","0","0","0","0","0","0"
"0x7052a17713b0","@!P0  IMAD.IADD R35, R35, 0x1, -R4","0","0","0","4224","135168","0","32","0","0","-","-","-","0","0","0","0","0","0","0","0","-","0","0","0","0","0","0","0","0","0","0","0","0","0","0","0","0","0","0","0","0","0","0","0","0","0","0","0","0","0","0","0","0","0","0","0","0","0","0","0","0","0","0"
"0x7052a17713c0","      ISETP.GT.U32.AND P0, PT, R4, R39, PT","1","0","1","4224","135168","135168","32","32","0","-","-","-","0","0","0","0","0","0","0","0","-","0","0","0","0","0","0","0","0","1","0","0","0","0","0","0","0","0","0","0","0","0","0","0","0","0","0","0","0","0","0","0","0","0","0","0","0","0","0","0","0","0","0"
"0x7052a17713d0","@!P6  IMAD.IADD R9, R9, 0x1, -R4","1","0","1","4224","135168","0","32","0","0","-","-","-","0","0","0","0","0","0","0","0","-","0","0","0","0","0","0","0","0","0","0","0","0","0","0","0","0","0","0","0","1","0","0","0","0","0","0","0","0","0","0","0","0","0","0","0","0","0","0","0","0","0","0"
"0x7052a17713e0","      ISETP.GE.AND P6, PT, R14, RZ, PT","0","0","0","4224","135168","135168","32","32","0","-","-","-","0","0","0","0","0","0","0","0","-","0","0","0","0","0","0","0","0","0","0","0","0","0","0","0","0","0","0","0","0","0","0","0","0","0","0","0","0","0","0","0","0","0","0","0","0","0","0","0","0","0","0"
"0x7052a17713f0","      IMAD.HI.U32 R8, R6, R41, RZ","0","0","0","4224","135168","135168","32","32","0","-","-","-","0","0","0","0","0","0","0","0","-","0","0","0","0","0","0","0","0","0","0","0","0","0","0","0","0","0","0","0","0","0","0","0","0","0","0","0","0","0","0","0","0","0","0","0","0","0","0","0","0","0","0"
"0x7052a1771400","      IMAD.MOV R2, RZ, RZ, -R2","1","1","1","4224","135168","135168","32","32","0","-","-","-","0","0","0","0","0","0","0","0","-","0","0","0","0","0","0","0","0","0","0","0","0","0","0","0","0","0","0","0","0","0","0","0","1","0","0","0","0","0","0","0","0","0","0","0","0","0","0","0","0","0","1"
"0x7052a1771410","      IMAD.MOV.U32 R33, RZ, RZ, R9","1","1","1","4224","135168","135168","32","32","0","-","-","-","0","0","0","0","0","0","0","0","-","0","0","0","0","0","0","0","0","0","0","0","0","0","0","0","0","0","0","0","0","0","0","0","1","0","0","0","0","0","0","0","0","0","0","0","0","0","0","0","0","0","1"
"0x7052a1771420","      IMAD.MOV R8, RZ, RZ, -R8","0","0","0","4224","135168","135168","32","32","0","-","-","-","0","0","0","0","0","0","0","0","-","0","0","0","0","0","0","0","0","0","0","0","0","0","0","0","0","0","0","0","0","0","0","0","0","0","0","0","0","0","0","0","0","0","0","0","0","0","0","0","0","0","0"
"0x7052a1771430","      IMAD R9, R4, R2, R37","0","0","0","4224","135168","135168","32","32","0","-","-","-","0","0","0","0","0","0","0","0","-","0","0","0","0","0","0","0","0","0","0","0","0","0","0","0","0","0","0","0","0","0","0","0","0","0","0","0","0","0","0","0","0","0","0","0","0","0","0","0","0","0","0"
"0x7052a1771440","      IMAD R41, R4, R8, R41","2","1","2","4224","135168","135168","32","32","0","-","-","-","0","0","0","0","0","0","0","0","-","0","0","0","0","0","0","0","0","0","0","0","0","0","2","0","0","0","0","0","0","0","0","0","0","0","0","0","0","0","0","0","1","0","0","0","0","0","0","0","0","0","0"
"0x7052a1771450","@!P5  IMAD.IADD R7, R7, 0x1, -R4","0","0","0","4224","135168","0","32","0","0","-","-","-","0","0","0","0","0","0","0","0","-","0","0","0","0","0","0","0","0","0","0","0","0","0","0","0","0","0","0","0","0","0","0","0","0","0","0","0","0","0","0","0","0","0","0","0","0","0","0","0","0","0","0"
"0x7052a1771460","      ISETP.GT.U32.AND P5, PT, R4, R9, PT","0","0","0","4224","135168","135168","32","32","0","-","-","-","0","0","0","0","0","0","0","0","-","0","0","0","0","0","0","0","0","0","0","0","0","0","0","0","0","0","0","0","0","0","0","0","0","0","0","0","0","0","0","0","0","0","0","0","0","0","0","0","0","0","0"
"0x7052a1771470","@!P0  IMAD.IADD R39, R39, 0x1, -R4","0","0","0","4224","135168","0","32","0","0","-","-","-","0","0","0","0","0","0","0","0","-","0","0","0","0","0","0","0","0","0","0","0","0","0","0","0","0","0","0","0","0","0","0","0","0","0","0","0","0","0","0","0","0","0","0","0","0","0","0","0","0","0","0"
"0x7052a1771480","@!P1  IMAD.MOV R33, RZ, RZ, -R33","2","1","2","4224","135168","0","32","0","0","-","-","-","0","0","0","0","0","0","0","0","-","0","0","0","0","0","0","0","0","0","0","0","0","0","2","0","0","0","0","0","0","0","0","0","0","0","0","0","0","0","0","0","1","0","0","0","0","0","0","0","0","0","0"
"0x7052a1771490","      ISETP.GT.U32.AND P1, PT, R4, R41, PT","0","0","0","4224","135168","135168","32","32","0","-","-","-","0","0","0","0","0","0","0","0","-","0","0","0","0","0","0","0","0","0","0","0","0","0","0","0","0","0","0","0","0","0","0","0","0","0","0","0","0","0","0","0","0","0","0","0","0","0","0","0","0","0","0"
"0x7052a17714a0","      IMAD.HI.U32 R8, R6, R45, RZ","1","0","1","4224","135168","135168","32","32","0","-","-","-","0","0","0","0","0","0","0","0","-","0","0","0","0","0","0","0","0","0","0","0","0","0","0","0","0","0","0","0","1","0","0","0","0","0","0","0","0","0","0","0","0","0","0","0","0","0","0","0","0","0","0"
"0x7052a17714b0","      ISETP.GT.U32.AND P0, PT, R4, R39, PT","1","0","1","4224","135168","135168","32","32","0","-","-","-","0","0","0","0","0","0","0","0","-","0","0","0","0","0","0","0","0","1","0","0","0","0","0","0","0","0","0","0","0","0","0","0","0","0","0","0","0","0","0","0","0","0","0","0","0","0","0","0","0","0","0"
"0x7052a17714c0","@!P2  IMAD.MOV R35, RZ, RZ, -R35","3","0","3","4224","135168","0","32","0","0","-","-","-","0","0","0","0","0","0","0","0","-","0","0","0","0","0","0","0","0","0","0","0","0","0","1","0","0","0","0","0","0","0","0","0","2","0","0","0","0","0","0","0","0","0","0","0","0","0","0","0","0","0","0"
"0x7052a17714d0","      ISETP.GE.AND P2, PT, R18, RZ, PT","1","0","1","4224","135168","135168","32","32","0","-","-","-","0","0","0","0","0","0","0","0","-","0","0","0","0","0","0","0","0","0","0","0","0","0","0","0","0","0","0","0","1","0","0","0","0","0","0","0","0","0","0","0","0","0","0","0","0","0","0","0","0","0","0"
"0x7052a17714e0","      IMAD.MOV R8, RZ, RZ, -R8","0","0","0","4224","135168","135168","32","32","0","-","-","-","0","0","0","0","0","0","0","0","-","0","0","0","0","0","0","0","0","0","0","0","0","0","0","0","0","0","0","0","0","0","0","0","0","0","0","0","0","0","0","0","0","0","0","0","0","0","0","0","0","0","0"
"0x7052a17714f0","      LOP3.LUT R18, R16, 0x49, RZ, 0xfc, !PT","0","0","0","4224","135168","135168","32","32","0","-","-","-","0","0","0","0","0","0","0","0","-","0","0","0","0","0","0","0","0","0","0","0","0","0","0","0","0","0","0","0","0","0","0","0","0","0","0","0","0","0","0","0","0","0","0","0","0","0","0","0","0","0","0"
"0x7052a1771500","@!P5  IMAD.IADD R9, R9, 0x1, -R4","0","0","0","4224","135168","0","32","0","0","-","-","-","0","0","0","0","0","0","0","0","-","0","0","0","0","0","0","0","0","0","0","0","0","0","0","0","0","0","0","0","0","0","0","0","0","0","0","0","0","0","0","0","0","0","0","0","0","0","0","0","0","0","0"
"0x7052a1771510","      IMAD R45, R4, R8, R45","2","1","2","4224","135168","135168","32","32","0","-","-","-","0","0","0","0","0","0","0","0","-","0","0","0","0","0","0","0","0","0","0","0","0","0","1","0","0","0","0","1","0","0","0","0","0","0","0","0","0","0","0","0","1","0","0","0","0","0","0","0","0","0","0"
"0x7052a1771520","      IABS R47, R18","0","0","0","4224","135168","135168","32","32","0","-","-","-","0","0","0","0","0","0","0","0","-","0","0","0","0","0","0","0","0","0","0","0","0","0","0","0","0","0","0","0","0","0","0","0","0","0","0","0","0","0","0","0","0","0","0","0","0","0","0","0","0","0","0"
"0x7052a1771530","@!P1  IMAD.IADD R41, R41, 0x1, -R4","1","0","1","4224","135168","0","32","0","0","-","-","-","0","0","0","0","0","0","0","0","-","0","0","0","0","0","0","0","0","0","0","0","0","0","0","0","0","0","0","0","1","0","0","0","0","0","0","0","0","0","0","0","0","0","0","0","0","0","0","0","0","0","0"
"0x7052a1771540","      ISETP.GT.U32.AND P5, PT, R4, R9, PT","0","0","0","4224","135168","135168","32","32","0","-","-","-","0","0","0","0","0","0","0","0","-","0","0","0","0","0","0","0","0","0","0","0","0","0","0","0","0","0","0","0","0","0","0","0","0","0","0","0","0","0","0","0","0","0","0","0","0","0","0","0","0","0","0"
"0x7052a1771550","@!P0  IMAD.IADD R39, R39, 0x1, -R4","0","0","0","4224","135168","0","32","0","0","-","-","-","0","0","0","0","0","0","0","0","-","0","0","0","0","0","0","0","0","0","0","0","0","0","0","0","0","0","0","0","0","0","0","0","0","0","0","0","0","0","0","0","0","0","0","0","0","0","0","0","0","0","0"
"0x7052a1771560","      ISETP.GT.U32.AND P0, PT, R4, R45, PT","0","0","0","4224","135168","135168","32","32","0","-","-","-","0","0","0","0","0","0","0","0","-","0","0","0","0","0","0","0","0","0","0","0","0","0","0","0","0","0","0","0","0","0","0","0","0","0","0","0","0","0","0","0","0","0","0","0","0","0","0","0","0","0","0"
"0x7052a1771570","      IMAD.HI.U32 R2, R6, R47, RZ","2","0","2","4224","135168","135168","32","32","0","-","-","-","0","0","0","0","0","0","0","0","-","0","0","0","0","0","0","0","0","0","0","0","0","0","0","0","0","0","0","0","2","0","0","0","0","0","0","0","0","0","0","0","0","0","0","0","0","0","0","0","0","0","0"
"0x7052a1771580","      ISETP.GT.U32.AND P1, PT, R4, R41, PT","0","0","0","4224","135168","135168","32","32","0","-","-","-","0","0","0","0","0","0","0","0","-","0","0","0","0","0","0","0","0","0","0","0","0","0","0","0","0","0","0","0","0","0","0","0","0","0","0","0","0","0","0","0","0","0","0","0","0","0","0","0","0","0","0"
"0x7052a1771590","      IMAD.MOV R8, RZ, RZ, -R2","3","0","3","4224","135168","135168","32","32","0","-","-","-","0","0","0","0","0","0","0","0","-","0","0","0","0","0","0","0","0","0","0","0","0","0","2","0","0","0","0","1","0","0","0","0","0","0","0","0","0","0","0","0","0","0","0","0","0","0","0","0","0","0","0"
"0x7052a17715a0","      IMAD.HI.U32 R2, R6, R49, RZ","1","0","1","4224","135168","135168","32","32","0","-","-","-","0","0","0","0","0","0","0","0","-","0","0","0","0","0","0","0","0","0","0","0","0","0","0","0","0","0","0","1","0","0","0","0","0","0","0","0","0","0","0","0","0","0","0","0","0","0","0","0","0","0","0"
"0x7052a17715b0","      IMAD R47, R4, R8, R47","5","2","5","4224","135168","135168","32","32","0","-","-","-","0","0","0","0","0","0","0","0","-","0","0","0","0","0","0","0","0","0","0","0","0","0","1","0","0","0","0","1","1","0","0","0","2","0","0","0","0","0","0","0","1","0","0","0","0","0","0","0","0","0","1"
"0x7052a17715c0","      IMAD.HI.U32 R8, R6, R51, RZ","2","1","2","4224","135168","135168","32","32","0","-","-","-","0","0","0","0","0","0","0","0","-","0","0","0","0","0","0","0","0","0","0","0","0","0","0","0","0","0","0","1","0","0","0","0","1","0","0","0","0","0","0","0","0","0","0","0","0","0","0","0","0","0","1"
"0x7052a17715d0","@!P5  IMAD.IADD R9, R9, 0x1, -R4","4","0","4","4224","135168","0","32","0","0","-","-","-","0","0","0","0","0","0","0","0","-","0","0","0","0","0","0","0","0","0","0","0","0","0","0","0","0","0","0","4","0","0","0","0","0","0","0","0","0","0","0","0","0","0","0","0","0","0","0","0","0","0","0"
"0x7052a17715e0","      ISETP.GT.U32.AND P5, PT, R4, R47, PT","0","0","0","4224","135168","135168","32","32","0","-","-","-","0","0","0","0","0","0","0","0","-","0","0","0","0","0","0","0","0","0","0","0","0","0","0","0","0","0","0","0","0","0","0","0","0","0","0","0","0","0","0","0","0","0","0","0","0","0","0","0","0","0","0"
"0x7052a17715f0","      IMAD.MOV R8, RZ, RZ, -R8","0","0","0","4224","135168","135168","32","32","0","-","-","-","0","0","0","0","0","0","0","0","-","0","0","0","0","0","0","0","0","0","0","0","0","0","0","0","0","0","0","0","0","0","0","0","0","0","0","0","0","0","0","0","0","0","0","0","0","0","0","0","0","0","0"
"0x7052a1771600","@!P0  IMAD.IADD R45, R45, 0x1, -R4","1","0","1","4224","135168","0","32","0","0","-","-","-","0","0","0","0","0","0","0","0","-","0","0","0","0","0","0","0","0","0","0","0","0","0","0","0","0","0","0","1","0","0","0","0","0","0","0","0","0","0","0","0","0","0","0","0","0","0","0","0","0","0","0"
"0x7052a1771610","      ISETP.GE.AND P0, PT, R18, RZ, PT","0","0","0","4224","135168","135168","32","32","0","-","-","-","0","0","0","0","0","0","0","0","-","0","0","0","0","0","0","0","0","0","0","0","0","0","0","0","0","0","0","0","0","0","0","0","0","0","0","0","0","0","0","0","0","0","0","0","0","0","0","0","0","0","0"
"0x7052a1771620","      IMAD.MOV.U32 R37, RZ, RZ, R7","0","0","0","4224","135168","135168","32","32","0","-","-","-","0","0","0","0","0","0","0","0","-","0","0","0","0","0","0","0","0","0","0","0","0","0","0","0","0","0","0","0","0","0","0","0","0","0","0","0","0","0","0","0","0","0","0","0","0","0","0","0","0","0","0"
"0x7052a1771630","      LOP3.LUT R18, R16, 0x59, RZ, 0xfc, !PT","0","0","0","4224","135168","135168","32","32","0","-","-","-","0","0","0","0","0","0","0","0","-","0","0","0","0","0","0","0","0","0","0","0","0","0","0","0","0","0","0","0","0","0","0","0","0","0","0","0","0","0","0","0","0","0","0","0","0","0","0","0","0","0","0"
"0x7052a1771640","@!P1  IMAD.IADD R41, R41, 0x1, -R4","1","0","1","4224","135168","0","32","0","0","-","-","-","0","0","0","0","0","0","0","0","-","0","0","0","0","0","0","0","0","0","0","0","0","0","0","0","0","0","0","0","1","0","0","0","0","0","0","0","0","0","0","0","0","0","0","0","0","0","0","0","0","0","0"
"0x7052a1771650","      ISETP.GE.AND P1, PT, R20, RZ, PT","0","0","0","4224","135168","135168","32","32","0","-","-","-","0","0","0","0","0","0","0","0","-","0","0","0","0","0","0","0","0","0","0","0","0","0","0","0","0","0","0","0","0","0","0","0","0","0","0","0","0","0","0","0","0","0","0","0","0","0","0","0","0","0","0"
"0x7052a1771660","      IMAD R51, R4, R8, R51","1","0","1","4224","135168","135168","32","32","0","-","-","-","0","0","0","0","0","0","0","0","-","0","0","0","0","0","0","0","0","0","0","0","0","0","0","0","0","0","0","0","1","0","0","0","0","0","0","0","0","0","0","0","0","0","0","0","0","0","0","0","0","0","0"
"0x7052a1771670","      LOP3.LUT R8, R16, 0x60, RZ, 0xfc, !PT","0","0","0","4224","135168","135168","32","32","0","-","-","-","0","0","0","0","0","0","0","0","-","0","0","0","0","0","0","0","0","0","0","0","0","0","0","0","0","0","0","0","0","0","0","0","0","0","0","0","0","0","0","0","0","0","0","0","0","0","0","0","0","0","0"
"0x7052a1771680","      IMAD.MOV R2, RZ, RZ, -R2","0","0","0","4224","135168","135168","32","32","0","-","-","-","0","0","0","0","0","0","0","0","-","0","0","0","0","0","0","0","0","0","0","0","0","0","0","0","0","0","0","0","0","0","0","0","0","0","0","0","0","0","0","0","0","0","0","0","0","0","0","0","0","0","0"
"0x7052a1771690","      LOP3.LUT R20, R16, 0x68, RZ, 0xfc, !PT","1","0","1","4224","135168","135168","32","32","0","-","-","-","0","0","0","0","0","0","0","0","-","0","0","0","0","0","0","0","0","0","0","0","0","0","0","0","0","0","0","0","1","0","0","0","0","0","0","0","0","0","0","0","0","0","0","0","0","0","0","0","0","0","0"
"0x7052a17716a0","@!P3  IMAD.MOV R37, RZ, RZ, -R37","0","0","0","4224","135168","0","32","0","0","-","-","-","0","0","0","0","0","0","0","0","-","0","0","0","0","0","0","0","0","0","0","0","0","0","0","0","0","0","0","0","0","0","0","0","0","0","0","0","0","0","0","0","0","0","0","0","0","0","0","0","0","0","0"
"0x7052a17716b0","      ISETP.GT.U32.AND P3, PT, R4, R45, PT","0","0","0","4224","135168","135168","32","32","0","-","-","-","0","0","0","0","0","0","0","0","-","0","0","0","0","0","0","0","0","0","0","0","0","0","0","0","0","0","0","0","0","0","0","0","0","0","0","0","0","0","0","0","0","0","0","0","0","0","0","0","0","0","0"
"0x7052a17716c0","      IMAD.HI.U32 R14, R6, R53, RZ","0","0","0","4224","135168","135168","32","32","0","-","-","-","0","0","0","0","0","0","0","0","-","0","0","0","0","0","0","0","0","0","0","0","0","0","0","0","0","0","0","0","0","0","0","0","0","0","0","0","0","0","0","0","0","0","0","0","0","0","0","0","0","0","0"
"0x7052a17716d0","      IABS R57, R8","1","0","1","4224","135168","135168","32","32","0","-","-","-","0","0","0","0","0","0","0","0","-","0","0","0","0","0","0","0","0","0","0","0","0","0","0","0","0","0","0","0","1","0","0","0","0","0","0","0","0","0","0","0","0","0","0","0","0","0","0","0","0","0","0"
"0x7052a17716e0","      IABS R61, R20","6","0","6","4224","135168","135168","32","32","0","-","-","-","0","0","0","0","0","0","0","0","-","0","0","0","0","0","0","0","0","0","0","0","0","0","4","0","0","0","0","1","0","0","0","0","1","0","0","0","0","0","0","0","0","0","0","0","0","0","0","0","0","0","0"
"0x7052a17716f0","@!P6  IMAD.MOV R41, RZ, RZ, -R41","1","0","1","4224","135168","0","32","0","0","-","-","-","0","0","0","0","0","0","0","0","-","0","0","0","0","0","0","0","0","0","0","0","0","0","0","0","0","0","0","0","1","0","0","0","0","0","0","0","0","0","0","0","0","0","0","0","0","0","0","0","0","0","0"
"0x7052a1771700","      ISETP.GT.U32.AND P6, PT, R4, R51, PT","1","0","1","4224","135168","135168","32","32","0","-","-","-","0","0","0","0","0","0","0","0","-","0","0","0","0","0","0","0","0","0","0","0","0","0","0","0","0","0","0","0","1","0","0","0","0","0","0","0","0","0","0","0","0","0","0","0","0","0","0","0","0","0","0"
"0x7052a1771710","      IMAD R49, R4, R2, R49","1","0","1","4224","135168","135168","32","32","0","-","-","-","0","0","0","0","0","0","0","0","-","0","0","0","0","0","0","0","0","0","0","0","0","0","0","0","0","0","0","0","1","0","0","0","0","0","0","0","0","0","0","0","0","0","0","0","0","0","0","0","0","0","0"
"0x7052a1771720","      IABS R2, R18","1","0","1","4224","135168","135168","32","32","0","-","-","-","0","0","0","0","0","0","0","0","-","0","0","0","0","0","0","0","0","0","0","0","0","0","0","0","0","0","0","0","1","0","0","0","0","0","0","0","0","0","0","0","0","0","0","0","0","0","0","0","0","0","0"
"0x7052a1771730","      IMAD.MOV R14, RZ, RZ, -R14","0","0","0","4224","135168","135168","32","32","0","-","-","-","0","0","0","0","0","0","0","0","-","0","0","0","0","0","0","0","0","0","0","0","0","0","0","0","0","0","0","0","0","0","0","0","0","0","0","0","0","0","0","0","0","0","0","0","0","0","0","0","0","0","0"
"0x7052a1771740","@!P5  IMAD.IADD R47, R47, 0x1, -R4","1","0","1","4224","135168","0","32","0","0","-","-","-","0","0","0","0","0","0","0","0","-","0","0","0","0","0","0","0","0","0","0","0","0","0","1","0","0","0","0","0","0","0","0","0","0","0","0","0","0","0","0","0","0","0","0","0","0","0","0","0","0","0","0"
"0x7052a1771750","      ISETP.GT.U32.AND P5, PT, R4, R49, PT","0","0","0","4224","135168","135168","32","32","0","-","-","-","0","0","0","0","0","0","0","0","-","0","0","0","0","0","0","0","0","0","0","0","0","0","0","0","0","0","0","0","0","0","0","0","0","0","0","0","0","0","0","0","0","0","0","0","0","0","0","0","0","0","0"
"0x7052a1771760","      IMAD.MOV.U32 R7, RZ, RZ, R2","1","0","1","4224","135168","135168","32","32","0","-","-","-","0","0","0","0","0","0","0","0","-","0","0","0","0","0","0","0","0","0","0","0","0","0","0","0","0","0","0","0","1","0","0","0","0","0","0","0","0","0","0","0","0","0","0","0","0","0","0","0","0","0","0"
"0x7052a1771770","      IMAD R53, R4, R14, R53","0","0","0","4224","135168","135168","32","32","0","-","-","-","0","0","0","0","0","0","0","0","-","0","0","0","0","0","0","0","0","0","0","0","0","0","0","0","0","0","0","0","0","0","0","0","0","0","0","0","0","0","0","0","0","0","0","0","0","0","0","0","0","0","0"
"0x7052a1771780","      LOP3.LUT R14, R16, 0x61, RZ, 0xfc, !PT","1","0","1","4224","135168","135168","32","32","0","-","-","-","0","0","0","0","0","0","0","0","-","0","0","0","0","0","0","0","0","0","0","0","0","0","0","0","0","0","0","0","1","0","0","0","0","0","0","0","0","0","0","0","0","0","0","0","0","0","0","0","0","0","0"
"0x7052a1771790","@!P4  IMAD.MOV R39, RZ, RZ, -R39","0","0","0","4224","135168","0","32","0","0","-","-","-","0","0","0","0","0","0","0","0","-","0","0","0","0","0","0","0","0","0","0","0","0","0","0","0","0","0","0","0","0","0","0","0","0","0","0","0","0","0","0","0","0","0","0","0","0","0","0","0","0","0","0"
"0x7052a17717a0","      ISETP.GT.U32.AND P4, PT, R4, R47, PT","1","0","1","4224","135168","135168","32","32","0","-","-","-","0","0","0","0","0","0","0","0","-","0","0","0","0","0","0","0","0","1","0","0","0","0","0","0","0","0","0","0","0","0","0","0","0","0","0","0","0","0","0","0","0","0","0","0","0","0","0","0","0","0","0"
"0x7052a17717b0","      IMAD.HI.U32 R2, R6, R7, RZ","0","0","0","4224","135168","135168","32","32","0","-","-","-","0","0","0","0","0","0","0","0","-","0","0","0","0","0","0","0","0","0","0","0","0","0","0","0","0","0","0","0","0","0","0","0","0","0","0","0","0","0","0","0","0","0","0","0","0","0","0","0","0","0","0"
"0x7052a17717c0","      IABS R59, R14","0","0","0","4224","135168","135168","32","32","0","-","-","-","0","0","0","0","0","0","0","0","-","0","0","0","0","0","0","0","0","0","0","0","0","0","0","0","0","0","0","0","0","0","0","0","0","0","0","0","0","0","0","0","0","0","0","0","0","0","0","0","0","0","0"
"0x7052a17717d0","@!P3  IMAD.IADD R45, R45, 0x1, -R4","2","1","2","4224","135168","0","32","0","0","-","-","-","0","0","0","0","0","0","0","0","-","0","0","0","0","0","0","0","0","0","0","0","0","0","1","0","0","0","0","0","1","0","0","0","0","0","0","0","0","0","0","0","1","0","0","0","0","0","0","0","0","0","0"
"0x7052a17717e0","      ISETP.GT.U32.AND P3, PT, R4, R53, PT","0","0","0","4224","135168","135168","32","32","0","-","-","-","0","0","0","0","0","0","0","0","-","0","0","0","0","0","0","0","0","0","0","0","0","0","0","0","0","0","0","0","0","0","0","0","0","0","0","0","0","0","0","0","0","0","0","0","0","0","0","0","0","0","0"
"0x7052a17717f0","@!P6  IMAD.IADD R51, R51, 0x1, -R4","0","0","0","4224","135168","0","32","0","0","-","-","-","0","0","0","0","0","0","0","0","-","0","0","0","0","0","0","0","0","0","0","0","0","0","0","0","0","0","0","0","0","0","0","0","0","0","0","0","0","0","0","0","0","0","0","0","0","0","0","0","0","0","0"
"0x7052a1771800","      IMAD.MOV R2, RZ, RZ, -R2","1","0","1","4224","135168","135168","32","32","0","-","-","-","0","0","0","0","0","0","0","0","-","0","0","0","0","0","0","0","0","0","0","0","0","0","1","0","0","0","0","0","0","0","0","0","0","0","0","0","0","0","0","0","0","0","0","0","0","0","0","0","0","0","0"
"0x7052a1771810","      IMAD.MOV.U32 R43, RZ, RZ, R9","1","0","1","4224","135168","135168","32","32","0","-","-","-","0","0","0","0","0","0","0","0","-","0","0","0","0","0","0","0","0","0","0","0","0","0","0","0","0","0","0","0","1","0","0","0","0","0","0","0","0","0","0","0","0","0","0","0","0","0","0","0","0","0","0"
"0x7052a1771820","@!P1  IMAD.MOV R45, RZ, RZ, -R45","2","0","2","4224","135168","0","32","0","0","-","-","-","0","0","0","0","0","0","0","0","-","0","0","0","0","0","0","0","0","0","0","0","0","0","0","0","0","0","0","1","1","0","0","0","0","0","0","0","0","0","0","0","0","0","0","0","0","0","0","0","0","0","0"
"0x7052a1771830","      ISETP.GT.U32.AND P1, PT, R4, R51, PT","0","0","0","4224","135168","135168","32","32","0","-","-","-","0","0","0","0","0","0","0","0","-","0","0","0","0","0","0","0","0","0","0","0","0","0","0","0","0","0","0","0","0","0","0","0","0","0","0","0","0","0","0","0","0","0","0","0","0","0","0","0","0","0","0"
"0x7052a1771840","      IMAD R9, R4, R2, R7","0","0","0","4224","135168","135168","32","32","0","-","-","-","0","0","0","0","0","0","0","0","-","0","0","0","0","0","0","0","0","0","0","0","0","0","0","0","0","0","0","0","0","0","0","0","0","0","0","0","0","0","0","0","0","0","0","0","0","0","0","0","0","0","0"
"0x7052a1771850","      IMAD.HI.U32 R2, R6, R57, RZ","0","0","0","4224","135168","135168","32","32","0","-","-","-","0","0","0","0","0","0","0","0","-","0","0","0","0","0","0","0","0","0","0","0","0","0","0","0","0","0","0","0","0","0","0","0","0","0","0","0","0","0","0","0","0","0","0","0","0","0","0","0","0","0","0"
"0x7052a1771860","@!P4  IMAD.IADD R47, R47, 0x1, -R4","5","1","5","4224","135168","0","32","0","0","-","-","-","0","0","0","0","0","0","0","0","-","0","0","0","0","0","0","0","0","0","0","0","0","0","3","0","0","0","0","1","0","0","0","0","1","0","0","0","0","0","0","0","1","0","0","0","0","0","0","0","0","0","0"
"0x7052a1771870","      ISETP.GE.AND P4, PT, R24, RZ, PT","0","0","0","4224","135168","135168","32","32","0","-","-","-","0","0","0","0","0","0","0","0","-","0","0","0","0","0","0","0","0","0","0","0","0","0","0","0","0","0","0","0","0","0","0","0","0","0","0","0","0","0","0","0","0","0","0","0","0","0","0","0","0","0","0"
"0x7052a1771880","      IMAD.MOV R2, RZ, RZ, -R2","0","0","0","4224","135168","135168","32","32","0","-","-","-","0","0","0","0","0","0","0","0","-","0","0","0","0","0","0","0","0","0","0","0","0","0","0","0","0","0","0","0","0","0","0","0","0","0","0","0","0","0","0","0","0","0","0","0","0","0","0","0","0","0","0"
"0x7052a1771890","@!P3  IMAD.IADD R53, R53, 0x1, -R4","1","1","1","4224","135168","0","32","0","0","-","-","-","0","0","0","0","0","0","0","0","-","0","0","0","0","0","0","0","0","0","0","0","0","0","1","0","0","0","0","0","0","0","0","0","0","0","0","0","0","0","0","0","1","0","0","0","0","0","0","0","0","0","0"
"0x7052a17718a0","      IMAD R57, R4, R2, R57","1","1","1","4224","135168","135168","32","32","0","-","-","-","0","0","0","0","0","0","0","0","-","0","0","0","0","0","0","0","0","0","0","0","0","0","0","0","0","0","0","0","0","0","0","0","1","0","0","0","0","0","0","0","0","0","0","0","0","0","0","0","0","0","1"
"0x7052a17718b0","@!P0  IMAD.MOV R47, RZ, RZ, -R47","1","0","1","4224","135168","0","32","0","0","-","-","-","0","0","0","0","0","0","0","0","-","0","0","0","0","0","0","0","0","0","0","0","0","0","0","0","0","0","0","0","1","0","0","0","0","0","0","0","0","0","0","0","0","0","0","0","0","0","0","0","0","0","0"
"0x7052a17718c0","      ISETP.GT.U32.AND P0, PT, R4, R9, PT","0","0","0","4224","135168","135168","32","32","0","-","-","-","0","0","0","0","0","0","0","0","-","0","0","0","0","0","0","0","0","0","0","0","0","0","0","0","0","0","0","0","0","0","0","0","0","0","0","0","0","0","0","0","0","0","0","0","0","0","0","0","0","0","0"
"0x7052a17718d0","@!P1  IMAD.IADD R51, R51, 0x1, -R4","0","0","0","4224","135168","0","32","0","0","-","-","-","0","0","0","0","0","0","0","0","-","0","0","0","0","0","0","0","0","0","0","0","0","0","0","0","0","0","0","0","0","0","0","0","0","0","0","0","0","0","0","0","0","0","0","0","0","0","0","0","0","0","0"
"0x7052a17718e0","      ISETP.GT.U32.AND P3, PT, R4, R53, PT","0","0","0","4224","135168","135168","32","32","0","-","-","-","0","0","0","0","0","0","0","0","-","0","0","0","0","0","0","0","0","0","0","0","0","0","0","0","0","0","0","0","0","0","0","0","0","0","0","0","0","0","0","0","0","0","0","0","0","0","0","0","0","0","0"
"0x7052a17718f0","@!P5  IMAD.IADD R49, R49, 0x1, -R4","0","0","0","4224","135168","0","32","0","0","-","-","-","0","0","0","0","0","0","0","0","-","0","0","0","0","0","0","0","0","0","0","0","0","0","0","0","0","0","0","0","0","0","0","0","0","0","0","0","0","0","0","0","0","0","0","0","0","0","0","0","0","0","0"
"0x7052a1771900","      ISETP.GT.U32.AND P1, PT, R4, R57, PT","0","0","0","4224","135168","135168","32","32","0","-","-","-","0","0","0","0","0","0","0","0","-","0","0","0","0","0","0","0","0","0","0","0","0","0","0","0","0","0","0","0","0","0","0","0","0","0","0","0","0","0","0","0","0","0","0","0","0","0","0","0","0","0","0"
"0x7052a1771910","      IMAD.HI.U32 R2, R6, R59, RZ","0","0","0","4224","135168","135168","32","32","0","-","-","-","0","0","0","0","0","0","0","0","-","0","0","0","0","0","0","0","0","0","0","0","0","0","0","0","0","0","0","0","0","0","0","0","0","0","0","0","0","0","0","0","0","0","0","0","0","0","0","0","0","0","0"
"0x7052a1771920","      ISETP.GE.AND P5, PT, R26, RZ, PT","0","0","0","4224","135168","135168","32","32","0","-","-","-","0","0","0","0","0","0","0","0","-","0","0","0","0","0","0","0","0","0","0","0","0","0","0","0","0","0","0","0","0","0","0","0","0","0","0","0","0","0","0","0","0","0","0","0","0","0","0","0","0","0","0"
"0x7052a1771930","      ISETP.GT.U32.AND P6, PT, R4, R49, PT","5","1","5","4224","135168","135168","32","32","0","-","-","-","0","0","0","0","0","0","0","0","-","0","0","0","0","0","0","0","0","0","0","0","0","0","1","0","0","0","0","4","0","0","0","0","0","0","0","0","0","0","0","0","1","0","0","0","0","0","0","0","0","0","0"
"0x7052a1771940","      IMAD.MOV R7, RZ, RZ, -R2","0","0","0","4224","135168","135168","32","32","0","-","-","-","0","0","0","0","0","0","0","0","-","0","0","0","0","0","0","0","0","0","0","0","0","0","0","0","0","0","0","0","0","0","0","0","0","0","0","0","0","0","0","0","0","0","0","0","0","0","0","0","0","0","0"
"0x7052a1771950","      IMAD.HI.U32 R2, R6, R61, RZ","1","0","1","4224","135168","135168","32","32","0","-","-","-","0","0","0","0","0","0","0","0","-","0","0","0","0","0","0","0","0","0","0","0","0","0","0","0","0","0","0","0","1","0","0","0","0","0","0","0","0","0","0","0","0","0","0","0","0","0","0","0","0","0","0"
"0x7052a1771960","@!P0  IMAD.IADD R9, R9, 0x1, -R4","3","2","3","4224","135168","0","32","0","0","-","-","-","0","0","0","0","0","0","0","0","-","0","0","0","0","0","0","0","0","0","0","0","0","0","2","0","0","0","0","0","0","0","0","0","1","0","0","0","0","0","0","0","1","0","0","0","0","0","0","0","0","0","1"
"0x7052a1771970","      ISETP.GE.AND P0, PT, R14, RZ, PT","0","0","0","4224","135168","135168","32","32","0","-","-","-","0","0","0","0","0","0","0","0","-","0","0","0","0","0","0","0","0","0","0","0","0","0","0","0","0","0","0","0","0","0","0","0","0","0","0","0","0","0","0","0","0","0","0","0","0","0","0","0","0","0","0"
"0x7052a1771980","@!P3  IMAD.IADD R53, R53, 0x1, -R4","0","0","0","4224","135168","0","32","0","0","-","-","-","0","0","0","0","0","0","0","0","-","0","0","0","0","0","0","0","0","0","0","0","0","0","0","0","0","0","0","0","0","0","0","0","0","0","0","0","0","0","0","0","0","0","0","0","0","0","0","0","0","0","0"
"0x7052a1771990","      ISETP.GE.AND P3, PT, R8, RZ, PT","0","0","0","4224","135168","135168","32","32","0","-","-","-","0","0","0","0","0","0","0","0","-","0","0","0","0","0","0","0","0","0","0","0","0","0","0","0","0","0","0","0","0","0","0","0","0","0","0","0","0","0","0","0","0","0","0","0","0","0","0","0","0","0","0"
"0x7052a17719a0","@!P1  IMAD.IADD R57, R57, 0x1, -R4","0","0","0","4224","135168","0","32","0","0","-","-","-","0","0","0","0","0","0","0","0","-","0","0","0","0","0","0","0","0","0","0","0","0","0","0","0","0","0","0","0","0","0","0","0","0","0","0","0","0","0","0","0","0","0","0","0","0","0","0","0","0","0","0"
"0x7052a17719b0","      IABS R8, R16","0","0","0","4224","135168","135168","32","32","0","-","-","-","0","0","0","0","0","0","0","0","-","0","0","0","0","0","0","0","0","0","0","0","0","0","0","0","0","0","0","0","0","0","0","0","0","0","0","0","0","0","0","0","0","0","0","0","0","0","0","0","0","0","0"
"0x7052a17719c0","@!P2  IMAD.MOV R43, RZ, RZ, -R43","0","0","0","4224","135168","0","32","0","0","-","-","-","0","0","0","0","0","0","0","0","-","0","0","0","0","0","0","0","0","0","0","0","0","0","0","0","0","0","0","0","0","0","0","0","0","0","0","0","0","0","0","0","0","0","0","0","0","0","0","0","0","0","0"
"0x7052a17719d0","      ISETP.GT.U32.AND P1, PT, R4, R9, PT","0","0","0","4224","135168","135168","32","32","0","-","-","-","0","0","0","0","0","0","0","0","-","0","0","0","0","0","0","0","0","0","0","0","0","0","0","0","0","0","0","0","0","0","0","0","0","0","0","0","0","0","0","0","0","0","0","0","0","0","0","0","0","0","0"
"0x7052a17719e0","      IMAD R59, R4, R7, R59","1","0","1","4224","135168","135168","32","32","0","-","-","-","0","0","0","0","0","0","0","0","-","0","0","0","0","0","0","0","0","0","0","0","0","0","0","0","0","0","0","0","1","0","0","0","0","0","0","0","0","0","0","0","0","0","0","0","0","0","0","0","0","0","0"
"0x7052a17719f0","      ISETP.GE.AND P2, PT, R22, RZ, PT","0","0","0","4224","135168","135168","32","32","0","-","-","-","0","0","0","0","0","0","0","0","-","0","0","0","0","0","0","0","0","0","0","0","0","0","0","0","0","0","0","0","0","0","0","0","0","0","0","0","0","0","0","0","0","0","0","0","0","0","0","0","0","0","0"
"0x7052a1771a00","      IMAD.MOV.U32 R7, RZ, RZ, R8","0","0","0","4224","135168","135168","32","32","0","-","-","-","0","0","0","0","0","0","0","0","-","0","0","0","0","0","0","0","0","0","0","0","0","0","0","0","0","0","0","0","0","0","0","0","0","0","0","0","0","0","0","0","0","0","0","0","0","0","0","0","0","0","0"
"0x7052a1771a10","      LOP3.LUT R14, R16, 0x71, RZ, 0xfc, !PT","0","0","0","4224","135168","135168","32","32","0","-","-","-","0","0","0","0","0","0","0","0","-","0","0","0","0","0","0","0","0","0","0","0","0","0","0","0","0","0","0","0","0","0","0","0","0","0","0","0","0","0","0","0","0","0","0","0","0","0","0","0","0","0","0"
"0x7052a1771a20","      IMAD.MOV R8, RZ, RZ, -R2","0","0","0","4224","135168","135168","32","32","0","-","-","-","0","0","0","0","0","0","0","0","-","0","0","0","0","0","0","0","0","0","0","0","0","0","0","0","0","0","0","0","0","0","0","0","0","0","0","0","0","0","0","0","0","0","0","0","0","0","0","0","0","0","0"
"0x7052a1771a30","@!P6  IMAD.IADD R49, R49, 0x1, -R4","0","0","0","4224","135168","0","32","0","0","-","-","-","0","0","0","0","0","0","0","0","-","0","0","0","0","0","0","0","0","0","0","0","0","0","0","0","0","0","0","0","0","0","0","0","0","0","0","0","0","0","0","0","0","0","0","0","0","0","0","0","0","0","0"
"0x7052a1771a40","      ISETP.GE.AND P6, PT, R18, RZ, PT","0","0","0","4224","135168","135168","32","32","0","-","-","-","0","0","0","0","0","0","0","0","-","0","0","0","0","0","0","0","0","0","0","0","0","0","0","0","0","0","0","0","0","0","0","0","0","0","0","0","0","0","0","0","0","0","0","0","0","0","0","0","0","0","0"
"0x7052a1771a50","      IMAD R61, R4, R8, R61","1","0","1","4224","135168","135168","32","32","0","-","-","-","0","0","0","0","0","0","0","0","-","0","0","0","0","0","0","0","0","0","0","0","0","0","0","0","0","0","0","0","1","0","0","0","0","0","0","0","0","0","0","0","0","0","0","0","0","0","0","0","0","0","0"
"0x7052a1771a60","      LOP3.LUT R8, R16, 0x70, RZ, 0xfc, !PT","1","0","1","4224","135168","135168","32","32","0","-","-","-","0","0","0","0","0","0","0","0","-","0","0","0","0","0","0","0","0","1","0","0","0","0","0","0","0","0","0","0","0","0","0","0","0","0","0","0","0","0","0","0","0","0","0","0","0","0","0","0","0","0","0"
"0x7052a1771a70","      IMAD.HI.U32 R2, R6, R7, RZ","0","0","0","4224","135168","135168","32","32","0","-","-","-","0","0","0","0","0","0","0","0","-","0","0","0","0","0","0","0","0","0","0","0","0","0","0","0","0","0","0","0","0","0","0","0","0","0","0","0","0","0","0","0","0","0","0","0","0","0","0","0","0","0","0"
"0x7052a1771a80","      IABS R67, R14","1","0","1","4224","135168","135168","32","32","0","-","-","-","0","0","0","0","0","0","0","0","-","0","0","0","0","0","0","0","0","0","0","0","0","0","0","0","0","0","0","0","1","0","0","0","0","0","0","0","0","0","0","0","0","0","0","0","0","0","0","0","0","0","0"
"0x7052a1771a90","      IABS R65, R8","1","0","1","4224","135168","135168","32","32","0","-","-","-","0","0","0","0","0","0","0","0","-","0","0","0","0","0","0","0","0","0","0","0","0","0","0","0","0","0","0","0","1","0","0","0","0","0","0","0","0","0","0","0","0","0","0","0","0","0","0","0","0","0","0"
"0x7052a1771aa0","@!P4  IMAD.MOV R51, RZ, RZ, -R51","1","0","1","4224","135168","0","32","0","0","-","-","-","0","0","0","0","0","0","0","0","-","0","0","0","0","0","0","0","0","0","0","0","0","0","0","0","0","0","0","0","1","0","0","0","0","0","0","0","0","0","0","0","0","0","0","0","0","0","0","0","0","0","0"
"0x7052a1771ab0","      ISETP.GT.U32.AND P4, PT, R4, R59, PT","0","0","0","4224","135168","135168","32","32","0","-","-","-","0","0","0","0","0","0","0","0","-","0","0","0","0","0","0","0","0","0","0","0","0","0","0","0","0","0","0","0","0","0","0","0","0","0","0","0","0","0","0","0","0","0","0","0","0","0","0","0","0","0","0"
"0x7052a1771ac0","@!P1  IMAD.IADD R9, R9, 0x1, -R4","0","0","0","4224","135168","0","32","0","0","-","-","-","0","0","0","0","0","0","0","0","-","0","0","0","0","0","0","0","0","0","0","0","0","0","0","0","0","0","0","0","0","0","0","0","0","0","0","0","0","0","0","0","0","0","0","0","0","0","0","0","0","0","0"
"0x7052a1771ad0","      ISETP.GT.U32.AND P1, PT, R4, R61, PT","0","0","0","4224","135168","135168","32","32","0","-","-","-","0","0","0","0","0","0","0","0","-","0","0","0","0","0","0","0","0","0","0","0","0","0","0","0","0","0","0","0","0","0","0","0","0","0","0","0","0","0","0","0","0","0","0","0","0","0","0","0","0","0","0"
"0x7052a1771ae0","      IMAD.MOV R2, RZ, RZ, -R2","1","0","1","4224","135168","135168","32","32","0","-","-","-","0","0","0","0","0","0","0","0","-","0","0","0","0","0","0","0","0","0","0","0","0","0","0","0","0","0","0","0","1","0","0","0","0","0","0","0","0","0","0","0","0","0","0","0","0","0","0","0","0","0","0"
"0x7052a1771af0","@!P2  IMAD.MOV R49, RZ, RZ, -R49","4","0","4","4224","135168","0","32","0","0","-","-","-","0","0","0","0","0","0","0","0","-","0","0","0","0","0","0","0","0","0","0","0","0","0","2","0","0","0","0","1","1","0","0","0","0","0","0","0","0","0","0","0","0","0","0","0","0","0","0","0","0","0","0"
"0x7052a1771b00","      ISETP.GT.U32.AND P2, PT, R4, R57, PT","1","0","1","4224","135168","135168","32","32","0","-","-","-","0","0","0","0","0","0","0","0","-","0","0","0","0","0","0","0","0","0","0","0","0","0","0","0","0","0","0","0","1","0","0","0","0","0","0","0","0","0","0","0","0","0","0","0","0","0","0","0","0","0","0"
"0x7052a1771b10","      IMAD R7, R4, R2, R7","0","0","0","4224","135168","135168","32","32","0","-","-","-","0","0","0","0","0","0","0","0","-","0","0","0","0","0","0","0","0","0","0","0","0","0","0","0","0","0","0","0","0","0","0","0","0","0","0","0","0","0","0","0","0","0","0","0","0","0","0","0","0","0","0"
"0x7052a1771b20","      LOP3.LUT R2, R16, 0x69, RZ, 0xfc, !PT","1","0","1","4224","135168","135168","32","32","0","-","-","-","0","0","0","0","0","0","0","0","-","0","0","0","0","0","0","0","0","0","0","0","0","0","0","0","0","0","0","0","1","0","0","0","0","0","0","0","0","0","0","0","0","0","0","0","0","0","0","0","0","0","0"
"0x7052a1771b30","      IMAD.MOV.U32 R55, RZ, RZ, R9","0","0","0","4224","135168","135168","32","32","0","-","-","-","0","0","0","0","0","0","0","0","-","0","0","0","0","0","0","0","0","0","0","0","0","0","0","0","0","0","0","0","0","0","0","0","0","0","0","0","0","0","0","0","0","0","0","0","0","0","0","0","0","0","0"
"0x7052a1771b40","@!P5  IMAD.MOV R53, RZ, RZ, -R53","3","1","3","4224","135168","0","32","0","0","-","-","-","0","0","0","0","0","0","0","0","-","0","0","0","0","0","0","0","0","0","0","0","0","0","2","0","0","0","0","1","0","0","0","0","0","0","0","0","0","0","0","0","1","0","0","0","0","0","0","0","0","0","0"
"0x7052a1771b50","      IABS R63, R2","0","0","0","4224","135168","135168","32","32","0","-","-","-","0","0","0","0","0","0","0","0","-","0","0","0","0","0","0","0","0","0","0","0","0","0","0","0","0","0","0","0","0","0","0","0","0","0","0","0","0","0","0","0","0","0","0","0","0","0","0","0","0","0","0"
"0x7052a1771b60","@!P6  IMAD.MOV R55, RZ, RZ, -R55","0","0","0","4224","135168","0","32","0","0","-","-","-","0","0","0","0","0","0","0","0","-","0","0","0","0","0","0","0","0","0","0","0","0","0","0","0","0","0","0","0","0","0","0","0","0","0","0","0","0","0","0","0","0","0","0","0","0","0","0","0","0","0","0"
"0x7052a1771b70","      ISETP.GT.U32.AND P6, PT, R4, R7, PT","1","0","1","4224","135168","135168","32","32","0","-","-","-","0","0","0","0","0","0","0","0","-","0","0","0","0","0","0","0","0","0","0","0","0","0","0","0","0","0","0","0","1","0","0","0","0","0","0","0","0","0","0","0","0","0","0","0","0","0","0","0","0","0","0"
"0x7052a1771b80","@!P4  IMAD.IADD R59, R59, 0x1, -R4","1","0","1","4224","135168","0","32","0","0","-","-","-","0","0","0","0","0","0","0","0","-","0","0","0","0","0","0","0","0","0","0","0","0","0","0","0","0","0","0","0","1","0","0","0","0","0","0","0","0","0","0","0","0","0","0","0","0","0","0","0","0","0","0"
"0x7052a1771b90","      ISETP.GE.AND P5, PT, R20, RZ, PT","0","0","0","4224","135168","135168","32","32","0","-","-","-","0","0","0","0","0","0","0","0","-","0","0","0","0","0","0","0","0","0","0","0","0","0","0","0","0","0","0","0","0","0","0","0","0","0","0","0","0","0","0","0","0","0","0","0","0","0","0","0","0","0","0"
"0x7052a1771ba0","@!P1  IMAD.IADD R61, R61, 0x1, -R4","0","0","0","4224","135168","0","32","0","0","-","-","-","0","0","0","0","0","0","0","0","-","0","0","0","0","0","0","0","0","0","0","0","0","0","0","0","0","0","0","0","0","0","0","0","0","0","0","0","0","0","0","0","0","0","0","0","0","0","0","0","0","0","0"
"0x7052a1771bb0","@!P2  IMAD.IADD R57, R57, 0x1, -R4","0","0","0","4224","135168","0","32","0","0","-","-","-","0","0","0","0","0","0","0","0","-","0","0","0","0","0","0","0","0","0","0","0","0","0","0","0","0","0","0","0","0","0","0","0","0","0","0","0","0","0","0","0","0","0","0","0","0","0","0","0","0","0","0"
"0x7052a1771bc0","      ISETP.GE.AND P2, PT, R2, RZ, PT","0","0","0","4224","135168","135168","32","32","0","-","-","-","0","0","0","0","0","0","0","0","-","0","0","0","0","0","0","0","0","0","0","0","0","0","0","0","0","0","0","0","0","0","0","0","0","0","0","0","0","0","0","0","0","0","0","0","0","0","0","0","0","0","0"
"0x7052a1771bd0","      IMAD.HI.U32 R2, R6, R63, RZ","1","0","1","4224","135168","135168","32","32","0","-","-","-","0","0","0","0","0","0","0","0","-","0","0","0","0","0","0","0","0","0","0","0","0","0","0","0","0","0","0","0","1","0","0","0","0","0","0","0","0","0","0","0","0","0","0","0","0","0","0","0","0","0","0"
"0x7052a1771be0","      ISETP.GT.U32.AND P4, PT, R4, R59, PT","1","0","1","4224","135168","135168","32","32","0","-","-","-","0","0","0","0","0","0","0","0","-","0","0","0","0","0","0","0","0","0","0","0","0","0","0","0","0","0","0","0","1","0","0","0","0","0","0","0","0","0","0","0","0","0","0","0","0","0","0","0","0","0","0"
"0x7052a1771bf0","      ISETP.GT.U32.AND P1, PT, R4, R61, PT","0","0","0","4224","135168","135168","32","32","0","-","-","-","0","0","0","0","0","0","0","0","-","0","0","0","0","0","0","0","0","0","0","0","0","0","0","0","0","0","0","0","0","0","0","0","0","0","0","0","0","0","0","0","0","0","0","0","0","0","0","0","0","0","0"
"0x7052a1771c00","      IMAD.MOV R9, RZ, RZ, -R2","1","0","1","4224","135168","135168","32","32","0","-","-","-","0","0","0","0","0","0","0","0","-","0","0","0","0","0","0","0","0","0","0","0","0","0","0","0","0","0","0","0","1","0","0","0","0","0","0","0","0","0","0","0","0","0","0","0","0","0","0","0","0","0","0"
"0x7052a1771c10","@!P6  IMAD.IADD R7, R7, 0x1, -R4","3","0","3","4224","135168","0","32","0","0","-","-","-","0","0","0","0","0","0","0","0","-","0","0","0","0","0","0","0","0","0","0","0","0","0","1","0","0","0","0","1","0","0","0","0","1","0","0","0","0","0","0","0","0","0","0","0","0","0","0","0","0","0","0"
"0x7052a1771c20","      IMAD.HI.U32 R2, R6, R65, RZ","2","0","2","4224","135168","135168","32","32","0","-","-","-","0","0","0","0","0","0","0","0","-","0","0","0","0","0","0","0","0","0","0","0","0","0","1","0","0","0","0","1","0","0","0","0","0","0","0","0","0","0","0","0","0","0","0","0","0","0","0","0","0","0","0"
"0x7052a1771c30","      ISETP.GT.U32.AND P6, PT, R4, R7, PT","2","1","2","4224","135168","135168","32","32","0","-","-","-","0","0","0","0","0","0","0","0","-","0","0","0","0","0","0","0","0","0","0","0","0","0","1","0","0","0","0","0","0","0","0","0","1","0","0","0","0","0","0","0","0","0","0","0","0","0","0","0","0","0","1"
"0x7052a1771c40","      IMAD R63, R4, R9, R63","0","0","0","4224","135168","135168","32","32","0","-","-","-","0","0","0","0","0","0","0","0","-","0","0","0","0","0","0","0","0","0","0","0","0","0","0","0","0","0","0","0","0","0","0","0","0","0","0","0","0","0","0","0","0","0","0","0","0","0","0","0","0","0","0"
"0x7052a1771c50","@!P4  IMAD.IADD R59, R59, 0x1, -R4","1","0","1","4224","135168","0","32","0","0","-","-","-","0","0","0","0","0","0","0","0","-","0","0","0","0","0","0","0","0","0","0","0","0","0","1","0","0","0","0","0","0","0","0","0","0","0","0","0","0","0","0","0","0","0","0","0","0","0","0","0","0","0","0"
"0x7052a1771c60","      ISETP.GE.AND P4, PT, R14, RZ, PT","0","0","0","4224","135168","135168","32","32","0","-","-","-","0","0","0","0","0","0","0","0","-","0","0","0","0","0","0","0","0","0","0","0","0","0","0","0","0","0","0","0","0","0","0","0","0","0","0","0","0","0","0","0","0","0","0","0","0","0","0","0","0","0","0"
"0x7052a1771c70","      IMAD.MOV R2, RZ, RZ, -R2","1","0","1","4224","135168","135168","32","32","0","-","-","-","0","0","0","0","0","0","0","0","-","0","0","0","0","0","0","0","0","0","0","0","0","0","0","0","0","0","0","0","1","0","0","0","0","0","0","0","0","0","0","0","0","0","0","0","0","0","0","0","0","0","0"
"0x7052a1771c80","      IABS R14, R81","0","0","0","4224","135168","135168","32","32","0","-","-","-","0","0","0","0","0","0","0","0","-","0","0","0","0","0","0","0","0","0","0","0","0","0","0","0","0","0","0","0","0","0","0","0","0","0","0","0","0","0","0","0","0","0","0","0","0","0","0","0","0","0","0"
"0x7052a1771c90","@!P1  IMAD.IADD R61, R61, 0x1, -R4","0","0","0","4224","135168","0","32","0","0","-","-","-","0","0","0","0","0","0","0","0","-","0","0","0","0","0","0","0","0","0","0","0","0","0","0","0","0","0","0","0","0","0","0","0","0","0","0","0","0","0","0","0","0","0","0","0","0","0","0","0","0","0","0"
"0x7052a1771ca0","      ISETP.GT.U32.AND P1, PT, R4, R63, PT","0","0","0","4224","135168","135168","32","32","0","-","-","-","0","0","0","0","0","0","0","0","-","0","0","0","0","0","0","0","0","0","0","0","0","0","0","0","0","0","0","0","0","0","0","0","0","0","0","0","0","0","0","0","0","0","0","0","0","0","0","0","0","0","0"
"0x7052a1771cb0","      IMAD R65, R4, R2, R65","1","0","1","4224","135168","135168","32","32","0","-","-","-","0","0","0","0","0","0","0","0","-","0","0","0","0","0","0","0","0","0","0","0","0","0","0","0","0","0","0","0","1","0","0","0","0","0","0","0","0","0","0","0","0","0","0","0","0","0","0","0","0","0","0"
"0x7052a1771cc0","      LOP3.LUT R2, R16, 0x78, RZ, 0xfc, !PT","0","0","0","4224","135168","135168","32","32","0","-","-","-","0","0","0","0","0","0","0","0","-","0","0","0","0","0","0","0","0","0","0","0","0","0","0","0","0","0","0","0","0","0","0","0","0","0","0","0","0","0","0","0","0","0","0","0","0","0","0","0","0","0","0"
"0x7052a1771cd0","@!P0  IMAD.MOV R59, RZ, RZ, -R59","0","0","0","4224","135168","0","32","0","0","-","-","-","0","0","0","0","0","0","0","0","-","0","0","0","0","0","0","0","0","0","0","0","0","0","0","0","0","0","0","0","0","0","0","0","0","0","0","0","0","0","0","0","0","0","0","0","0","0","0","0","0","0","0"
"0x7052a1771ce0","      ISETP.GE.AND P0, PT, R16, RZ, PT","0","0","0","4224","135168","135168","32","32","0","-","-","-","0","0","0","0","0","0","0","0","-","0","0","0","0","0","0","0","0","0","0","0","0","0","0","0","0","0","0","0","0","0","0","0","0","0","0","0","0","0","0","0","0","0","0","0","0","0","0","0","0","0","0"
"0x7052a1771cf0","@!P6  IMAD.IADD R7, R7, 0x1, -R4","0","0","0","4224","135168","0","32","0","0","-","-","-","0","0","0","0","0","0","0","0","-","0","0","0","0","0","0","0","0","0","0","0","0","0","0","0","0","0","0","0","0","0","0","0","0","0","0","0","0","0","0","0","0","0","0","0","0","0","0","0","0","0","0"
"0x7052a1771d00","      IABS R73, R2","0","0","0","4224","135168","135168","32","32","0","-","-","-","0","0","0","0","0","0","0","0","-","0","0","0","0","0","0","0","0","0","0","0","0","0","0","0","0","0","0","0","0","0","0","0","0","0","0","0","0","0","0","0","0","0","0","0","0","0","0","0","0","0","0"
"0x7052a1771d10","@!P5  IMAD.MOV R61, RZ, RZ, -R61","2","0","2","4224","135168","0","32","0","0","-","-","-","0","0","0","0","0","0","0","0","-","0","0","0","0","0","0","0","0","0","0","0","0","0","0","0","0","0","0","0","2","0","0","0","0","0","0","0","0","0","0","0","0","0","0","0","0","0","0","0","0","0","0"
"0x7052a1771d20","      ISETP.GE.AND P5, PT, R2, RZ, PT","0","0","0","4224","135168","135168","32","32","0","-","-","-","0","0","0","0","0","0","0","0","-","0","0","0","0","0","0","0","0","0","0","0","0","0","0","0","0","0","0","0","0","0","0","0","0","0","0","0","0","0","0","0","0","0","0","0","0","0","0","0","0","0","0"
"0x7052a1771d30","      IMAD.MOV.U32 R9, RZ, RZ, R7","0","0","0","4224","135168","135168","32","32","0","-","-","-","0","0","0","0","0","0","0","0","-","0","0","0","0","0","0","0","0","0","0","0","0","0","0","0","0","0","0","0","0","0","0","0","0","0","0","0","0","0","0","0","0","0","0","0","0","0","0","0","0","0","0"
"0x7052a1771d40","      ISETP.NE.AND P6, PT, R72, RZ, PT","0","0","0","4224","135168","135168","32","32","0","-","-","-","0","0","0","0","0","0","0","0","-","0","0","0","0","0","0","0","0","0","0","0","0","0","0","0","0","0","0","0","0","0","0","0","0","0","0","0","0","0","0","0","0","0","0","0","0","0","0","0","0","0","0"
"0x7052a1771d50","      IMAD.HI.U32 R2, R6, R73, RZ","0","0","0","4224","135168","135168","32","32","0","-","-","-","0","0","0","0","0","0","0","0","-","0","0","0","0","0","0","0","0","0","0","0","0","0","0","0","0","0","0","0","0","0","0","0","0","0","0","0","0","0","0","0","0","0","0","0","0","0","0","0","0","0","0"
"0x7052a1771d60","      LOP3.LUT R72, RZ, R72, RZ, 0x33, !PT","0","0","0","4224","135168","135168","32","32","0","-","-","-","0","0","0","0","0","0","0","0","-","0","0","0","0","0","0","0","0","0","0","0","0","0","0","0","0","0","0","0","0","0","0","0","0","0","0","0","0","0","0","0","0","0","0","0","0","0","0","0","0","0","0"
"0x7052a1771d70","      LOP3.LUT R16, R16, 0x79, RZ, 0xfc, !PT","4","0","4","4224","135168","135168","32","32","0","-","-","-","0","0","0","0","0","0","0","0","-","0","0","0","0","0","0","0","0","0","0","0","0","0","2","0","0","0","0","2","0","0","0","0","0","0","0","0","0","0","0","0","0","0","0","0","0","0","0","0","0","0","0"
"0x7052a1771d80","@!P1  IMAD.IADD R63, R63, 0x1, -R4","0","0","0","4224","135168","0","32","0","0","-","-","-","0","0","0","0","0","0","0","0","-","0","0","0","0","0","0","0","0","0","0","0","0","0","0","0","0","0","0","0","0","0","0","0","0","0","0","0","0","0","0","0","0","0","0","0","0","0","0","0","0","0","0"
"0x7052a1771d90","      SEL R18, R72, R11, !P6","0","0","0","4224","135168","135168","32","32","0","-","-","-","0","0","0","0","0","0","0","0","-","0","0","0","0","0","0","0","0","0","0","0","0","0","0","0","0","0","0","0","0","0","0","0","0","0","0","0","0","0","0","0","0","0","0","0","0","0","0","0","0","0","0"
"0x7052a1771da0","@!P0  IMAD.MOV R9, RZ, RZ, -R9","1","0","1","4224","135168","0","32","0","0","-","-","-","0","0","0","0","0","0","0","0","-","0","0","0","0","0","0","0","0","0","0","0","0","0","0","0","0","0","0","0","1","0","0","0","0","0","0","0","0","0","0","0","0","0","0","0","0","0","0","0","0","0","0"
"0x7052a1771db0","      IABS R75, R16","0","0","0","4224","135168","135168","32","32","0","-","-","-","0","0","0","0","0","0","0","0","-","0","0","0","0","0","0","0","0","0","0","0","0","0","0","0","0","0","0","0","0","0","0","0","0","0","0","0","0","0","0","0","0","0","0","0","0","0","0","0","0","0","0"
"0x7052a1771dc0","      IMAD.MOV R2, RZ, RZ, -R2","0","0","0","4224","135168","135168","32","32","0","-","-","-","0","0","0","0","0","0","0","0","-","0","0","0","0","0","0","0","0","0","0","0","0","0","0","0","0","0","0","0","0","0","0","0","0","0","0","0","0","0","0","0","0","0","0","0","0","0","0","0","0","0","0"
"0x7052a1771dd0","      ISETP.GT.U32.AND P0, PT, R4, R63, PT","1","0","1","4224","135168","135168","32","32","0","-","-","-","0","0","0","0","0","0","0","0","-","0","0","0","0","0","0","0","0","0","0","0","0","0","0","0","0","0","0","0","1","0","0","0","0","0","0","0","0","0","0","0","0","0","0","0","0","0","0","0","0","0","0"
"0x7052a1771de0","@!P3  IMAD.MOV R57, RZ, RZ, -R57","1","0","1","4224","135168","0","32","0","0","-","-","-","0","0","0","0","0","0","0","0","-","0","0","0","0","0","0","0","0","0","0","0","0","0","0","0","0","0","0","0","1","0","0","0","0","0","0","0","0","0","0","0","0","0","0","0","0","0","0","0","0","0","0"
"0x7052a1771df0","      ISETP.GE.AND P3, PT, R8, RZ, PT","1","0","1","4224","135168","135168","32","32","0","-","-","-","0","0","0","0","0","0","0","0","-","0","0","0","0","0","0","0","0","0","0","0","0","0","0","0","0","0","0","0","1","0","0","0","0","0","0","0","0","0","0","0","0","0","0","0","0","0","0","0","0","0","0"
"0x7052a1771e00","      IMAD.MOV.U32 R7, RZ, RZ, R14","0","0","0","4224","135168","135168","32","32","0","-","-","-","0","0","0","0","0","0","0","0","-","0","0","0","0","0","0","0","0","0","0","0","0","0","0","0","0","0","0","0","0","0","0","0","0","0","0","0","0","0","0","0","0","0","0","0","0","0","0","0","0","0","0"
"0x7052a1771e10","      SEL R77, R72, R9, !P6","0","0","0","4224","135168","135168","32","32","0","-","-","-","0","0","0","0","0","0","0","0","-","0","0","0","0","0","0","0","0","0","0","0","0","0","0","0","0","0","0","0","0","0","0","0","0","0","0","0","0","0","0","0","0","0","0","0","0","0","0","0","0","0","0"
"0x7052a1771e20","      IMAD.HI.U32 R8, R6, R67, RZ","1","0","1","4224","135168","135168","32","32","0","-","-","-","0","0","0","0","0","0","0","0","-","0","0","0","0","0","0","0","0","0","0","0","0","0","0","0","0","0","0","0","1","0","0","0","0","0","0","0","0","0","0","0","0","0","0","0","0","0","0","0","0","0","0"
"0x7052a1771e30","      ISETP.GE.AND P1, PT, R16, RZ, PT","0","0","0","4224","135168","135168","32","32","0","-","-","-","0","0","0","0","0","0","0","0","-","0","0","0","0","0","0","0","0","0","0","0","0","0","0","0","0","0","0","0","0","0","0","0","0","0","0","0","0","0","0","0","0","0","0","0","0","0","0","0","0","0","0"
"0x7052a1771e40","      SHF.R.S32.HI R9, RZ, 0x1f, R18","8","2","8","4224","135168","135168","32","32","0","-","-","-","0","0","0","0","0","0","0","0","-","0","0","0","0","0","0","0","0","3","0","0","0","0","3","0","0","0","0","2","0","0","0","0","0","0","0","0","0","0","0","0","2","0","0","0","0","0","0","0","0","0","0"
"0x7052a1771e50","      IMAD R11, R4, R2, R73","1","0","1","4224","135168","135168","32","32","0","-","-","-","0","0","0","0","0","0","0","0","-","0","0","0","0","0","0","0","0","0","0","0","0","0","0","0","0","0","0","0","1","0","0","0","0","0","0","0","0","0","0","0","0","0","0","0","0","0","0","0","0","0","0"
"0x7052a1771e60","      SEL R19, R72, R19, !P6","0","0","0","4224","135168","135168","32","32","0","-","-","-","0","0","0","0","0","0","0","0","-","0","0","0","0","0","0","0","0","0","0","0","0","0","0","0","0","0","0","0","0","0","0","0","0","0","0","0","0","0","0","0","0","0","0","0","0","0","0","0","0","0","0"
"0x7052a1771e70","      I2F.RP R2, R7","1","0","1","4224","135168","135168","32","32","0","-","-","-","0","0","0","0","0","0","0","0","-","0","0","0","0","0","0","0","0","0","0","0","0","0","0","0","0","0","0","0","1","0","0","0","0","0","0","0","0","0","0","0","0","0","0","0","0","0","0","0","0","0","0"
"0x7052a1771e80","      IMAD.MOV R8, RZ, RZ, -R8","0","0","0","4224","135168","135168","32","32","0","-","-","-","0","0","0","0","0","0","0","0","-","0","0","0","0","0","0","0","0","0","0","0","0","0","0","0","0","0","0","0","0","0","0","0","0","0","0","0","0","0","0","0","0","0","0","0","0","0","0","0","0","0","0"
"0x7052a1771e90","      SEL R20, R72, R21, !P6","1","0","1","4224","135168","135168","32","32","0","-","-","-","0","0","0","0","0","0","0","0","-","0","0","0","0","0","0","0","0","0","0","0","0","0","0","0","0","0","0","0","1","0","0","0","0","0","0","0","0","0","0","0","0","0","0","0","0","0","0","0","0","0","0"
"0x7052a1771ea0","@!P0  IMAD.IADD R63, R63, 0x1, -R4","0","0","0","4224","135168","0","32","0","0","-","-","-","0","0","0","0","0","0","0","0","-","0","0","0","0","0","0","0","0","0","0","0","0","0","0","0","0","0","0","0","0","0","0","0","0","0","0","0","0","0","0","0","0","0","0","0","0","0","0","0","0","0","0"
"0x7052a1771eb0","      ISETP.GT.U32.AND P0, PT, R4, R65, PT","0","0","0","4224","135168","135168","32","32","0","-","-","-","0","0","0","0","0","0","0","0","-","0","0","0","0","0","0","0","0","0","0","0","0","0","0","0","0","0","0","0","0","0","0","0","0","0","0","0","0","0","0","0","0","0","0","0","0","0","0","0","0","0","0"
"0x7052a1771ec0","      IMAD R67, R4, R8, R67","1","0","1","4224","135168","135168","32","32","0","-","-","-","0","0","0","0","0","0","0","0","-","0","0","0","0","0","0","0","0","0","0","0","0","0","0","0","0","0","0","0","1","0","0","0","0","0","0","0","0","0","0","0","0","0","0","0","0","0","0","0","0","0","0"
"0x7052a1771ed0","      SEL R21, R72, R23, !P6","0","0","0","4224","135168","135168","32","32","0","-","-","-","0","0","0","0","0","0","0","0","-","0","0","0","0","0","0","0","0","0","0","0","0","0","0","0","0","0","0","0","0","0","0","0","0","0","0","0","0","0","0","0","0","0","0","0","0","0","0","0","0","0","0"
"0x7052a1771ee0","      IMAD.HI.U32 R8, R6, R75, RZ","1","0","1","4224","135168","135168","32","32","0","-","-","-","0","0","0","0","0","0","0","0","-","0","0","0","0","0","0","0","0","0","0","0","0","0","0","0","0","0","0","0","1","0","0","0","0","0","0","0","0","0","0","0","0","0","0","0","0","0","0","0","0","0","0"
"0x7052a1771ef0","      SEL R25, R72, R25, !P6","0","0","0","4224","135168","135168","32","32","0","-","-","-","0","0","0","0","0","0","0","0","-","0","0","0","0","0","0","0","0","0","0","0","0","0","0","0","0","0","0","0","0","0","0","0","0","0","0","0","0","0","0","0","0","0","0","0","0","0","0","0","0","0","0"
"0x7052a1771f00","      SEL R29, R72, R29, !P6","2","2","2","4224","135168","135168","32","32","0","-","-","-","0","0","0","0","0","0","0","0","-","0","0","0","0","0","0","0","0","0","0","0","0","0","2","0","0","0","0","0","0","0","0","0","0","0","0","0","0","0","0","0","2","0","0","0","0","0","0","0","0","0","0"
"0x7052a1771f10","      IMAD.MOV R14, RZ, RZ, -R8","0","0","0","4224","135168","135168","32","32","0","-","-","-","0","0","0","0","0","0","0","0","-","0","0","0","0","0","0","0","0","0","0","0","0","0","0","0","0","0","0","0","0","0","0","0","0","0","0","0","0","0","0","0","0","0","0","0","0","0","0","0","0","0","0"
"0x7052a1771f20","      SHF.R.S32.HI R8, RZ, 0x1f, R77","0","0","0","4224","135168","135168","32","32","0","-","-","-","0","0","0","0","0","0","0","0","-","0","0","0","0","0","0","0","0","0","0","0","0","0","0","0","0","0","0","0","0","0","0","0","0","0","0","0","0","0","0","0","0","0","0","0","0","0","0","0","0","0","0"
"0x7052a1771f30","@!P2  IMAD.MOV R63, RZ, RZ, -R63","0","0","0","4224","135168","0","32","0","0","-","-","-","0","0","0","0","0","0","0","0","-","0","0","0","0","0","0","0","0","0","0","0","0","0","0","0","0","0","0","0","0","0","0","0","0","0","0","0","0","0","0","0","0","0","0","0","0","0","0","0","0","0","0"
"0x7052a1771f40","      ISETP.GT.U32.AND P2, PT, R4, R67, PT","2","0","2","4224","135168","135168","32","32","0","-","-","-","0","0","0","0","0","0","0","0","-","0","0","0","0","0","0","0","0","0","0","0","0","0","0","0","0","0","0","0","2","0","0","0","0","0","0","0","0","0","0","0","0","0","0","0","0","0","0","0","0","0","0"
"0x7052a1771f50","      IMAD R73, R4, R14, R75","1","0","1","4224","135168","135168","32","32","0","-","-","-","0","0","0","0","0","0","0","0","-","0","0","0","0","0","0","0","0","0","0","0","0","0","0","0","0","0","0","0","1","0","0","0","0","0","0","0","0","0","0","0","0","0","0","0","0","0","0","0","0","0","0"
"0x7052a1771f60","      MUFU.RCP R2, R2","1","0","1","4224","135168","135168","32","32","0","-","-","-","0","0","0","0","0","0","0","0","-","0","0","0","0","0","0","0","0","0","0","0","0","0","0","0","0","0","0","0","1","0","0","0","0","0","0","0","0","0","0","0","0","0","0","0","0","0","0","0","0","0","0"
"0x7052a1771f70","      SEL R75, R72, R13, !P6","0","0","0","4224","135168","135168","32","32","0","-","-","-","0","0","0","0","0","0","0","0","-","0","0","0","0","0","0","0","0","0","0","0","0","0","0","0","0","0","0","0","0","0","0","0","0","0","0","0","0","0","0","0","0","0","0","0","0","0","0","0","0","0","0"
"0x7052a1771f80","@!P0  IMAD.IADD R65, R65, 0x1, -R4","0","0","0","4224","135168","0","32","0","0","-","-","-","0","0","0","0","0","0","0","0","-","0","0","0","0","0","0","0","0","0","0","0","0","0","0","0","0","0","0","0","0","0","0","0","0","0","0","0","0","0","0","0","0","0","0","0","0","0","0","0","0","0","0"
"0x7052a1771f90","      LEA.HI R16, R8, R77, RZ, 0x7","0","0","0","4224","135168","135168","32","32","0","-","-","-","0","0","0","0","0","0","0","0","-","0","0","0","0","0","0","0","0","0","0","0","0","0","0","0","0","0","0","0","0","0","0","0","0","0","0","0","0","0","0","0","0","0","0","0","0","0","0","0","0","0","0"
"0x7052a1771fa0","      SHF.R.S32.HI R8, RZ, 0x1f, R75","1","0","1","4224","135168","135168","32","32","0","-","-","-","0","0","0","0","0","0","0","0","-","0","0","0","0","0","0","0","0","0","0","0","0","0","0","0","0","0","0","1","0","0","0","0","0","0","0","0","0","0","0","0","0","0","0","0","0","0","0","0","0","0","0"
"0x7052a1771fb0","      SEL R14, R72, R15, !P6","2","1","2","4224","135168","135168","32","32","0","-","-","-","0","0","0","0","0","0","0","0","-","0","0","0","0","0","0","0","0","0","0","0","0","0","2","0","0","0","0","0","0","0","0","0","0","0","0","0","0","0","0","0","1","0","0","0","0","0","0","0","0","0","0"
"0x7052a1771fc0","      SEL R77, R72, R17, !P6","1","0","1","4224","135168","135168","32","32","0","-","-","-","0","0","0","0","0","0","0","0","-","0","0","0","0","0","0","0","0","0","0","0","0","0","0","0","0","0","0","1","0","0","0","0","0","0","0","0","0","0","0","0","0","0","0","0","0","0","0","0","0","0","0"
"0x7052a1771fd0","      LEA.HI R13, R9, R18, RZ, 0x7","1","0","1","4224","135168","135168","32","32","0","-","-","-","0","0","0","0","0","0","0","0","-","0","0","0","0","0","0","0","0","0","0","0","0","0","0","0","0","0","0","0","1","0","0","0","0","0","0","0","0","0","0","0","0","0","0","0","0","0","0","0","0","0","0"
"0x7052a1771fe0","@!P2  IMAD.IADD R67, R67, 0x1, -R4","0","0","0","4224","135168","0","32","0","0","-","-","-","0","0","0","0","0","0","0","0","-","0","0","0","0","0","0","0","0","0","0","0","0","0","0","0","0","0","0","0","0","0","0","0","0","0","0","0","0","0","0","0","0","0","0","0","0","0","0","0","0","0","0"
"0x7052a1771ff0","      LEA.HI R15, R8, R75, RZ, 0x7","0","0","0","4224","135168","135168","32","32","0","-","-","-","0","0","0","0","0","0","0","0","-","0","0","0","0","0","0","0","0","0","0","0","0","0","0","0","0","0","0","0","0","0","0","0","0","0","0","0","0","0","0","0","0","0","0","0","0","0","0","0","0","0","0"
"0x7052a1772000","      SHF.R.S32.HI R9, RZ, 0x1f, R14","0","0","0","4224","135168","135168","32","32","0","-","-","-","0","0","0","0","0","0","0","0","-","0","0","0","0","0","0","0","0","0","0","0","0","0","0","0","0","0","0","0","0","0","0","0","0","0","0","0","0","0","0","0","0","0","0","0","0","0","0","0","0","0","0"
"0x7052a1772010","      SHF.R.S32.HI R8, RZ, 0x1f, R77","0","0","0","4224","135168","135168","32","32","0","-","-","-","0","0","0","0","0","0","0","0","-","0","0","0","0","0","0","0","0","0","0","0","0","0","0","0","0","0","0","0","0","0","0","0","0","0","0","0","0","0","0","0","0","0","0","0","0","0","0","0","0","0","0"
"0x7052a1772020","      VIADD R2, R2, 0xffffffe","0","0","0","4224","135168","135168","32","32","0","-","-","-","0","0","0","0","0","0","0","0","-","0","0","0","0","0","0","0","0","0","0","0","0","0","0","0","0","0","0","0","0","0","0","0","0","0","0","0","0","0","0","0","0","0","0","0","0","0","0","0","0","0","0"
"0x7052a1772030","      ISETP.GT.U32.AND P0, PT, R4, R65, PT","1","0","1","4224","135168","135168","32","32","0","-","-","-","0","0","0","0","0","0","0","0","-","0","0","0","0","0","0","0","0","1","0","0","0","0","0","0","0","0","0","0","0","0","0","0","0","0","0","0","0","0","0","0","0","0","0","0","0","0","0","0","0","0","0"
"0x7052a1772040","      LEA.HI R17, R9, R14, RZ, 0x7","3","1","3","4224","135168","135168","32","32","0","-","-","-","0","0","0","0","0","0","0","0","-","0","0","0","0","0","0","0","0","0","0","0","0","0","1","0","0","0","0","2","0","0","0","0","0","0","0","0","0","0","0","0","1","0","0","0","0","0","0","0","0","0","0"
"0x7052a1772050","      LEA.HI R18, R8, R77, RZ, 0x7","2","1","2","4224","135168","135168","32","32","0","-","-","-","0","0","0","0","0","0","0","0","-","0","0","0","0","0","0","0","0","0","0","0","0","0","0","0","0","0","0","0","0","0","0","0","2","0","0","0","0","0","0","0","0","0","0","0","0","0","0","0","0","0","1"
"0x7052a1772060","      SHF.R.S32.HI R8, RZ, 0x1f, R19","1","1","1","4224","135168","135168","32","32","0","-","-","-","0","0","0","0","0","0","0","0","-","0","0","0","0","0","0","0","0","0","0","0","0","0","0","0","0","0","0","0","0","0","0","0","1","0","0","0","0","0","0","0","0","0","0","0","0","0","0","0","0","0","1"
"0x7052a1772070","      SHF.R.S32.HI R9, RZ, 0x1f, R20","0","0","0","4224","135168","135168","32","32","0","-","-","-","0","0","0","0","0","0","0","0","-","0","0","0","0","0","0","0","0","0","0","0","0","0","0","0","0","0","0","0","0","0","0","0","0","0","0","0","0","0","0","0","0","0","0","0","0","0","0","0","0","0","0"
"0x7052a1772080","      ISETP.GT.U32.AND P2, PT, R4, R67, PT","1","1","1","4224","135168","135168","32","32","0","-","-","-","0","0","0","0","0","0","0","0","-","0","0","0","0","0","0","0","0","0","0","0","0","0","0","0","0","0","0","0","0","0","0","0","1","0","0","0","0","0","0","0","0","0","0","0","0","0","0","0","0","0","1"
"0x7052a1772090","      LEA.HI R19, R8, R19, RZ, 0x7","1","0","1","4224","135168","135168","32","32","0","-","-","-","0","0","0","0","0","0","0","0","-","0","0","0","0","0","0","0","0","0","0","0","0","0","1","0","0","0","0","0","0","0","0","0","0","0","0","0","0","0","0","0","0","0","0","0","0","0","0","0","0","0","0"
"0x7052a17720a0","@!P0  IMAD.IADD R65, R65, 0x1, -R4","0","0","0","4224","135168","0","32","0","0","-","-","-","0","0","0","0","0","0","0","0","-","0","0","0","0","0","0","0","0","0","0","0","0","0","0","0","0","0","0","0","0","0","0","0","0","0","0","0","0","0","0","0","0","0","0","0","0","0","0","0","0","0","0"
"0x7052a17720b0","      LEA.HI R20, R9, R20, RZ, 0x7","1","0","1","4224","135168","135168","32","32","0","-","-","-","0","0","0","0","0","0","0","0","-","0","0","0","0","0","0","0","0","0","0","0","0","0","0","0","0","0","0","0","1","0","0","0","0","0","0","0","0","0","0","0","0","0","0","0","0","0","0","0","0","0","0"
"0x7052a17720c0","      SHF.R.S32.HI R8, RZ, 0x1f, R21","6","2","6","4224","135168","135168","32","32","0","-","-","-","0","0","0","0","0","0","0","0","-","0","0","0","0","0","0","0","0","0","0","0","0","0","2","0","0","0","0","3","1","0","0","0","0","0","0","0","0","0","0","0","2","0","0","0","0","0","0","0","0","0","0"
"0x7052a17720d0","      F2I.FTZ.U32.TRUNC.NTZ R9, R2","0","0","0","4224","135168","135168","32","32","0","-","-","-","0","0","0","0","0","0","0","0","-","0","0","0","0","0","0","0","0","0","0","0","0","0","0","0","0","0","0","0","0","0","0","0","0","0","0","0","0","0","0","0","0","0","0","0","0","0","0","0","0","0","0"
"0x7052a17720e0","      ISETP.GT.U32.AND P0, PT, R4, R11, PT","1","0","1","4224","135168","135168","32","32","0","-","-","-","0","0","0","0","0","0","0","0","-","0","0","0","0","0","0","0","0","1","0","0","0","0","0","0","0","0","0","0","0","0","0","0","0","0","0","0","0","0","0","0","0","0","0","0","0","0","0","0","0","0","0"
"0x7052a17720f0","@!P3  IMAD.MOV R65, RZ, RZ, -R65","0","0","0","4224","135168","0","32","0","0","-","-","-","0","0","0","0","0","0","0","0","-","0","0","0","0","0","0","0","0","0","0","0","0","0","0","0","0","0","0","0","0","0","0","0","0","0","0","0","0","0","0","0","0","0","0","0","0","0","0","0","0","0","0"
"0x7052a1772100","      LEA.HI R21, R8, R21, RZ, 0x7","0","0","0","4224","135168","135168","32","32","0","-","-","-","0","0","0","0","0","0","0","0","-","0","0","0","0","0","0","0","0","0","0","0","0","0","0","0","0","0","0","0","0","0","0","0","0","0","0","0","0","0","0","0","0","0","0","0","0","0","0","0","0","0","0"
"0x7052a1772110","      SHF.R.S32.HI R8, RZ, 0x1f, R25","1","0","1","4224","135168","135168","32","32","0","-","-","-","0","0","0","0","0","0","0","0","-","0","0","0","0","0","0","0","0","1","0","0","0","0","0","0","0","0","0","0","0","0","0","0","0","0","0","0","0","0","0","0","0","0","0","0","0","0","0","0","0","0","0"
"0x7052a1772120","@!P2  IMAD.IADD R67, R67, 0x1, -R4","1","0","1","4224","135168","0","32","0","0","-","-","-","0","0","0","0","0","0","0","0","-","0","0","0","0","0","0","0","0","0","0","0","0","0","0","0","0","0","0","0","1","0","0","0","0","0","0","0","0","0","0","0","0","0","0","0","0","0","0","0","0","0","0"
"0x7052a1772130","      SEL R23, R72, R27, !P6","0","0","0","4224","135168","135168","32","32","0","-","-","-","0","0","0","0","0","0","0","0","-","0","0","0","0","0","0","0","0","0","0","0","0","0","0","0","0","0","0","0","0","0","0","0","0","0","0","0","0","0","0","0","0","0","0","0","0","0","0","0","0","0","0"
"0x7052a1772140","      LEA.HI R22, R8, R25, RZ, 0x7","0","0","0","4224","135168","135168","32","32","0","-","-","-","0","0","0","0","0","0","0","0","-","0","0","0","0","0","0","0","0","0","0","0","0","0","0","0","0","0","0","0","0","0","0","0","0","0","0","0","0","0","0","0","0","0","0","0","0","0","0","0","0","0","0"
"0x7052a1772150","@!P4  IMAD.MOV R67, RZ, RZ, -R67","1","0","1","4224","135168","0","32","0","0","-","-","-","0","0","0","0","0","0","0","0","-","0","0","0","0","0","0","0","0","0","0","0","0","0","0","0","0","0","0","0","1","0","0","0","0","0","0","0","0","0","0","0","0","0","0","0","0","0","0","0","0","0","0"
"0x7052a1772160","      SHF.R.S32.HI R8, RZ, 0x1f, R29","0","0","0","4224","135168","135168","32","32","0","-","-","-","0","0","0","0","0","0","0","0","-","0","0","0","0","0","0","0","0","0","0","0","0","0","0","0","0","0","0","0","0","0","0","0","0","0","0","0","0","0","0","0","0","0","0","0","0","0","0","0","0","0","0"
"0x7052a1772170","      SHF.R.S32.HI R14, RZ, 0x1f, R23","1","0","1","4224","135168","135168","32","32","0","-","-","-","0","0","0","0","0","0","0","0","-","0","0","0","0","0","0","0","0","0","0","0","0","0","0","0","0","0","0","0","1","0","0","0","0","0","0","0","0","0","0","0","0","0","0","0","0","0","0","0","0","0","0"
"0x7052a1772180","@!P0  IMAD.IADD R11, R11, 0x1, -R4","1","0","1","4224","135168","0","32","0","0","-","-","-","0","0","0","0","0","0","0","0","-","0","0","0","0","0","0","0","0","0","0","0","0","0","0","0","0","0","0","0","1","0","0","0","0","0","0","0","0","0","0","0","0","0","0","0","0","0","0","0","0","0","0"
"0x7052a1772190","      SEL R25, R72, R31, !P6","0","0","0","4224","135168","135168","32","32","0","-","-","-","0","0","0","0","0","0","0","0","-","0","0","0","0","0","0","0","0","0","0","0","0","0","0","0","0","0","0","0","0","0","0","0","0","0","0","0","0","0","0","0","0","0","0","0","0","0","0","0","0","0","0"
"0x7052a17721a0","      SEL R33, R72, R33, !P6","0","0","0","4224","135168","135168","32","32","0","-","-","-","0","0","0","0","0","0","0","0","-","0","0","0","0","0","0","0","0","0","0","0","0","0","0","0","0","0","0","0","0","0","0","0","0","0","0","0","0","0","0","0","0","0","0","0","0","0","0","0","0","0","0"
"0x7052a17721b0","      ISETP.GT.U32.AND P2, PT, R4, R73, PT","0","0","0","4224","135168","135168","32","32","0","-","-","-","0","0","0","0","0","0","0","0","-","0","0","0","0","0","0","0","0","0","0","0","0","0","0","0","0","0","0","0","0","0","0","0","0","0","0","0","0","0","0","0","0","0","0","0","0","0","0","0","0","0","0"
"0x7052a17721c0","      LEA.HI R24, R8, R29, RZ, 0x7","1","1","1","4224","135168","135168","32","32","0","-","-","-","0","0","0","0","0","0","0","0","-","0","0","0","0","0","0","0","0","0","0","0","0","0","0","0","0","0","0","0","0","0","0","0","1","0","0","0","0","0","0","0","0","0","0","0","0","0","0","0","0","0","1"
"0x7052a17721d0","      LEA.HI R23, R14, R23, RZ, 0x7","1","0","1","4224","135168","135168","32","32","0","-","-","-","0","0","0","0","0","0","0","0","-","0","0","0","0","0","0","0","0","0","0","0","0","0","1","0","0","0","0","0","0","0","0","0","0","0","0","0","0","0","0","0","0","0","0","0","0","0","0","0","0","0","0"
"0x7052a17721e0","      IMAD.MOV R14, RZ, RZ, -R9","1","0","1","4224","135168","135168","32","32","0","-","-","-","0","0","0","0","0","0","0","0","-","0","0","0","0","0","0","0","0","0","0","0","0","0","0","0","0","0","0","0","1","0","0","0","0","0","0","0","0","0","0","0","0","0","0","0","0","0","0","0","0","0","0"
"0x7052a17721f0","      SHF.R.S32.HI R2, RZ, 0x1f, R25","0","0","0","4224","135168","135168","32","32","0","-","-","-","0","0","0","0","0","0","0","0","-","0","0","0","0","0","0","0","0","0","0","0","0","0","0","0","0","0","0","0","0","0","0","0","0","0","0","0","0","0","0","0","0","0","0","0","0","0","0","0","0","0","0"
"0x7052a1772200","      SHF.R.S32.HI R8, RZ, 0x1f, R33","2","0","2","4224","135168","135168","32","32","0","-","-","-","0","0","0","0","0","0","0","0","-","0","0","0","0","0","0","0","0","0","0","0","0","0","2","0","0","0","0","0","0","0","0","0","0","0","0","0","0","0","0","0","0","0","0","0","0","0","0","0","0","0","0"
"0x7052a1772210","      IMAD R27, R14, R7, RZ","0","0","0","4224","135168","135168","32","32","0","-","-","-","0","0","0","0","0","0","0","0","-","0","0","0","0","0","0","0","0","0","0","0","0","0","0","0","0","0","0","0","0","0","0","0","0","0","0","0","0","0","0","0","0","0","0","0","0","0","0","0","0","0","0"
"0x7052a1772220","      LEA.HI R25, R2, R25, RZ, 0x7","0","0","0","4224","135168","135168","32","32","0","-","-","-","0","0","0","0","0","0","0","0","-","0","0","0","0","0","0","0","0","0","0","0","0","0","0","0","0","0","0","0","0","0","0","0","0","0","0","0","0","0","0","0","0","0","0","0","0","0","0","0","0","0","0"
"0x7052a1772230","      LEA.HI R26, R8, R33, RZ, 0x7","4","0","4","4224","135168","135168","32","32","0","-","-","-","0","0","0","0","0","0","0","0","-","0","0","0","0","0","0","0","0","0","0","0","0","0","1","0","0","0","0","2","1","0","0","0","0","0","0","0","0","0","0","0","0","0","0","0","0","0","0","0","0","0","0"
"0x7052a1772240","      IMAD.MOV.U32 R8, RZ, RZ, RZ","0","0","0","4224","135168","135168","32","32","0","-","-","-","0","0","0","0","0","0","0","0","-","0","0","0","0","0","0","0","0","0","0","0","0","0","0","0","0","0","0","0","0","0","0","0","0","0","0","0","0","0","0","0","0","0","0","0","0","0","0","0","0","0","0"
"0x7052a1772250","      LOP3.LUT R2, R10, R3, RZ, 0xfc, !PT","2","0","2","4224","135168","135168","32","32","0","-","-","-","0","0","0","0","0","0","0","0","-","0","0","0","0","0","0","0","0","2","0","0","0","0","0","0","0","0","0","0","0","0","0","0","0","0","0","0","0","0","0","0","0","0","0","0","0","0","0","0","0","0","0"
"0x7052a1772260","@!P2  IMAD.IADD R73, R73, 0x1, -R4","0","0","0","4224","135168","0","32","0","0","-","-","-","0","0","0","0","0","0","0","0","-","0","0","0","0","0","0","0","0","0","0","0","0","0","0","0","0","0","0","0","0","0","0","0","0","0","0","0","0","0","0","0","0","0","0","0","0","0","0","0","0","0","0"
"0x7052a1772270","      SEL R35, R72, R35, !P6","0","0","0","4224","135168","135168","32","32","0","-","-","-","0","0","0","0","0","0","0","0","-","0","0","0","0","0","0","0","0","0","0","0","0","0","0","0","0","0","0","0","0","0","0","0","0","0","0","0","0","0","0","0","0","0","0","0","0","0","0","0","0","0","0"
"0x7052a1772280","      IMAD.HI.U32 R8, R9, R27, R8","0","0","0","4224","135168","135168","32","32","0","-","-","-","0","0","0","0","0","0","0","0","-","0","0","0","0","0","0","0","0","0","0","0","0","0","0","0","0","0","0","0","0","0","0","0","0","0","0","0","0","0","0","0","0","0","0","0","0","0","0","0","0","0","0"
"0x7052a1772290","      ISETP.GE.AND P0, PT, R2, RZ, PT","0","0","0","4224","135168","135168","32","32","0","-","-","-","0","0","0","0","0","0","0","0","-","0","0","0","0","0","0","0","0","0","0","0","0","0","0","0","0","0","0","0","0","0","0","0","0","0","0","0","0","0","0","0","0","0","0","0","0","0","0","0","0","0","0"
"0x7052a17722a0","      ISETP.GT.U32.AND P3, PT, R4, R11, PT","7","4","7","4224","135168","135168","32","32","0","-","-","-","0","0","0","0","0","0","0","0","-","0","0","0","0","0","0","0","0","1","0","0","0","0","5","0","0","0","0","0","0","0","0","0","1","0","0","0","0","0","0","0","3","0","0","0","0","0","0","0","0","0","1"
"0x7052a17722b0","      IABS R30, R2","1","1","1","4224","135168","135168","32","32","0","-","-","-","0","0","0","0","0","0","0","0","-","0","0","0","0","0","0","0","0","1","0","0","0","0","0","0","0","0","0","0","0","0","0","0","0","0","0","1","0","0","0","0","0","0","0","0","0","0","0","0","0","0","0"
"0x7052a17722c0","      SHF.R.S32.HI R2, RZ, 0x1f, R35","0","0","0","4224","135168","135168","32","32","0","-","-","-","0","0","0","0","0","0","0","0","-","0","0","0","0","0","0","0","0","0","0","0","0","0","0","0","0","0","0","0","0","0","0","0","0","0","0","0","0","0","0","0","0","0","0","0","0","0","0","0","0","0","0"
"0x7052a17722d0","      SEL R37, R72, R37, !P6","0","0","0","4224","135168","135168","32","32","0","-","-","-","0","0","0","0","0","0","0","0","-","0","0","0","0","0","0","0","0","0","0","0","0","0","0","0","0","0","0","0","0","0","0","0","0","0","0","0","0","0","0","0","0","0","0","0","0","0","0","0","0","0","0"
"0x7052a17722e0","      LEA.HI R9, R2, R35, RZ, 0x7","0","0","0","4224","135168","135168","32","32","0","-","-","-","0","0","0","0","0","0","0","0","-","0","0","0","0","0","0","0","0","0","0","0","0","0","0","0","0","0","0","0","0","0","0","0","0","0","0","0","0","0","0","0","0","0","0","0","0","0","0","0","0","0","0"
"0x7052a17722f0","      IMAD.HI.U32 R2, R8, R30, RZ","0","0","0","4224","135168","135168","32","32","0","-","-","-","0","0","0","0","0","0","0","0","-","0","0","0","0","0","0","0","0","0","0","0","0","0","0","0","0","0","0","0","0","0","0","0","0","0","0","0","0","0","0","0","0","0","0","0","0","0","0","0","0","0","0"
"0x7052a1772300","      ISETP.GT.U32.AND P2, PT, R4, R73, PT","0","0","0","4224","135168","135168","32","32","0","-","-","-","0","0","0","0","0","0","0","0","-","0","0","0","0","0","0","0","0","0","0","0","0","0","0","0","0","0","0","0","0","0","0","0","0","0","0","0","0","0","0","0","0","0","0","0","0","0","0","0","0","0","0"
"0x7052a1772310","      SHF.R.S32.HI R14, RZ, 0x1f, R37","1","0","1","4224","135168","135168","32","32","0","-","-","-","0","0","0","0","0","0","0","0","-","0","0","0","0","0","0","0","0","0","0","0","0","0","0","0","0","0","0","0","1","0","0","0","0","0","0","0","0","0","0","0","0","0","0","0","0","0","0","0","0","0","0"
"0x7052a1772320","      IMAD.MOV R2, RZ, RZ, -R2","0","0","0","4224","135168","135168","32","32","0","-","-","-","0","0","0","0","0","0","0","0","-","0","0","0","0","0","0","0","0","0","0","0","0","0","0","0","0","0","0","0","0","0","0","0","0","0","0","0","0","0","0","0","0","0","0","0","0","0","0","0","0","0","0"
"0x7052a1772330","      SEL R29, R72, R41, !P6","0","0","0","4224","135168","135168","32","32","0","-","-","-","0","0","0","0","0","0","0","0","-","0","0","0","0","0","0","0","0","0","0","0","0","0","0","0","0","0","0","0","0","0","0","0","0","0","0","0","0","0","0","0","0","0","0","0","0","0","0","0","0","0","0"
"0x7052a1772340","@!P3  IMAD.IADD R11, R11, 0x1, -R4","0","0","0","4224","135168","0","32","0","0","-","-","-","0","0","0","0","0","0","0","0","-","0","0","0","0","0","0","0","0","0","0","0","0","0","0","0","0","0","0","0","0","0","0","0","0","0","0","0","0","0","0","0","0","0","0","0","0","0","0","0","0","0","0"
"0x7052a1772350","      LOP3.LUT R3, R10, 0x8, R3, 0xfe, !PT","0","0","0","4224","135168","135168","32","32","0","-","-","-","0","0","0","0","0","0","0","0","-","0","0","0","0","0","0","0","0","0","0","0","0","0","0","0","0","0","0","0","0","0","0","0","0","0","0","0","0","0","0","0","0","0","0","0","0","0","0","0","0","0","0"
"0x7052a1772360","      IMAD R2, R7, R2, R30","1","0","1","4224","135168","135168","32","32","0","-","-","-","0","0","0","0","0","0","0","0","-","0","0","0","0","0","0","0","0","0","0","0","0","0","0","0","0","0","0","0","1","0","0","0","0","0","0","0","0","0","0","0","0","0","0","0","0","0","0","0","0","0","0"
"0x7052a1772370","      SEL R28, R72, R39, !P6","0","0","0","4224","135168","135168","32","32","0","-","-","-","0","0","0","0","0","0","0","0","-","0","0","0","0","0","0","0","0","0","0","0","0","0","0","0","0","0","0","0","0","0","0","0","0","0","0","0","0","0","0","0","0","0","0","0","0","0","0","0","0","0","0"
"0x7052a1772380","@!P5  IMAD.MOV R11, RZ, RZ, -R11","0","0","0","4224","135168","0","32","0","0","-","-","-","0","0","0","0","0","0","0","0","-","0","0","0","0","0","0","0","0","0","0","0","0","0","0","0","0","0","0","0","0","0","0","0","0","0","0","0","0","0","0","0","0","0","0","0","0","0","0","0","0","0","0"
"0x7052a1772390","      LEA.HI R27, R14, R37, RZ, 0x7","1","0","1","4224","135168","135168","32","32","0","-","-","-","0","0","0","0","0","0","0","0","-","0","0","0","0","0","0","0","0","0","0","0","0","0","0","0","0","0","0","0","1","0","0","0","0","0","0","0","0","0","0","0","0","0","0","0","0","0","0","0","0","0","0"
"0x7052a17723a0","      SHF.R.S32.HI R14, RZ, 0x1f, R29","0","0","0","4224","135168","135168","32","32","0","-","-","-","0","0","0","0","0","0","0","0","-","0","0","0","0","0","0","0","0","0","0","0","0","0","0","0","0","0","0","0","0","0","0","0","0","0","0","0","0","0","0","0","0","0","0","0","0","0","0","0","0","0","0"
"0x7052a17723b0","@!P2  IMAD.IADD R73, R73, 0x1, -R4","1","0","1","4224","135168","0","32","0","0","-","-","-","0","0","0","0","0","0","0","0","-","0","0","0","0","0","0","0","0","0","0","0","0","0","0","0","0","0","0","0","1","0","0","0","0","0","0","0","0","0","0","0","0","0","0","0","0","0","0","0","0","0","0"
"0x7052a17723c0","      ISETP.GE.AND P3, PT, R3, RZ, PT","0","0","0","4224","135168","135168","32","32","0","-","-","-","0","0","0","0","0","0","0","0","-","0","0","0","0","0","0","0","0","0","0","0","0","0","0","0","0","0","0","0","0","0","0","0","0","0","0","0","0","0","0","0","0","0","0","0","0","0","0","0","0","0","0"
"0x7052a17723d0","      IABS R33, R3","4","0","4","4224","135168","135168","32","32","0","-","-","-","0","0","0","0","0","0","0","0","-","0","0","0","0","0","0","0","0","0","0","0","0","0","2","0","0","0","0","2","0","0","0","0","0","0","0","0","0","0","0","0","0","0","0","0","0","0","0","0","0","0","0"
"0x7052a17723e0","@!P1  IMAD.MOV R73, RZ, RZ, -R73","0","0","0","4224","135168","0","32","0","0","-","-","-","0","0","0","0","0","0","0","0","-","0","0","0","0","0","0","0","0","0","0","0","0","0","0","0","0","0","0","0","0","0","0","0","0","0","0","0","0","0","0","0","0","0","0","0","0","0","0","0","0","0","0"
"0x7052a17723f0","      SEL R43, R72, R43, !P6","1","0","1","4224","135168","135168","32","32","0","-","-","-","0","0","0","0","0","0","0","0","-","0","0","0","0","0","0","0","0","0","0","0","0","0","0","0","0","0","0","0","1","0","0","0","0","0","0","0","0","0","0","0","0","0","0","0","0","0","0","0","0","0","0"
"0x7052a1772400","      SHF.R.S32.HI R3, RZ, 0x1f, R28","1","0","1","4224","135168","135168","32","32","0","-","-","-","0","0","0","0","0","0","0","0","-","0","0","0","0","0","0","0","0","0","0","0","0","0","1","0","0","0","0","0","0","0","0","0","0","0","0","0","0","0","0","0","0","0","0","0","0","0","0","0","0","0","0"
"0x7052a1772410","      LEA.HI R29, R14, R29, RZ, 0x7","0","0","0","4224","135168","135168","32","32","0","-","-","-","0","0","0","0","0","0","0","0","-","0","0","0","0","0","0","0","0","0","0","0","0","0","0","0","0","0","0","0","0","0","0","0","0","0","0","0","0","0","0","0","0","0","0","0","0","0","0","0","0","0","0"
"0x7052a1772420","      SHF.R.S32.HI R14, RZ, 0x1f, R43","0","0","0","4224","135168","135168","32","32","0","-","-","-","0","0","0","0","0","0","0","0","-","0","0","0","0","0","0","0","0","0","0","0","0","0","0","0","0","0","0","0","0","0","0","0","0","0","0","0","0","0","0","0","0","0","0","0","0","0","0","0","0","0","0"
"0x7052a1772430","      LEA.HI R28, R3, R28, RZ, 0x7","0","0","0","4224","135168","135168","32","32","0","-","-","-","0","0","0","0","0","0","0","0","-","0","0","0","0","0","0","0","0","0","0","0","0","0","0","0","0","0","0","0","0","0","0","0","0","0","0","0","0","0","0","0","0","0","0","0","0","0","0","0","0","0","0"
"0x7052a1772440","      IMAD.HI.U32 R3, R8, R33, RZ","0","0","0","4224","135168","135168","32","32","0","-","-","-","0","0","0","0","0","0","0","0","-","0","0","0","0","0","0","0","0","0","0","0","0","0","0","0","0","0","0","0","0","0","0","0","0","0","0","0","0","0","0","0","0","0","0","0","0","0","0","0","0","0","0"
"0x7052a1772450","      SEL R31, R72, R45, !P6","0","0","0","4224","135168","135168","32","32","0","-","-","-","0","0","0","0","0","0","0","0","-","0","0","0","0","0","0","0","0","0","0","0","0","0","0","0","0","0","0","0","0","0","0","0","0","0","0","0","0","0","0","0","0","0","0","0","0","0","0","0","0","0","0"
"0x7052a1772460","      ISETP.GT.U32.AND P2, PT, R7, R2, PT","0","0","0","4224","135168","135168","32","32","0","-","-","-","0","0","0","0","0","0","0","0","-","0","0","0","0","0","0","0","0","0","0","0","0","0","0","0","0","0","0","0","0","0","0","0","0","0","0","0","0","0","0","0","0","0","0","0","0","0","0","0","0","0","0"
"0x7052a1772470","      IMAD.MOV R34, RZ, RZ, -R3","0","0","0","4224","135168","135168","32","32","0","-","-","-","0","0","0","0","0","0","0","0","-","0","0","0","0","0","0","0","0","0","0","0","0","0","0","0","0","0","0","0","0","0","0","0","0","0","0","0","0","0","0","0","0","0","0","0","0","0","0","0","0","0","0"
"0x7052a1772480","      LEA.HI R30, R14, R43, RZ, 0x7","0","0","0","4224","135168","135168","32","32","0","-","-","-","0","0","0","0","0","0","0","0","-","0","0","0","0","0","0","0","0","0","0","0","0","0","0","0","0","0","0","0","0","0","0","0","0","0","0","0","0","0","0","0","0","0","0","0","0","0","0","0","0","0","0"
"0x7052a1772490","      IMAD.SHL.U32 R43, R197, 0x8, RZ","0","0","0","4224","135168","135168","32","32","0","-","-","-","0","0","0","0","0","0","0","0","-","0","0","0","0","0","0","0","0","0","0","0","0","0","0","0","0","0","0","0","0","0","0","0","0","0","0","0","0","0","0","0","0","0","0","0","0","0","0","0","0","0","0"
"0x7052a17724a0","      SHF.R.S32.HI R14, RZ, 0x1f, R31","0","0","0","4224","135168","135168","32","32","0","-","-","-","0","0","0","0","0","0","0","0","-","0","0","0","0","0","0","0","0","0","0","0","0","0","0","0","0","0","0","0","0","0","0","0","0","0","0","0","0","0","0","0","0","0","0","0","0","0","0","0","0","0","0"
"0x7052a17724b0","      SEL R36, R72, R49, !P6","0","0","0","4224","135168","135168","32","32","0","-","-","-","0","0","0","0","0","0","0","0","-","0","0","0","0","0","0","0","0","0","0","0","0","0","0","0","0","0","0","0","0","0","0","0","0","0","0","0","0","0","0","0","0","0","0","0","0","0","0","0","0","0","0"
"0x7052a17724c0","      LEA.HI R31, R14, R31, RZ, 0x7","1","0","1","4224","135168","135168","32","32","0","-","-","-","0","0","0","0","0","0","0","0","-","0","0","0","0","0","0","0","0","0","0","0","0","0","0","0","0","0","0","0","1","0","0","0","0","0","0","0","0","0","0","0","0","0","0","0","0","0","0","0","0","0","0"
"0x7052a17724d0","      IMAD R14, R7, R34, R33","0","0","0","4224","135168","135168","32","32","0","-","-","-","0","0","0","0","0","0","0","0","-","0","0","0","0","0","0","0","0","0","0","0","0","0","0","0","0","0","0","0","0","0","0","0","0","0","0","0","0","0","0","0","0","0","0","0","0","0","0","0","0","0","0"
"0x7052a17724e0","      SHF.R.S32.HI R3, RZ, 0x1f, R36","0","0","0","4224","135168","135168","32","32","0","-","-","-","0","0","0","0","0","0","0","0","-","0","0","0","0","0","0","0","0","0","0","0","0","0","0","0","0","0","0","0","0","0","0","0","0","0","0","0","0","0","0","0","0","0","0","0","0","0","0","0","0","0","0"
"0x7052a17724f0","      SEL R38, R72, R51, !P6","8","2","8","4224","135168","135168","32","32","0","-","-","-","0","0","0","0","0","0","0","0","-","0","0","0","0","0","0","0","0","1","0","0","0","0","1","0","0","0","0","5","0","0","0","0","1","0","0","0","0","0","0","0","1","0","0","0","0","0","0","0","0","0","1"
"0x7052a1772500","@!P2  IMAD.IADD R2, R2, 0x1, -R7","0","0","0","4224","135168","0","32","0","0","-","-","-","0","0","0","0","0","0","0","0","-","0","0","0","0","0","0","0","0","0","0","0","0","0","0","0","0","0","0","0","0","0","0","0","0","0","0","0","0","0","0","0","0","0","0","0","0","0","0","0","0","0","0"
"0x7052a1772510","      ISETP.GT.U32.AND P2, PT, R7, R14, PT","0","0","0","4224","135168","135168","32","32","0","-","-","-","0","0","0","0","0","0","0","0","-","0","0","0","0","0","0","0","0","0","0","0","0","0","0","0","0","0","0","0","0","0","0","0","0","0","0","0","0","0","0","0","0","0","0","0","0","0","0","0","0","0","0"
"0x7052a1772520","      LEA.HI R33, R3, R36, RZ, 0x7","1","0","1","4224","135168","135168","32","32","0","-","-","-","0","0","0","0","0","0","0","0","-","0","0","0","0","0","0","0","0","0","0","0","0","0","0","0","0","0","0","0","1","0","0","0","0","0","0","0","0","0","0","0","0","0","0","0","0","0","0","0","0","0","0"
"0x7052a1772530","      SHF.R.S32.HI R3, RZ, 0x1f, R38","0","0","0","4224","135168","135168","32","32","0","-","-","-","0","0","0","0","0","0","0","0","-","0","0","0","0","0","0","0","0","0","0","0","0","0","0","0","0","0","0","0","0","0","0","0","0","0","0","0","0","0","0","0","0","0","0","0","0","0","0","0","0","0","0"
"0x7052a1772540","      SEL R40, R72, R53, !P6","2","2","2","4224","135168","135168","32","32","0","-","-","-","0","0","0","0","0","0","0","0","-","0","0","0","0","0","0","0","0","0","0","0","0","0","0","0","0","0","0","0","0","0","0","0","2","0","0","0","0","0","0","0","0","0","0","0","0","0","0","0","0","0","2"
"0x7052a1772550","      LEA.HI R34, R3, R38, RZ, 0x7","1","1","1","4224","135168","135168","32","32","0","-","-","-","0","0","0","0","0","0","0","0","-","0","0","0","0","0","0","0","0","0","0","0","0","0","0","0","0","0","0","0","0","0","0","0","1","0","0","0","0","0","0","0","0","0","0","0","0","0","0","0","0","0","1"
"0x7052a1772560","      SHF.R.S32.HI R3, RZ, 0x1f, R40","4","0","4","4224","135168","135168","32","32","0","-","-","-","0","0","0","0","0","0","0","0","-","0","0","0","0","0","0","0","0","0","0","0","0","0","0","0","0","0","0","3","1","0","0","0","0","0","0","0","0","0","0","0","0","0","0","0","0","0","0","0","0","0","0"
"0x7052a1772570","      SEL R42, R72, R57, !P6","1","0","1","4224","135168","135168","32","32","0","-","-","-","0","0","0","0","0","0","0","0","-","0","0","0","0","0","0","0","0","0","0","0","0","0","1","0","0","0","0","0","0","0","0","0","0","0","0","0","0","0","0","0","0","0","0","0","0","0","0","0","0","0","0"
"0x7052a1772580","@!P2  IMAD.IADD R14, R14, 0x1, -R7","0","0","0","4224","135168","0","32","0","0","-","-","-","0","0","0","0","0","0","0","0","-","0","0","0","0","0","0","0","0","0","0","0","0","0","0","0","0","0","0","0","0","0","0","0","0","0","0","0","0","0","0","0","0","0","0","0","0","0","0","0","0","0","0"
"0x7052a1772590","      ISETP.GT.U32.AND P2, PT, R7, R2, PT","0","0","0","4224","135168","135168","32","32","0","-","-","-","0","0","0","0","0","0","0","0","-","0","0","0","0","0","0","0","0","0","0","0","0","0","0","0","0","0","0","0","0","0","0","0","0","0","0","0","0","0","0","0","0","0","0","0","0","0","0","0","0","0","0"
"0x7052a17725a0","      LEA.HI R35, R3, R40, RZ, 0x7","0","0","0","4224","135168","135168","32","32","0","-","-","-","0","0","0","0","0","0","0","0","-","0","0","0","0","0","0","0","0","0","0","0","0","0","0","0","0","0","0","0","0","0","0","0","0","0","0","0","0","0","0","0","0","0","0","0","0","0","0","0","0","0","0"
"0x7052a17725b0","      ISETP.GT.U32.AND P4, PT, R7, R14, PT","0","0","0","4224","135168","135168","32","32","0","-","-","-","0","0","0","0","0","0","0","0","-","0","0","0","0","0","0","0","0","0","0","0","0","0","0","0","0","0","0","0","0","0","0","0","0","0","0","0","0","0","0","0","0","0","0","0","0","0","0","0","0","0","0"
"0x7052a17725c0","      SHF.R.S32.HI R3, RZ, 0x1f, R42","0","0","0","4224","135168","135168","32","32","0","-","-","-","0","0","0","0","0","0","0","0","-","0","0","0","0","0","0","0","0","0","0","0","0","0","0","0","0","0","0","0","0","0","0","0","0","0","0","0","0","0","0","0","0","0","0","0","0","0","0","0","0","0","0"
"0x7052a17725d0","      SEL R44, R72, R61, !P6","3","0","3","4224","135168","135168","32","32","0","-","-","-","0","0","0","0","0","0","0","0","-","0","0","0","0","0","0","0","0","0","0","0","0","0","0","0","0","0","0","3","0","0","0","0","0","0","0","0","0","0","0","0","0","0","0","0","0","0","0","0","0","0","0"
"0x7052a17725e0","      LEA.HI R37, R3, R42, RZ, 0x7","1","0","1","4224","135168","135168","32","32","0","-","-","-","0","0","0","0","0","0","0","0","-","0","0","0","0","0","0","0","0","0","0","0","0","0","0","0","0","0","0","0","1","0","0","0","0","0","0","0","0","0","0","0","0","0","0","0","0","0","0","0","0","0","0"
"0x7052a17725f0","      SHF.R.S32.HI R3, RZ, 0x1f, R44","1","1","1","4224","135168","135168","32","32","0","-","-","-","0","0","0","0","0","0","0","0","-","0","0","0","0","0","0","0","0","0","0","0","0","0","0","0","0","0","0","0","0","0","0","0","1","0","0","0","0","0","0","0","0","0","0","0","0","0","0","0","0","0","1"
"0x7052a1772600","@!P2  IMAD.IADD R2, R2, 0x1, -R7","0","0","0","4224","135168","0","32","0","0","-","-","-","0","0","0","0","0","0","0","0","-","0","0","0","0","0","0","0","0","0","0","0","0","0","0","0","0","0","0","0","0","0","0","0","0","0","0","0","0","0","0","0","0","0","0","0","0","0","0","0","0","0","0"
"0x7052a1772610","      ISETP.NE.AND P2, PT, R81, RZ, PT","0","0","0","4224","135168","135168","32","32","0","-","-","-","0","0","0","0","0","0","0","0","-","0","0","0","0","0","0","0","0","0","0","0","0","0","0","0","0","0","0","0","0","0","0","0","0","0","0","0","0","0","0","0","0","0","0","0","0","0","0","0","0","0","0"
"0x7052a1772620","      LOP3.LUT R81, RZ, R81, RZ, 0x33, !PT","0","0","0","4224","135168","135168","32","32","0","-","-","-","0","0","0","0","0","0","0","0","-","0","0","0","0","0","0","0","0","0","0","0","0","0","0","0","0","0","0","0","0","0","0","0","0","0","0","0","0","0","0","0","0","0","0","0","0","0","0","0","0","0","0"
"0x7052a1772630","@!P4  IMAD.IADD R14, R14, 0x1, -R7","0","0","0","4224","135168","0","32","0","0","-","-","-","0","0","0","0","0","0","0","0","-","0","0","0","0","0","0","0","0","0","0","0","0","0","0","0","0","0","0","0","0","0","0","0","0","0","0","0","0","0","0","0","0","0","0","0","0","0","0","0","0","0","0"
"0x7052a1772640","      LEA.HI R39, R3, R44, RZ, 0x7","0","0","0","4224","135168","135168","32","32","0","-","-","-","0","0","0","0","0","0","0","0","-","0","0","0","0","0","0","0","0","0","0","0","0","0","0","0","0","0","0","0","0","0","0","0","0","0","0","0","0","0","0","0","0","0","0","0","0","0","0","0","0","0","0"
"0x7052a1772650","@!P0  IMAD.MOV R2, RZ, RZ, -R2","0","0","0","4224","135168","0","32","0","0","-","-","-","0","0","0","0","0","0","0","0","-","0","0","0","0","0","0","0","0","0","0","0","0","0","0","0","0","0","0","0","0","0","0","0","0","0","0","0","0","0","0","0","0","0","0","0","0","0","0","0","0","0","0"
"0x7052a1772660","      SEL R11, R72, R11, !P6","0","0","0","4224","135168","135168","32","32","0","-","-","-","0","0","0","0","0","0","0","0","-","0","0","0","0","0","0","0","0","0","0","0","0","0","0","0","0","0","0","0","0","0","0","0","0","0","0","0","0","0","0","0","0","0","0","0","0","0","0","0","0","0","0"
"0x7052a1772670","@!P3  IMAD.MOV R14, RZ, RZ, -R14","0","0","0","4224","135168","0","32","0","0","-","-","-","0","0","0","0","0","0","0","0","-","0","0","0","0","0","0","0","0","0","0","0","0","0","0","0","0","0","0","0","0","0","0","0","0","0","0","0","0","0","0","0","0","0","0","0","0","0","0","0","0","0","0"
"0x7052a1772680","      SEL R73, R72, R73, !P6","0","0","0","4224","135168","135168","32","32","0","-","-","-","0","0","0","0","0","0","0","0","-","0","0","0","0","0","0","0","0","0","0","0","0","0","0","0","0","0","0","0","0","0","0","0","0","0","0","0","0","0","0","0","0","0","0","0","0","0","0","0","0","0","0"
"0x7052a1772690","      SEL R83, R81, R2, !P2","1","0","1","4224","135168","135168","32","32","0","-","-","-","0","0","0","0","0","0","0","0","-","0","0","0","0","0","0","0","0","1","0","0","0","0","0","0","0","0","0","0","0","0","0","0","0","0","0","0","0","0","0","0","0","0","0","0","0","0","0","0","0","0","0"
"0x7052a17726a0","      SEL R3, R81, R14, !P2","0","0","0","4224","135168","135168","32","32","0","-","-","-","0","0","0","0","0","0","0","0","-","0","0","0","0","0","0","0","0","0","0","0","0","0","0","0","0","0","0","0","0","0","0","0","0","0","0","0","0","0","0","0","0","0","0","0","0","0","0","0","0","0","0"
"0x7052a17726b0","      SHF.R.S32.HI R2, RZ, 0x1f, R11","2","1","2","4224","135168","135168","32","32","0","-","-","-","0","0","0","0","0","0","0","0","-","0","0","0","0","0","0","0","0","0","0","0","0","0","0","0","0","0","0","0","0","0","0","0","2","0","0","0","0","0","0","0","0","0","0","0","0","0","0","0","0","0","1"
"0x7052a17726c0","      IMAD R83, R83, UR4, RZ","0","0","0","4224","135168","135168","32","32","0","-","-","-","0","0","0","0","0","0","0","0","-","0","0","0","0","0","0","0","0","0","0","0","0","0","0","0","0","0","0","0","0","0","0","0","0","0","0","0","0","0","0","0","0","0","0","0","0","0","0","0","0","0","0"
"0x7052a17726d0","      SEL R46, R72, R65, !P6","0","0","0","4224","135168","135168","32","32","0","-","-","-","0","0","0","0","0","0","0","0","-","0","0","0","0","0","0","0","0","0","0","0","0","0","0","0","0","0","0","0","0","0","0","0","0","0","0","0","0","0","0","0","0","0","0","0","0","0","0","0","0","0","0"
"0x7052a17726e0","      IMAD R3, R3, UR4, RZ","0","0","0","4224","135168","135168","32","32","0","-","-","-","0","0","0","0","0","0","0","0","-","0","0","0","0","0","0","0","0","0","0","0","0","0","0","0","0","0","0","0","0","0","0","0","0","0","0","0","0","0","0","0","0","0","0","0","0","0","0","0","0","0","0"
"0x7052a17726f0","      LEA.HI R11, R2, R11, RZ, 0x7","0","0","0","4224","135168","135168","32","32","0","-","-","-","0","0","0","0","0","0","0","0","-","0","0","0","0","0","0","0","0","0","0","0","0","0","0","0","0","0","0","0","0","0","0","0","0","0","0","0","0","0","0","0","0","0","0","0","0","0","0","0","0","0","0"
"0x7052a1772700","      IMAD.WIDE R82, R83, 0x4, R84","0","0","0","4224","135168","135168","32","32","0","-","-","-","0","0","0","0","0","0","0","0","-","0","0","0","0","0","0","0","0","0","0","0","0","0","0","0","0","0","0","0","0","0","0","0","0","0","0","0","0","0","0","0","0","0","0","0","0","0","0","0","0","0","0"
"0x7052a1772710","      SHF.R.S32.HI R14, RZ, 0x1f, R73","0","0","0","4224","135168","135168","32","32","0","-","-","-","0","0","0","0","0","0","0","0","-","0","0","0","0","0","0","0","0","0","0","0","0","0","0","0","0","0","0","0","0","0","0","0","0","0","0","0","0","0","0","0","0","0","0","0","0","0","0","0","0","0","0"
"0x7052a1772720","      SHF.R.S32.HI R41, RZ, 0x1f, R46","1","0","1","4224","135168","135168","32","32","0","-","-","-","0","0","0","0","0","0","0","0","-","0","0","0","0","0","0","0","0","1","0","0","0","0","0","0","0","0","0","0","0","0","0","0","0","0","0","0","0","0","0","0","0","0","0","0","0","0","0","0","0","0","0"
"0x7052a1772730","      IMAD.WIDE R84, R3, 0x4, R84","2","0","2","4224","135168","135168","32","32","0","-","-","-","0","0","0","0","0","0","0","0","-","0","0","0","0","0","0","0","0","0","0","0","0","0","0","0","0","0","0","0","2","0","0","0","0","0","0","0","0","0","0","0","0","0","0","0","0","0","0","0","0","0","0"
"0x7052a1772740","      LEA.HI R14, R14, R73, RZ, 0x7","1","0","1","4224","135168","135168","32","32","0","-","-","-","0","0","0","0","0","0","0","0","-","0","0","0","0","0","0","0","0","1","0","0","0","0","0","0","0","0","0","0","0","0","0","0","0","0","0","0","0","0","0","0","0","0","0","0","0","0","0","0","0","0","0"
"0x7052a1772750","      LDC.64 R2, c[0x0][0x248]","2","0","2","4224","135168","135168","32","32","0","-","-","-","0","0","0","0","0","0","0","0","-","0","0","0","0","0","0","0","0","0","0","0","0","0","0","0","0","0","0","0","2","0","0","0","0","0","0","0","0","0","0","0","0","0","0","0","0","0","0","0","0","0","0"
"0x7052a1772760","      LEA.HI R41, R41, R46, RZ, 0x7","0","0","0","4224","135168","135168","32","32","0","-","-","-","0","0","0","0","0","0","0","0","-","0","0","0","0","0","0","0","0","0","0","0","0","0","0","0","0","0","0","0","0","0","0","0","0","0","0","0","0","0","0","0","0","0","0","0","0","0","0","0","0","0","0"
"0x7052a1772770","      SHF.R.S32.HI R9, RZ, 0x7, R9","1","1","1","4224","135168","135168","32","32","0","-","-","-","0","0","0","0","0","0","0","0","-","0","0","0","0","0","0","0","0","1","0","0","0","0","0","0","0","0","0","0","0","0","0","0","0","0","0","1","0","0","0","0","0","0","0","0","0","0","0","0","0","0","0"
"0x7052a1772780","      SHF.R.S32.HI R16, RZ, 0x7, R16","2","1","2","4224","135168","135168","32","32","0","-","-","-","0","0","0","0","0","0","0","0","-","0","0","0","0","0","0","0","0","0","0","0","0","0","0","0","0","0","0","0","1","0","0","0","1","0","0","0","0","0","0","0","0","0","0","0","0","0","0","0","0","0","1"
"0x7052a1772790","      LOP3.LUT R44, R12, 0x78, R43, 0xf8, !PT","0","0","0","4224","135168","135168","32","32","0","-","-","-","0","0","0","0","0","0","0","0","-","0","0","0","0","0","0","0","0","0","0","0","0","0","0","0","0","0","0","0","0","0","0","0","0","0","0","0","0","0","0","0","0","0","0","0","0","0","0","0","0","0","0"
"0x7052a17727a0","      IMAD R9, R9, UR5, RZ","0","0","0","4224","135168","135168","32","32","0","-","-","-","0","0","0","0","0","0","0","0","-","0","0","0","0","0","0","0","0","0","0","0","0","0","0","0","0","0","0","0","0","0","0","0","0","0","0","0","0","0","0","0","0","0","0","0","0","0","0","0","0","0","0"
"0x7052a17727b0","      LOP3.LUT R46, R12, R5, RZ, 0xfc, !PT","0","0","0","4224","135168","135168","32","32","0","-","-","-","0","0","0","0","0","0","0","0","-","0","0","0","0","0","0","0","0","0","0","0","0","0","0","0","0","0","0","0","0","0","0","0","0","0","0","0","0","0","0","0","0","0","0","0","0","0","0","0","0","0","0"
"0x7052a17727c0","      IMAD R87, R16, UR5, RZ","1","0","1","4224","135168","135168","32","32","0","-","-","-","0","0","0","0","0","0","0","0","-","0","0","0","0","0","0","0","0","0","0","0","0","0","0","0","0","0","0","0","1","0","0","0","0","0","0","0","0","0","0","0","0","0","0","0","0","0","0","0","0","0","0"
"0x7052a17727d0","      SHF.R.S32.HI R14, RZ, 0x7, R14","1","0","1","4224","135168","135168","32","32","0","-","-","-","0","0","0","0","0","0","0","0","-","0","0","0","0","0","0","0","0","0","0","0","0","0","0","0","0","0","0","0","1","0","0","0","0","0","0","0","0","0","0","0","0","0","0","0","0","0","0","0","0","0","0"
"0x7052a17727e0","      SHF.R.S32.HI R13, RZ, 0x7, R13","6","3","6","4224","135168","135168","32","32","0","-","-","-","0","0","0","0","0","0","0","0","-","0","0","0","0","0","0","0","0","0","0","0","0","0","4","0","0","0","0","2","0","0","0","0","0","0","0","0","0","0","0","0","3","0","0","0","0","0","0","0","0","0","0"
"0x7052a17727f0","      SHF.R.S32.HI R15, RZ, 0x7, R15","1","1","1","4224","135168","135168","32","32","0","-","-","-","0","0","0","0","0","0","0","0","-","0","0","0","0","0","0","0","0","1","0","0","0","0","0","0","0","0","0","0","0","0","0","0","0","0","0","1","0","0","0","0","0","0","0","0","0","0","0","0","0","0","0"
"0x7052a1772800","      IMAD R43, R14, UR5, RZ","1","0","1","4224","135168","135168","32","32","0","-","-","-","0","0","0","0","0","0","0","0","-","0","0","0","0","0","0","0","0","0","0","0","0","0","0","0","0","0","0","0","1","0","0","0","0","0","0","0","0","0","0","0","0","0","0","0","0","0","0","0","0","0","0"
"0x7052a1772810","      LOP3.LUT R12, R12, 0x40, R5, 0xfe, !PT","0","0","0","4224","135168","135168","32","32","0","-","-","-","0","0","0","0","0","0","0","0","-","0","0","0","0","0","0","0","0","0","0","0","0","0","0","0","0","0","0","0","0","0","0","0","0","0","0","0","0","0","0","0","0","0","0","0","0","0","0","0","0","0","0"
"0x7052a1772820","      IMAD R13, R13, UR5, RZ","2","0","2","4224","135168","135168","32","32","0","-","-","-","0","0","0","0","0","0","0","0","-","0","0","0","0","0","0","0","0","0","0","0","0","0","0","0","0","0","0","0","2","0","0","0","0","0","0","0","0","0","0","0","0","0","0","0","0","0","0","0","0","0","0"
"0x7052a1772830","      IABS R45, R46","0","0","0","4224","135168","135168","32","32","0","-","-","-","0","0","0","0","0","0","0","0","-","0","0","0","0","0","0","0","0","0","0","0","0","0","0","0","0","0","0","0","0","0","0","0","0","0","0","0","0","0","0","0","0","0","0","0","0","0","0","0","0","0","0"
"0x7052a1772840","      IMAD R15, R15, UR5, RZ","0","0","0","4224","135168","135168","32","32","0","-","-","-","0","0","0","0","0","0","0","0","-","0","0","0","0","0","0","0","0","0","0","0","0","0","0","0","0","0","0","0","0","0","0","0","0","0","0","0","0","0","0","0","0","0","0","0","0","0","0","0","0","0","0"
"0x7052a1772850","      IABS R14, R12","0","0","0","4224","135168","135168","32","32","0","-","-","-","0","0","0","0","0","0","0","0","-","0","0","0","0","0","0","0","0","0","0","0","0","0","0","0","0","0","0","0","0","0","0","0","0","0","0","0","0","0","0","0","0","0","0","0","0","0","0","0","0","0","0"
"0x7052a1772860","      SHF.R.S32.HI R21, RZ, 0x7, R21","0","0","0","4224","135168","135168","32","32","0","-","-","-","0","0","0","0","0","0","0","0","-","0","0","0","0","0","0","0","0","0","0","0","0","0","0","0","0","0","0","0","0","0","0","0","0","0","0","0","0","0","0","0","0","0","0","0","0","0","0","0","0","0","0"
"0x7052a1772870","      IMAD.WIDE R112, R9, 0x4, R2","0","0","0","4224","135168","135168","32","32","0","-","-","-","0","0","0","0","0","0","0","0","-","0","0","0","0","0","0","0","0","0","0","0","0","0","0","0","0","0","0","0","0","0","0","0","0","0","0","0","0","0","0","0","0","0","0","0","0","0","0","0","0","0","0"
"0x7052a1772880","      SHF.R.S32.HI R11, RZ, 0x7, R11","2","0","2","4224","135168","135168","32","32","0","-","-","-","0","0","0","0","0","0","0","0","-","0","0","0","0","0","0","0","0","0","0","0","0","0","0","0","0","0","0","0","2","0","0","0","0","0","0","0","0","0","0","0","0","0","0","0","0","0","0","0","0","0","0"
"0x7052a1772890","      SHF.R.S32.HI R27, RZ, 0x7, R27","6","2","6","4224","135168","135168","32","32","0","-","-","-","0","0","0","0","0","0","0","0","-","0","0","0","0","0","0","0","0","0","0","0","0","0","4","0","0","0","0","1","0","0","0","0","1","0","0","0","0","0","0","0","1","0","0","0","0","0","0","0","0","0","1"
"0x7052a17728a0","      IMAD.HI.U32 R9, R6, R45, RZ","0","0","0","4224","135168","135168","32","32","0","-","-","-","0","0","0","0","0","0","0","0","-","0","0","0","0","0","0","0","0","0","0","0","0","0","0","0","0","0","0","0","0","0","0","0","0","0","0","0","0","0","0","0","0","0","0","0","0","0","0","0","0","0","0"
"0x7052a17728b0","      IABS R16, R44","0","0","0","4224","135168","135168","32","32","0","-","-","-","0","0","0","0","0","0","0","0","-","0","0","0","0","0","0","0","0","0","0","0","0","0","0","0","0","0","0","0","0","0","0","0","0","0","0","0","0","0","0","0","0","0","0","0","0","0","0","0","0","0","0"
"0x7052a17728c0","      SHF.R.S32.HI R26, RZ, 0x7, R26","4","0","4","4224","135168","135168","32","32","0","-","-","-","0","0","0","0","0","0","0","0","-","0","0","0","0","0","0","0","0","2","0","0","0","0","2","0","0","0","0","0","0","0","0","0","0","0","0","0","0","0","0","0","0","0","0","0","0","0","0","0","0","0","0"
"0x7052a17728d0","      IMAD R11, R11, UR5, RZ","0","0","0","4224","135168","135168","32","32","0","-","-","-","0","0","0","0","0","0","0","0","-","0","0","0","0","0","0","0","0","0","0","0","0","0","0","0","0","0","0","0","0","0","0","0","0","0","0","0","0","0","0","0","0","0","0","0","0","0","0","0","0","0","0"
"0x7052a17728e0","      SHF.R.S32.HI R23, RZ, 0x7, R23","1","0","1","4224","135168","135168","32","32","0","-","-","-","0","0","0","0","0","0","0","0","-","0","0","0","0","0","0","0","0","1","0","0","0","0","0","0","0","0","0","0","0","0","0","0","0","0","0","0","0","0","0","0","0","0","0","0","0","0","0","0","0","0","0"
"0x7052a17728f0","      IMAD.MOV R9, RZ, RZ, -R9","0","0","0","4224","135168","135168","32","32","0","-","-","-","0","0","0","0","0","0","0","0","-","0","0","0","0","0","0","0","0","0","0","0","0","0","0","0","0","0","0","0","0","0","0","0","0","0","0","0","0","0","0","0","0","0","0","0","0","0","0","0","0","0","0"
"0x7052a1772900","      SHF.R.S32.HI R29, RZ, 0x7, R29","1","0","1","4224","135168","135168","32","32","0","-","-","-","0","0","0","0","0","0","0","0","-","0","0","0","0","0","0","0","0","0","0","0","0","0","0","0","0","0","0","0","1","0","0","0","0","0","0","0","0","0","0","0","0","0","0","0","0","0","0","0","0","0","0"
"0x7052a1772910","      IMAD.WIDE R146, R11, 0x4, R2","0","0","0","4224","135168","135168","32","32","0","-","-","-","0","0","0","0","0","0","0","0","-","0","0","0","0","0","0","0","0","0","0","0","0","0","0","0","0","0","0","0","0","0","0","0","0","0","0","0","0","0","0","0","0","0","0","0","0","0","0","0","0","0","0"
"0x7052a1772920","      SEL R47, R72, R47, !P6","0","0","0","4224","135168","135168","32","32","0","-","-","-","0","0","0","0","0","0","0","0","-","0","0","0","0","0","0","0","0","0","0","0","0","0","0","0","0","0","0","0","0","0","0","0","0","0","0","0","0","0","0","0","0","0","0","0","0","0","0","0","0","0","0"
"0x7052a1772930","      SEL R55, R72, R55, !P6","6","0","6","4224","135168","135168","32","32","0","-","-","-","0","0","0","0","0","0","0","0","-","0","0","0","0","0","0","0","0","3","0","0","0","0","2","0","0","0","0","1","0","0","0","0","0","0","0","0","0","0","0","0","0","0","0","0","0","0","0","0","0","0","0"
"0x7052a1772940","      IMAD.WIDE R88, R13, 0x4, R2","0","0","0","4224","135168","135168","32","32","0","-","-","-","0","0","0","0","0","0","0","0","-","0","0","0","0","0","0","0","0","0","0","0","0","0","0","0","0","0","0","0","0","0","0","0","0","0","0","0","0","0","0","0","0","0","0","0","0","0","0","0","0","0","0"
"0x7052a1772950","      SEL R59, R72, R59, !P6","0","0","0","4224","135168","135168","32","32","0","-","-","-","0","0","0","0","0","0","0","0","-","0","0","0","0","0","0","0","0","0","0","0","0","0","0","0","0","0","0","0","0","0","0","0","0","0","0","0","0","0","0","0","0","0","0","0","0","0","0","0","0","0","0"
"0x7052a1772960","      SEL R63, R72, R63, !P6","1","0","1","4224","135168","135168","32","32","0","-","-","-","0","0","0","0","0","0","0","0","-","0","0","0","0","0","0","0","0","0","0","0","0","0","0","0","0","0","0","1","0","0","0","0","0","0","0","0","0","0","0","0","0","0","0","0","0","0","0","0","0","0","0"
"0x7052a1772970","      IMAD.WIDE R90, R15, 0x4, R2","0","0","0","4224","135168","135168","32","32","0","-","-","-","0","0","0","0","0","0","0","0","-","0","0","0","0","0","0","0","0","0","0","0","0","0","0","0","0","0","0","0","0","0","0","0","0","0","0","0","0","0","0","0","0","0","0","0","0","0","0","0","0","0","0"
"0x7052a1772980","      SEL R67, R72, R67, !P6","1","0","1","4224","135168","135168","32","32","0","-","-","-","0","0","0","0","0","0","0","0","-","0","0","0","0","0","0","0","0","1","0","0","0","0","0","0","0","0","0","0","0","0","0","0","0","0","0","0","0","0","0","0","0","0","0","0","0","0","0","0","0","0","0"
"0x7052a1772990","      SHF.R.S32.HI R25, RZ, 0x7, R25","0","0","0","4224","135168","135168","32","32","0","-","-","-","0","0","0","0","0","0","0","0","-","0","0","0","0","0","0","0","0","0","0","0","0","0","0","0","0","0","0","0","0","0","0","0","0","0","0","0","0","0","0","0","0","0","0","0","0","0","0","0","0","0","0"
"0x7052a17729a0","      IMAD.MOV.U32 R13, RZ, RZ, R14","0","0","0","4224","135168","135168","32","32","0","-","-","-","0","0","0","0","0","0","0","0","-","0","0","0","0","0","0","0","0","0","0","0","0","0","0","0","0","0","0","0","0","0","0","0","0","0","0","0","0","0","0","0","0","0","0","0","0","0","0","0","0","0","0"
"0x7052a17729b0","      SHF.R.S32.HI R42, RZ, 0x1f, R67","1","0","1","4224","135168","135168","32","32","0","-","-","-","0","0","0","0","0","0","0","0","-","0","0","0","0","0","0","0","0","0","0","0","0","0","0","0","0","0","0","0","1","0","0","0","0","0","0","0","0","0","0","0","0","0","0","0","0","0","0","0","0","0","0"
"0x7052a17729c0","      IMAD.MOV.U32 R15, RZ, RZ, R16","0","0","0","4224","135168","135168","32","32","0","-","-","-","0","0","0","0","0","0","0","0","-","0","0","0","0","0","0","0","0","0","0","0","0","0","0","0","0","0","0","0","0","0","0","0","0","0","0","0","0","0","0","0","0","0","0","0","0","0","0","0","0","0","0"
"0x7052a17729d0","      SHF.R.S32.HI R17, RZ, 0x7, R17","0","0","0","4224","135168","135168","32","32","0","-","-","-","0","0","0","0","0","0","0","0","-","0","0","0","0","0","0","0","0","0","0","0","0","0","0","0","0","0","0","0","0","0","0","0","0","0","0","0","0","0","0","0","0","0","0","0","0","0","0","0","0","0","0"
"0x7052a17729e0","      IMAD.HI.U32 R11, R6, R13, RZ","1","0","1","4224","135168","135168","32","32","0","-","-","-","0","0","0","0","0","0","0","0","-","0","0","0","0","0","0","0","0","0","0","0","0","0","0","0","0","0","0","0","1","0","0","0","0","0","0","0","0","0","0","0","0","0","0","0","0","0","0","0","0","0","0"
"0x7052a17729f0","      LEA.HI R42, R42, R67, RZ, 0x7","0","0","0","4224","135168","135168","32","32","0","-","-","-","0","0","0","0","0","0","0","0","-","0","0","0","0","0","0","0","0","0","0","0","0","0","0","0","0","0","0","0","0","0","0","0","0","0","0","0","0","0","0","0","0","0","0","0","0","0","0","0","0","0","0"
"0x7052a1772a00","      SHF.R.S32.HI R31, RZ, 0x7, R31","5","3","5","4224","135168","135168","32","32","0","-","-","-","0","0","0","0","0","0","0","0","-","0","0","0","0","0","0","0","0","1","0","0","0","0","2","0","0","0","0","0","1","0","0","0","1","0","0","0","0","0","0","0","2","0","0","0","0","0","0","0","0","0","1"
"0x7052a1772a10","      IMAD.HI.U32 R6, R6, R15, RZ","0","0","0","4224","135168","135168","32","32","0","-","-","-","0","0","0","0","0","0","0","0","-","0","0","0","0","0","0","0","0","0","0","0","0","0","0","0","0","0","0","0","0","0","0","0","0","0","0","0","0","0","0","0","0","0","0","0","0","0","0","0","0","0","0"
"0x7052a1772a20","      SHF.R.S32.HI R42, RZ, 0x7, R42","1","0","1","4224","135168","135168","32","32","0","-","-","-","0","0","0","0","0","0","0","0","-","0","0","0","0","0","0","0","0","0","0","0","0","0","0","0","0","0","0","0","1","0","0","0","0","0","0","0","0","0","0","0","0","0","0","0","0","0","0","0","0","0","0"
"0x7052a1772a30","      SHF.R.S32.HI R28, RZ, 0x7, R28","0","0","0","4224","135168","135168","32","32","0","-","-","-","0","0","0","0","0","0","0","0","-","0","0","0","0","0","0","0","0","0","0","0","0","0","0","0","0","0","0","0","0","0","0","0","0","0","0","0","0","0","0","0","0","0","0","0","0","0","0","0","0","0","0"
"0x7052a1772a40","      IMAD.MOV R11, RZ, RZ, -R11","0","0","0","4224","135168","135168","32","32","0","-","-","-","0","0","0","0","0","0","0","0","-","0","0","0","0","0","0","0","0","0","0","0","0","0","0","0","0","0","0","0","0","0","0","0","0","0","0","0","0","0","0","0","0","0","0","0","0","0","0","0","0","0","0"
"0x7052a1772a50","      SHF.R.S32.HI R19, RZ, 0x7, R19","2","0","2","4224","135168","135168","32","32","0","-","-","-","0","0","0","0","0","0","0","0","-","0","0","0","0","0","0","0","0","2","0","0","0","0","0","0","0","0","0","0","0","0","0","0","0","0","0","0","0","0","0","0","0","0","0","0","0","0","0","0","0","0","0"
"0x7052a1772a60","      IMAD.MOV R6, RZ, RZ, -R6","1","0","1","4224","135168","135168","32","32","0","-","-","-","0","0","0","0","0","0","0","0","-","0","0","0","0","0","0","0","0","0","0","0","0","0","0","0","0","0","0","0","1","0","0","0","0","0","0","0","0","0","0","0","0","0","0","0","0","0","0","0","0","0","0"
"0x7052a1772a70","      SHF.R.S32.HI R24, RZ, 0x7, R24","0","0","0","4224","135168","135168","32","32","0","-","-","-","0","0","0","0","0","0","0","0","-","0","0","0","0","0","0","0","0","0","0","0","0","0","0","0","0","0","0","0","0","0","0","0","0","0","0","0","0","0","0","0","0","0","0","0","0","0","0","0","0","0","0"
"0x7052a1772a80","      IMAD R11, R4, R11, R13","0","0","0","4224","135168","135168","32","32","0","-","-","-","0","0","0","0","0","0","0","0","-","0","0","0","0","0","0","0","0","0","0","0","0","0","0","0","0","0","0","0","0","0","0","0","0","0","0","0","0","0","0","0","0","0","0","0","0","0","0","0","0","0","0"
"0x7052a1772a90","      SHF.R.S32.HI R30, RZ, 0x7, R30","0","0","0","4224","135168","135168","32","32","0","-","-","-","0","0","0","0","0","0","0","0","-","0","0","0","0","0","0","0","0","0","0","0","0","0","0","0","0","0","0","0","0","0","0","0","0","0","0","0","0","0","0","0","0","0","0","0","0","0","0","0","0","0","0"
"0x7052a1772aa0","      IMAD R13, R4, R6, R15","3","0","3","4224","135168","135168","32","32","0","-","-","-","0","0","0","0","0","0","0","0","-","0","0","0","0","0","0","0","0","0","0","0","0","0","0","0","0","0","0","0","3","0","0","0","0","0","0","0","0","0","0","0","0","0","0","0","0","0","0","0","0","0","0"
"0x7052a1772ab0","      SHF.R.S32.HI R18, RZ, 0x7, R18","0","0","0","4224","135168","135168","32","32","0","-","-","-","0","0","0","0","0","0","0","0","-","0","0","0","0","0","0","0","0","0","0","0","0","0","0","0","0","0","0","0","0","0","0","0","0","0","0","0","0","0","0","0","0","0","0","0","0","0","0","0","0","0","0"
"0x7052a1772ac0","      IMAD R25, R25, UR5, RZ","0","0","0","4224","135168","135168","32","32","0","-","-","-","0","0","0","0","0","0","0","0","-","0","0","0","0","0","0","0","0","0","0","0","0","0","0","0","0","0","0","0","0","0","0","0","0","0","0","0","0","0","0","0","0","0","0","0","0","0","0","0","0","0","0"
"0x7052a1772ad0","      ISETP.GT.U32.AND P1, PT, R4, R11, PT","0","0","0","4224","135168","135168","32","32","0","-","-","-","0","0","0","0","0","0","0","0","-","0","0","0","0","0","0","0","0","0","0","0","0","0","0","0","0","0","0","0","0","0","0","0","0","0","0","0","0","0","0","0","0","0","0","0","0","0","0","0","0","0","0"
"0x7052a1772ae0","      IMAD R17, R17, UR5, RZ","0","0","0","4224","135168","135168","32","32","0","-","-","-","0","0","0","0","0","0","0","0","-","0","0","0","0","0","0","0","0","0","0","0","0","0","0","0","0","0","0","0","0","0","0","0","0","0","0","0","0","0","0","0","0","0","0","0","0","0","0","0","0","0","0"
"0x7052a1772af0","      ISETP.GT.U32.AND P3, PT, R4, R13, PT","1","0","1","4224","135168","135168","32","32","0","-","-","-","0","0","0","0","0","0","0","0","-","0","0","0","0","0","0","0","0","0","0","0","0","0","0","0","0","0","0","0","1","0","0","0","0","0","0","0","0","0","0","0","0","0","0","0","0","0","0","0","0","0","0"
"0x7052a1772b00","      IMAD R31, R31, UR5, RZ","0","0","0","4224","135168","135168","32","32","0","-","-","-","0","0","0","0","0","0","0","0","-","0","0","0","0","0","0","0","0","0","0","0","0","0","0","0","0","0","0","0","0","0","0","0","0","0","0","0","0","0","0","0","0","0","0","0","0","0","0","0","0","0","0"
"0x7052a1772b10","      LOP3.LUT R6, R10, R5, RZ, 0xfc, !PT","0","0","0","4224","135168","135168","32","32","0","-","-","-","0","0","0","0","0","0","0","0","-","0","0","0","0","0","0","0","0","0","0","0","0","0","0","0","0","0","0","0","0","0","0","0","0","0","0","0","0","0","0","0","0","0","0","0","0","0","0","0","0","0","0"
"0x7052a1772b20","      IMAD R117, R28, UR5, RZ","0","0","0","4224","135168","135168","32","32","0","-","-","-","0","0","0","0","0","0","0","0","-","0","0","0","0","0","0","0","0","0","0","0","0","0","0","0","0","0","0","0","0","0","0","0","0","0","0","0","0","0","0","0","0","0","0","0","0","0","0","0","0","0","0"
"0x7052a1772b30","      SHF.R.U32.HI R15, RZ, 0x4, R197","0","0","0","4224","135168","135168","32","32","0","-","-","-","0","0","0","0","0","0","0","0","-","0","0","0","0","0","0","0","0","0","0","0","0","0","0","0","0","0","0","0","0","0","0","0","0","0","0","0","0","0","0","0","0","0","0","0","0","0","0","0","0","0","0"
"0x7052a1772b40","      IMAD.WIDE R108, R25, 0x4, R2","0","0","0","4224","135168","135168","32","32","0","-","-","-","0","0","0","0","0","0","0","0","-","0","0","0","0","0","0","0","0","0","0","0","0","0","0","0","0","0","0","0","0","0","0","0","0","0","0","0","0","0","0","0","0","0","0","0","0","0","0","0","0","0","0"
"0x7052a1772b50","      SHF.R.S32.HI R20, RZ, 0x7, R20","0","0","0","4224","135168","135168","32","32","0","-","-","-","0","0","0","0","0","0","0","0","-","0","0","0","0","0","0","0","0","0","0","0","0","0","0","0","0","0","0","0","0","0","0","0","0","0","0","0","0","0","0","0","0","0","0","0","0","0","0","0","0","0","0"
"0x7052a1772b60","      SHF.R.S32.HI R22, RZ, 0x7, R22","3","2","3","4224","135168","135168","32","32","0","-","-","-","0","0","0","0","0","0","0","0","-","0","0","0","0","0","0","0","0","0","0","0","0","0","2","0","0","0","0","1","0","0","0","0","0","0","0","0","0","0","0","0","2","0","0","0","0","0","0","0","0","0","0"
"0x7052a1772b70","      IMAD R9, R4, R9, R45","0","0","0","4224","135168","135168","32","32","0","-","-","-","0","0","0","0","0","0","0","0","-","0","0","0","0","0","0","0","0","0","0","0","0","0","0","0","0","0","0","0","0","0","0","0","0","0","0","0","0","0","0","0","0","0","0","0","0","0","0","0","0","0","0"
"0x7052a1772b80","      SHF.R.S32.HI R32, RZ, 0x1f, R47","0","0","0","4224","135168","135168","32","32","0","-","-","-","0","0","0","0","0","0","0","0","-","0","0","0","0","0","0","0","0","0","0","0","0","0","0","0","0","0","0","0","0","0","0","0","0","0","0","0","0","0","0","0","0","0","0","0","0","0","0","0","0","0","0"
"0x7052a1772b90","      IMAD R99, R20, UR5, RZ","1","0","1","4224","135168","135168","32","32","0","-","-","-","0","0","0","0","0","0","0","0","-","0","0","0","0","0","0","0","0","0","0","0","0","0","0","0","0","0","0","0","1","0","0","0","0","0","0","0","0","0","0","0","0","0","0","0","0","0","0","0","0","0","0"
"0x7052a1772ba0","      SHF.R.S32.HI R36, RZ, 0x1f, R55","0","0","0","4224","135168","135168","32","32","0","-","-","-","0","0","0","0","0","0","0","0","-","0","0","0","0","0","0","0","0","0","0","0","0","0","0","0","0","0","0","0","0","0","0","0","0","0","0","0","0","0","0","0","0","0","0","0","0","0","0","0","0","0","0"
"0x7052a1772bb0","      IMAD R103, R22, UR5, RZ","0","0","0","4224","135168","135168","32","32","0","-","-","-","0","0","0","0","0","0","0","0","-","0","0","0","0","0","0","0","0","0","0","0","0","0","0","0","0","0","0","0","0","0","0","0","0","0","0","0","0","0","0","0","0","0","0","0","0","0","0","0","0","0","0"
"0x7052a1772bc0","      ISETP.GT.U32.AND P0, PT, R4, R9, PT","1","0","1","4224","135168","135168","32","32","0","-","-","-","0","0","0","0","0","0","0","0","-","0","0","0","0","0","0","0","0","0","0","0","0","0","0","0","0","0","0","0","1","0","0","0","0","0","0","0","0","0","0","0","0","0","0","0","0","0","0","0","0","0","0"
"0x7052a1772bd0","      IMAD.WIDE R98, R99, 0x4, R2","1","0","1","4224","135168","135168","32","32","0","-","-","-","0","0","0","0","0","0","0","0","-","0","0","0","0","0","0","0","0","0","0","0","0","0","0","0","0","0","0","0","1","0","0","0","0","0","0","0","0","0","0","0","0","0","0","0","0","0","0","0","0","0","0"
"0x7052a1772be0","      SHF.R.S32.HI R38, RZ, 0x1f, R59","0","0","0","4224","135168","135168","32","32","0","-","-","-","0","0","0","0","0","0","0","0","-","0","0","0","0","0","0","0","0","0","0","0","0","0","0","0","0","0","0","0","0","0","0","0","0","0","0","0","0","0","0","0","0","0","0","0","0","0","0","0","0","0","0"
"0x7052a1772bf0","      UIADD3 UR8, UR15, -0x40, URZ","0","0","0","4224","135168","135168","32","32","0","-","-","-","0","0","0","0","0","0","0","0","-","0","0","0","0","0","0","0","0","0","0","0","0","0","0","0","0","0","0","0","0","0","0","0","0","0","0","0","0","0","0","0","0","0","0","0","0","0","0","0","0","0","0"
"0x7052a1772c00","      SHF.R.S32.HI R40, RZ, 0x1f, R63","0","0","0","4224","135168","135168","32","32","0","-","-","-","0","0","0","0","0","0","0","0","-","0","0","0","0","0","0","0","0","0","0","0","0","0","0","0","0","0","0","0","0","0","0","0","0","0","0","0","0","0","0","0","0","0","0","0","0","0","0","0","0","0","0"
"0x7052a1772c10","@!P1  IMAD.IADD R11, R11, 0x1, -R4","0","0","0","4224","135168","0","32","0","0","-","-","-","0","0","0","0","0","0","0","0","-","0","0","0","0","0","0","0","0","0","0","0","0","0","0","0","0","0","0","0","0","0","0","0","0","0","0","0","0","0","0","0","0","0","0","0","0","0","0","0","0","0","0"
"0x7052a1772c20","      LEA.HI R38, R38, R59, RZ, 0x7","2","0","2","4224","135168","135168","32","32","0","-","-","-","0","0","0","0","0","0","0","0","-","0","0","0","0","0","0","0","0","0","0","0","0","0","0","0","0","0","0","0","2","0","0","0","0","0","0","0","0","0","0","0","0","0","0","0","0","0","0","0","0","0","0"
"0x7052a1772c30","@!P3  IMAD.IADD R13, R13, 0x1, -R4","0","0","0","4224","135168","0","32","0","0","-","-","-","0","0","0","0","0","0","0","0","-","0","0","0","0","0","0","0","0","0","0","0","0","0","0","0","0","0","0","0","0","0","0","0","0","0","0","0","0","0","0","0","0","0","0","0","0","0","0","0","0","0","0"
"0x7052a1772c40","      LEA.HI R40, R40, R63, RZ, 0x7","0","0","0","4224","135168","135168","32","32","0","-","-","-","0","0","0","0","0","0","0","0","-","0","0","0","0","0","0","0","0","0","0","0","0","0","0","0","0","0","0","0","0","0","0","0","0","0","0","0","0","0","0","0","0","0","0","0","0","0","0","0","0","0","0"
"0x7052a1772c50","      IMAD R21, R21, UR5, RZ","0","0","0","4224","135168","135168","32","32","0","-","-","-","0","0","0","0","0","0","0","0","-","0","0","0","0","0","0","0","0","0","0","0","0","0","0","0","0","0","0","0","0","0","0","0","0","0","0","0","0","0","0","0","0","0","0","0","0","0","0","0","0","0","0"
"0x7052a1772c60","      ISETP.GT.U32.AND P4, PT, R4, R11, PT","0","0","0","4224","135168","135168","32","32","0","-","-","-","0","0","0","0","0","0","0","0","-","0","0","0","0","0","0","0","0","0","0","0","0","0","0","0","0","0","0","0","0","0","0","0","0","0","0","0","0","0","0","0","0","0","0","0","0","0","0","0","0","0","0"
"0x7052a1772c70","      IMAD R27, R27, UR5, RZ","0","0","0","4224","135168","135168","32","32","0","-","-","-","0","0","0","0","0","0","0","0","-","0","0","0","0","0","0","0","0","0","0","0","0","0","0","0","0","0","0","0","0","0","0","0","0","0","0","0","0","0","0","0","0","0","0","0","0","0","0","0","0","0","0"
"0x7052a1772c80","      ISETP.GT.U32.AND P3, PT, R4, R13, PT","1","0","1","4224","135168","135168","32","32","0","-","-","-","0","0","0","0","0","0","0","0","-","0","0","0","0","0","0","0","0","0","0","0","0","0","0","0","0","0","0","0","1","0","0","0","0","0","0","0","0","0","0","0","0","0","0","0","0","0","0","0","0","0","0"
"0x7052a1772c90","      IMAD.WIDE R100, R21, 0x4, R2","0","0","0","4224","135168","135168","32","32","0","-","-","-","0","0","0","0","0","0","0","0","-","0","0","0","0","0","0","0","0","0","0","0","0","0","0","0","0","0","0","0","0","0","0","0","0","0","0","0","0","0","0","0","0","0","0","0","0","0","0","0","0","0","0"
"0x7052a1772ca0","      SGXT.U32 R15, R15, 0x4","0","0","0","4224","135168","135168","32","32","0","-","-","-","0","0","0","0","0","0","0","0","-","0","0","0","0","0","0","0","0","0","0","0","0","0","0","0","0","0","0","0","0","0","0","0","0","0","0","0","0","0","0","0","0","0","0","0","0","0","0","0","0","0","0"
"0x7052a1772cb0","      SHF.R.S32.HI R33, RZ, 0x7, R33","7","0","7","4224","135168","135168","32","32","0","-","-","-","0","0","0","0","0","0","0","0","-","0","0","0","0","0","0","0","0","1","0","0","0","0","2","0","0","0","0","2","1","0","0","0","1","0","0","0","0","0","0","0","0","0","0","0","0","0","0","0","0","0","0"
"0x7052a1772cc0","@!P0  IMAD.IADD R9, R9, 0x1, -R4","0","0","0","4224","135168","0","32","0","0","-","-","-","0","0","0","0","0","0","0","0","-","0","0","0","0","0","0","0","0","0","0","0","0","0","0","0","0","0","0","0","0","0","0","0","0","0","0","0","0","0","0","0","0","0","0","0","0","0","0","0","0","0","0"
"0x7052a1772cd0","      LOP3.LUT R28, R10, 0x10, R15, 0xfe, !PT","3","0","3","4224","135168","135168","32","32","0","-","-","-","0","0","0","0","0","0","0","0","-","0","0","0","0","0","0","0","0","3","0","0","0","0","0","0","0","0","0","0","0","0","0","0","0","0","0","0","0","0","0","0","0","0","0","0","0","0","0","0","0","0","0"
"0x7052a1772ce0","      IMAD.WIDE R114, R27, 0x4, R2","0","0","0","4224","135168","135168","32","32","0","-","-","-","0","0","0","0","0","0","0","0","-","0","0","0","0","0","0","0","0","0","0","0","0","0","0","0","0","0","0","0","0","0","0","0","0","0","0","0","0","0","0","0","0","0","0","0","0","0","0","0","0","0","0"
"0x7052a1772cf0","      ISETP.GE.AND P1, PT, R46, RZ, PT","1","0","1","4224","135168","135168","32","32","0","-","-","-","0","0","0","0","0","0","0","0","-","0","0","0","0","0","0","0","0","0","0","0","0","0","0","0","0","0","0","0","1","0","0","0","0","0","0","0","0","0","0","0","0","0","0","0","0","0","0","0","0","0","0"
"0x7052a1772d00","      SHF.R.S32.HI R34, RZ, 0x7, R34","1","0","1","4224","135168","135168","32","32","0","-","-","-","0","0","0","0","0","0","0","0","-","0","0","0","0","0","0","0","0","0","0","0","0","0","1","0","0","0","0","0","0","0","0","0","0","0","0","0","0","0","0","0","0","0","0","0","0","0","0","0","0","0","0"
"0x7052a1772d10","@!P4  IMAD.IADD R11, R11, 0x1, -R4","0","0","0","4224","135168","0","32","0","0","-","-","-","0","0","0","0","0","0","0","0","-","0","0","0","0","0","0","0","0","0","0","0","0","0","0","0","0","0","0","0","0","0","0","0","0","0","0","0","0","0","0","0","0","0","0","0","0","0","0","0","0","0","0"
"0x7052a1772d20","      ISETP.GT.U32.AND P5, PT, R4, R9, PT","0","0","0","4224","135168","135168","32","32","0","-","-","-","0","0","0","0","0","0","0","0","-","0","0","0","0","0","0","0","0","0","0","0","0","0","0","0","0","0","0","0","0","0","0","0","0","0","0","0","0","0","0","0","0","0","0","0","0","0","0","0","0","0","0"
"0x7052a1772d30","@!P3  IMAD.IADD R13, R13, 0x1, -R4","0","0","0","4224","135168","0","32","0","0","-","-","-","0","0","0","0","0","0","0","0","-","0","0","0","0","0","0","0","0","0","0","0","0","0","0","0","0","0","0","0","0","0","0","0","0","0","0","0","0","0","0","0","0","0","0","0","0","0","0","0","0","0","0"
"0x7052a1772d40","      ISETP.GE.AND P0, PT, R12, RZ, PT","0","0","0","4224","135168","135168","32","32","0","-","-","-","0","0","0","0","0","0","0","0","-","0","0","0","0","0","0","0","0","0","0","0","0","0","0","0","0","0","0","0","0","0","0","0","0","0","0","0","0","0","0","0","0","0","0","0","0","0","0","0","0","0","0"
"0x7052a1772d50","      IMAD R129, R34, UR5, RZ","0","0","0","4224","135168","135168","32","32","0","-","-","-","0","0","0","0","0","0","0","0","-","0","0","0","0","0","0","0","0","0","0","0","0","0","0","0","0","0","0","0","0","0","0","0","0","0","0","0","0","0","0","0","0","0","0","0","0","0","0","0","0","0","0"
"0x7052a1772d60","      LOP3.LUT R21, R10, 0x40, R5, 0xfe, !PT","1","0","1","4224","135168","135168","32","32","0","-","-","-","0","0","0","0","0","0","0","0","-","0","0","0","0","0","0","0","0","0","0","0","0","0","0","0","0","0","0","0","1","0","0","0","0","0","0","0","0","0","0","0","0","0","0","0","0","0","0","0","0","0","0"
"0x7052a1772d70","      IMAD R111, R26, UR5, RZ","0","0","0","4224","135168","135168","32","32","0","-","-","-","0","0","0","0","0","0","0","0","-","0","0","0","0","0","0","0","0","0","0","0","0","0","0","0","0","0","0","0","0","0","0","0","0","0","0","0","0","0","0","0","0","0","0","0","0","0","0","0","0","0","0"
"0x7052a1772d80","      IABS R5, R6","0","0","0","4224","135168","135168","32","32","0","-","-","-","0","0","0","0","0","0","0","0","-","0","0","0","0","0","0","0","0","0","0","0","0","0","0","0","0","0","0","0","0","0","0","0","0","0","0","0","0","0","0","0","0","0","0","0","0","0","0","0","0","0","0"
"0x7052a1772d90","      IMAD.WIDE R128, R129, 0x4, R2","0","0","0","4224","135168","135168","32","32","0","-","-","-","0","0","0","0","0","0","0","0","-","0","0","0","0","0","0","0","0","0","0","0","0","0","0","0","0","0","0","0","0","0","0","0","0","0","0","0","0","0","0","0","0","0","0","0","0","0","0","0","0","0","0"
"0x7052a1772da0","      LOP3.LUT R27, R10, R15, RZ, 0xfc, !PT","0","0","0","4224","135168","135168","32","32","0","-","-","-","0","0","0","0","0","0","0","0","-","0","0","0","0","0","0","0","0","0","0","0","0","0","0","0","0","0","0","0","0","0","0","0","0","0","0","0","0","0","0","0","0","0","0","0","0","0","0","0","0","0","0"
"0x7052a1772db0","      SHF.R.S32.HI R35, RZ, 0x7, R35","4","2","4","4224","135168","135168","32","32","0","-","-","-","0","0","0","0","0","0","0","0","-","0","0","0","0","0","0","0","0","2","0","0","0","0","1","0","0","0","0","1","0","0","0","0","0","0","0","1","0","0","0","0","1","0","0","0","0","0","0","0","0","0","0"
"0x7052a1772dc0","      IMAD R23, R23, UR5, RZ","1","0","1","4224","135168","135168","32","32","0","-","-","-","0","0","0","0","0","0","0","0","-","0","0","0","0","0","0","0","0","0","0","0","0","0","0","0","0","0","0","0","1","0","0","0","0","0","0","0","0","0","0","0","0","0","0","0","0","0","0","0","0","0","0"
"0x7052a1772dd0","      SHF.R.S32.HI R37, RZ, 0x7, R37","0","0","0","4224","135168","135168","32","32","0","-","-","-","0","0","0","0","0","0","0","0","-","0","0","0","0","0","0","0","0","0","0","0","0","0","0","0","0","0","0","0","0","0","0","0","0","0","0","0","0","0","0","0","0","0","0","0","0","0","0","0","0","0","0"
"0x7052a1772de0","@!P5  IMAD.IADD R9, R9, 0x1, -R4","0","0","0","4224","135168","0","32","0","0","-","-","-","0","0","0","0","0","0","0","0","-","0","0","0","0","0","0","0","0","0","0","0","0","0","0","0","0","0","0","0","0","0","0","0","0","0","0","0","0","0","0","0","0","0","0","0","0","0","0","0","0","0","0"
"0x7052a1772df0","      ISETP.GE.AND P5, PT, R44, RZ, PT","1","0","1","4224","135168","135168","32","32","0","-","-","-","0","0","0","0","0","0","0","0","-","0","0","0","0","0","0","0","0","0","0","0","0","0","0","0","0","0","0","0","1","0","0","0","0","0","0","0","0","0","0","0","0","0","0","0","0","0","0","0","0","0","0"
"0x7052a1772e00","      IMAD.HI.U32 R4, R8, R5, RZ","0","0","0","4224","135168","135168","32","32","0","-","-","-","0","0","0","0","0","0","0","0","-","0","0","0","0","0","0","0","0","0","0","0","0","0","0","0","0","0","0","0","0","0","0","0","0","0","0","0","0","0","0","0","0","0","0","0","0","0","0","0","0","0","0"
"0x7052a1772e10","      SHF.R.S32.HI R39, RZ, 0x7, R39","1","0","1","4224","135168","135168","32","32","0","-","-","-","0","0","0","0","0","0","0","0","-","0","0","0","0","0","0","0","0","0","0","0","0","0","0","0","0","0","0","0","1","0","0","0","0","0","0","0","0","0","0","0","0","0","0","0","0","0","0","0","0","0","0"
"0x7052a1772e20","      UIADD3 UR4, UR21, 0x3f, URZ","0","0","0","4224","135168","135168","32","32","0","-","-","-","0","0","0","0","0","0","0","0","-","0","0","0","0","0","0","0","0","0","0","0","0","0","0","0","0","0","0","0","0","0","0","0","0","0","0","0","0","0","0","0","0","0","0","0","0","0","0","0","0","0","0"
"0x7052a1772e30","      SHF.R.S32.HI R41, RZ, 0x7, R41","0","0","0","4224","135168","135168","32","32","0","-","-","-","0","0","0","0","0","0","0","0","-","0","0","0","0","0","0","0","0","0","0","0","0","0","0","0","0","0","0","0","0","0","0","0","0","0","0","0","0","0","0","0","0","0","0","0","0","0","0","0","0","0","0"
"0x7052a1772e40","      IMAD.MOV R4, RZ, RZ, -R4","1","0","1","4224","135168","135168","32","32","0","-","-","-","0","0","0","0","0","0","0","0","-","0","0","0","0","0","0","0","0","0","0","0","0","0","0","0","0","0","0","0","1","0","0","0","0","0","0","0","0","0","0","0","0","0","0","0","0","0","0","0","0","0","0"
"0x7052a1772e50","      LDG.E R152, desc[UR18][R82.64]","0","0","0","4224","135168","135168","32","32","0","Global","Load","32","33792","0","0","0","0","16896","33792","16896","","0","0","0","0","0","0","0","0","0","0","0","0","0","0","0","0","0","0","0","0","0","0","0","0","0","0","0","0","0","0","0","0","0","0","0","0","0","0","0","0","0","0"
"0x7052a1772e60","@!P1  IMAD.MOV R9, RZ, RZ, -R9","0","0","0","4224","135168","0","32","0","0","-","-","-","0","0","0","0","0","0","0","0","-","0","0","0","0","0","0","0","0","0","0","0","0","0","0","0","0","0","0","0","0","0","0","0","0","0","0","0","0","0","0","0","0","0","0","0","0","0","0","0","0","0","0"
"0x7052a1772e70","      IMAD R29, R29, UR5, RZ","5","0","5","4224","135168","135168","32","32","0","-","-","-","0","0","0","0","0","0","0","0","-","0","0","0","0","0","0","0","0","0","0","0","0","0","1","0","0","0","0","2","0","0","0","0","2","0","0","0","0","0","0","0","0","0","0","0","0","0","0","0","0","0","0"
"0x7052a1772e80","      LEA.HI R25, R197, 0x70, RZ, 0x1c","0","0","0","4224","135168","135168","32","32","0","-","-","-","0","0","0","0","0","0","0","0","-","0","0","0","0","0","0","0","0","0","0","0","0","0","0","0","0","0","0","0","0","0","0","0","0","0","0","0","0","0","0","0","0","0","0","0","0","0","0","0","0","0","0"
"0x7052a1772e90","      IMAD R4, R7, R4, R5","0","0","0","4224","135168","135168","32","32","0","-","-","-","0","0","0","0","0","0","0","0","-","0","0","0","0","0","0","0","0","0","0","0","0","0","0","0","0","0","0","0","0","0","0","0","0","0","0","0","0","0","0","0","0","0","0","0","0","0","0","0","0","0","0"
"0x7052a1772ea0","      LEA.HI R32, R32, R47, RZ, 0x7","2","0","2","4224","135168","135168","32","32","0","-","-","-","0","0","0","0","0","0","0","0","-","0","0","0","0","0","0","0","0","0","0","0","0","0","0","0","0","0","0","0","2","0","0","0","0","0","0","0","0","0","0","0","0","0","0","0","0","0","0","0","0","0","0"
"0x7052a1772eb0","@!P5  IMAD.MOV R13, RZ, RZ, -R13","0","0","0","4224","135168","0","32","0","0","-","-","-","0","0","0","0","0","0","0","0","-","0","0","0","0","0","0","0","0","0","0","0","0","0","0","0","0","0","0","0","0","0","0","0","0","0","0","0","0","0","0","0","0","0","0","0","0","0","0","0","0","0","0"
"0x7052a1772ec0","      SEL R166, R72, R9, !P6","0","0","0","4224","135168","135168","32","32","0","-","-","-","0","0","0","0","0","0","0","0","-","0","0","0","0","0","0","0","0","0","0","0","0","0","0","0","0","0","0","0","0","0","0","0","0","0","0","0","0","0","0","0","0","0","0","0","0","0","0","0","0","0","0"
"0x7052a1772ed0","      IMAD.WIDE R104, R23, 0x4, R2","1","0","1","4224","135168","135168","32","32","0","-","-","-","0","0","0","0","0","0","0","0","-","0","0","0","0","0","0","0","0","0","0","0","0","0","0","0","0","0","0","0","1","0","0","0","0","0","0","0","0","0","0","0","0","0","0","0","0","0","0","0","0","0","0"
"0x7052a1772ee0","      LEA.HI R36, R36, R55, RZ, 0x7","0","0","0","4224","135168","135168","32","32","0","-","-","-","0","0","0","0","0","0","0","0","-","0","0","0","0","0","0","0","0","0","0","0","0","0","0","0","0","0","0","0","0","0","0","0","0","0","0","0","0","0","0","0","0","0","0","0","0","0","0","0","0","0","0"
"0x7052a1772ef0","      LDG.E R153, desc[UR18][R84.64]","0","0","0","4224","135168","135168","32","32","0","Global","Load","32","33792","0","0","0","0","16896","33792","16896","","0","0","0","0","0","0","0","0","0","0","0","0","0","0","0","0","0","0","0","0","0","0","0","0","0","0","0","0","0","0","0","0","0","0","0","0","0","0","0","0","0","0"
"0x7052a1772f00","      SHF.R.S32.HI R38, RZ, 0x7, R38","0","0","0","4224","135168","135168","32","32","0","-","-","-","0","0","0","0","0","0","0","0","-","0","0","0","0","0","0","0","0","0","0","0","0","0","0","0","0","0","0","0","0","0","0","0","0","0","0","0","0","0","0","0","0","0","0","0","0","0","0","0","0","0","0"
"0x7052a1772f10","@!P0  IMAD.MOV R11, RZ, RZ, -R11","0","0","0","4224","135168","0","32","0","0","-","-","-","0","0","0","0","0","0","0","0","-","0","0","0","0","0","0","0","0","0","0","0","0","0","0","0","0","0","0","0","0","0","0","0","0","0","0","0","0","0","0","0","0","0","0","0","0","0","0","0","0","0","0"
"0x7052a1772f20","      SHF.R.S32.HI R36, RZ, 0x7, R36","1","0","1","4224","135168","135168","32","32","0","-","-","-","0","0","0","0","0","0","0","0","-","0","0","0","0","0","0","0","0","1","0","0","0","0","0","0","0","0","0","0","0","0","0","0","0","0","0","0","0","0","0","0","0","0","0","0","0","0","0","0","0","0","0"
"0x7052a1772f30","      IMAD.WIDE R118, R29, 0x4, R2","0","0","0","4224","135168","135168","32","32","0","-","-","-","0","0","0","0","0","0","0","0","-","0","0","0","0","0","0","0","0","0","0","0","0","0","0","0","0","0","0","0","0","0","0","0","0","0","0","0","0","0","0","0","0","0","0","0","0","0","0","0","0","0","0"
"0x7052a1772f40","      IABS R12, R21","0","0","0","4224","135168","135168","32","32","0","-","-","-","0","0","0","0","0","0","0","0","-","0","0","0","0","0","0","0","0","0","0","0","0","0","0","0","0","0","0","0","0","0","0","0","0","0","0","0","0","0","0","0","0","0","0","0","0","0","0","0","0","0","0"
"0x7052a1772f50","      LDG.E R155, desc[UR18][R88.64]","0","0","0","4224","135168","135168","32","32","0","Global","Load","32","4224","0","0","0","0","0","4224","4224","","0","0","0","0","0","0","0","0","0","0","0","0","0","0","0","0","0","0","0","0","0","0","0","0","0","0","0","0","0","0","0","0","0","0","0","0","0","0","0","0","0","0"
"0x7052a1772f60","      SEL R26, R72, R11, !P6","0","0","0","4224","135168","135168","32","32","0","-","-","-","0","0","0","0","0","0","0","0","-","0","0","0","0","0","0","0","0","0","0","0","0","0","0","0","0","0","0","0","0","0","0","0","0","0","0","0","0","0","0","0","0","0","0","0","0","0","0","0","0","0","0"
"0x7052a1772f70","      IMAD R19, R19, UR5, RZ","0","0","0","4224","135168","135168","32","32","0","-","-","-","0","0","0","0","0","0","0","0","-","0","0","0","0","0","0","0","0","0","0","0","0","0","0","0","0","0","0","0","0","0","0","0","0","0","0","0","0","0","0","0","0","0","0","0","0","0","0","0","0","0","0"
"0x7052a1772f80","      SEL R72, R72, R13, !P6","2","0","2","4224","135168","135168","32","32","0","-","-","-","0","0","0","0","0","0","0","0","-","0","0","0","0","0","0","0","0","2","0","0","0","0","0","0","0","0","0","0","0","0","0","0","0","0","0","0","0","0","0","0","0","0","0","0","0","0","0","0","0","0","0"
"0x7052a1772f90","      IMAD.WIDE R92, R17, 0x4, R2","0","0","0","4224","135168","135168","32","32","0","-","-","-","0","0","0","0","0","0","0","0","-","0","0","0","0","0","0","0","0","0","0","0","0","0","0","0","0","0","0","0","0","0","0","0","0","0","0","0","0","0","0","0","0","0","0","0","0","0","0","0","0","0","0"
"0x7052a1772fa0","      IABS R13, R27","0","0","0","4224","135168","135168","32","32","0","-","-","-","0","0","0","0","0","0","0","0","-","0","0","0","0","0","0","0","0","0","0","0","0","0","0","0","0","0","0","0","0","0","0","0","0","0","0","0","0","0","0","0","0","0","0","0","0","0","0","0","0","0","0"
"0x7052a1772fb0","      LDG.E R156, desc[UR18][R90.64]","0","0","0","4224","135168","135168","32","32","0","Global","Load","32","4224","0","0","0","0","0","4224","4224","","0","0","0","0","0","0","0","0","0","0","0","0","0","0","0","0","0","0","0","0","0","0","0","0","0","0","0","0","0","0","0","0","0","0","0","0","0","0","0","0","0","0"
"0x7052a1772fc0","      ISETP.GT.U32.AND P1, PT, R7, R4, PT","1","0","1","4224","135168","135168","32","32","0","-","-","-","0","0","0","0","0","0","0","0","-","0","0","0","0","0","0","0","0","0","0","0","0","0","0","0","0","0","0","0","1","0","0","0","0","0","0","0","0","0","0","0","0","0","0","0","0","0","0","0","0","0","0"
"0x7052a1772fd0","      IMAD.HI.U32 R5, R8, R12, RZ","0","0","0","4224","135168","135168","32","32","0","-","-","-","0","0","0","0","0","0","0","0","-","0","0","0","0","0","0","0","0","0","0","0","0","0","0","0","0","0","0","0","0","0","0","0","0","0","0","0","0","0","0","0","0","0","0","0","0","0","0","0","0","0","0"
"0x7052a1772fe0","      ISETP.GE.AND P0, PT, R6, RZ, PT","0","0","0","4224","135168","135168","32","32","0","-","-","-","0","0","0","0","0","0","0","0","-","0","0","0","0","0","0","0","0","0","0","0","0","0","0","0","0","0","0","0","0","0","0","0","0","0","0","0","0","0","0","0","0","0","0","0","0","0","0","0","0","0","0"
"0x7052a1772ff0","      LDG.E R160, desc[UR18][R98.64]","0","0","0","4224","135168","135168","32","32","0","Global","Load","32","4224","0","0","0","0","0","4224","4224","","0","0","0","0","0","0","0","0","0","0","0","0","0","0","0","0","0","0","0","0","0","0","0","0","0","0","0","0","0","0","0","0","0","0","0","0","0","0","0","0","0","0"
"0x7052a1773000","      SHF.R.S32.HI R32, RZ, 0x7, R32","0","0","0","4224","135168","135168","32","32","0","-","-","-","0","0","0","0","0","0","0","0","-","0","0","0","0","0","0","0","0","0","0","0","0","0","0","0","0","0","0","0","0","0","0","0","0","0","0","0","0","0","0","0","0","0","0","0","0","0","0","0","0","0","0"
"0x7052a1773010","      IMAD.HI.U32 R6, R8, R13, RZ","0","0","0","4224","135168","135168","32","32","0","-","-","-","0","0","0","0","0","0","0","0","-","0","0","0","0","0","0","0","0","0","0","0","0","0","0","0","0","0","0","0","0","0","0","0","0","0","0","0","0","0","0","0","0","0","0","0","0","0","0","0","0","0","0"
"0x7052a1773020","      LEA.HI R23, R197, 0x30, RZ, 0x1c","2","0","2","4224","135168","135168","32","32","0","-","-","-","0","0","0","0","0","0","0","0","-","0","0","0","0","0","0","0","0","0","0","0","0","0","0","0","0","0","0","0","2","0","0","0","0","0","0","0","0","0","0","0","0","0","0","0","0","0","0","0","0","0","0"
"0x7052a1773030","      LDG.E R161, desc[UR18][R100.64]","2","0","2","4224","135168","135168","32","32","0","Global","Load","32","4224","0","0","0","0","0","4224","4224","","0","0","0","0","0","0","0","0","0","0","0","0","0","0","0","0","0","0","0","2","0","0","0","0","0","0","0","0","0","0","0","0","0","0","0","0","0","0","0","0","0","0"
"0x7052a1773040","      SHF.R.S32.HI R40, RZ, 0x7, R40","0","0","0","4224","135168","135168","32","32","0","-","-","-","0","0","0","0","0","0","0","0","-","0","0","0","0","0","0","0","0","0","0","0","0","0","0","0","0","0","0","0","0","0","0","0","0","0","0","0","0","0","0","0","0","0","0","0","0","0","0","0","0","0","0"
"0x7052a1773050","      IMAD.MOV R5, RZ, RZ, -R5","1","0","1","4224","135168","135168","32","32","0","-","-","-","0","0","0","0","0","0","0","0","-","0","0","0","0","0","0","0","0","0","0","0","0","0","0","0","0","0","0","0","1","0","0","0","0","0","0","0","0","0","0","0","0","0","0","0","0","0","0","0","0","0","0"
"0x7052a1773060","      IMAD.MOV R14, RZ, RZ, -R6","3","0","3","4224","135168","135168","32","32","0","-","-","-","0","0","0","0","0","0","0","0","-","0","0","0","0","0","0","0","0","0","0","0","0","0","1","0","0","0","0","0","1","0","0","0","1","0","0","0","0","0","0","0","0","0","0","0","0","0","0","0","0","0","0"
"0x7052a1773070","      LOP3.LUT R29, R10, 0x20, R15, 0xfe, !PT","0","0","0","4224","135168","135168","32","32","0","-","-","-","0","0","0","0","0","0","0","0","-","0","0","0","0","0","0","0","0","0","0","0","0","0","0","0","0","0","0","0","0","0","0","0","0","0","0","0","0","0","0","0","0","0","0","0","0","0","0","0","0","0","0"
"0x7052a1773080","      IMAD.IADD R23, R23, 0x1, R10","0","0","0","4224","135168","135168","32","32","0","-","-","-","0","0","0","0","0","0","0","0","-","0","0","0","0","0","0","0","0","0","0","0","0","0","0","0","0","0","0","0","0","0","0","0","0","0","0","0","0","0","0","0","0","0","0","0","0","0","0","0","0","0","0"
"0x7052a1773090","      LDG.E R171, desc[UR18][R108.64]","0","0","0","4224","135168","135168","32","32","0","Global","Load","32","4224","0","0","0","0","0","4224","4224","","0","0","0","0","0","0","0","0","0","0","0","0","0","0","0","0","0","0","0","0","0","0","0","0","0","0","0","0","0","0","0","0","0","0","0","0","0","0","0","0","0","0"
"0x7052a17730a0","      IMAD R6, R7, R5, R12","1","0","1","4224","135168","135168","32","32","0","-","-","-","0","0","0","0","0","0","0","0","-","0","0","0","0","0","0","0","0","0","0","0","0","0","0","0","0","0","0","0","1","0","0","0","0","0","0","0","0","0","0","0","0","0","0","0","0","0","0","0","0","0","0"
"0x7052a17730b0","      IABS R17, R29","0","0","0","4224","135168","135168","32","32","0","-","-","-","0","0","0","0","0","0","0","0","-","0","0","0","0","0","0","0","0","0","0","0","0","0","0","0","0","0","0","0","0","0","0","0","0","0","0","0","0","0","0","0","0","0","0","0","0","0","0","0","0","0","0"
"0x7052a17730c0","@!P1  IMAD.IADD R4, R4, 0x1, -R7","1","0","1","4224","135168","0","32","0","0","-","-","-","0","0","0","0","0","0","0","0","-","0","0","0","0","0","0","0","0","0","0","0","0","0","0","0","0","0","0","0","1","0","0","0","0","0","0","0","0","0","0","0","0","0","0","0","0","0","0","0","0","0","0"
"0x7052a17730d0","      LDG.E R173, desc[UR18][R112.64]","0","0","0","4224","135168","135168","32","32","0","Global","Load","32","4224","0","0","0","0","0","4224","4224","","0","0","0","0","0","0","0","0","0","0","0","0","0","0","0","0","0","0","0","0","0","0","0","0","0","0","0","0","0","0","0","0","0","0","0","0","0","0","0","0","0","0"
"0x7052a17730e0","      IMAD R125, R32, UR5, RZ","0","0","0","4224","135168","135168","32","32","0","-","-","-","0","0","0","0","0","0","0","0","-","0","0","0","0","0","0","0","0","0","0","0","0","0","0","0","0","0","0","0","0","0","0","0","0","0","0","0","0","0","0","0","0","0","0","0","0","0","0","0","0","0","0"
"0x7052a17730f0","      ISETP.GT.U32.AND P1, PT, R7, R6, PT","0","0","0","4224","135168","135168","32","32","0","-","-","-","0","0","0","0","0","0","0","0","-","0","0","0","0","0","0","0","0","0","0","0","0","0","0","0","0","0","0","0","0","0","0","0","0","0","0","0","0","0","0","0","0","0","0","0","0","0","0","0","0","0","0"
"0x7052a1773100","      IMAD R141, R40, UR5, RZ","2","0","2","4224","135168","135168","32","32","0","-","-","-","0","0","0","0","0","0","0","0","-","0","0","0","0","0","0","0","0","0","0","0","0","0","0","0","0","0","0","0","2","0","0","0","0","0","0","0","0","0","0","0","0","0","0","0","0","0","0","0","0","0","0"
"0x7052a1773110","      ISETP.GT.U32.AND P4, PT, R7, R4, PT","0","0","0","4224","135168","135168","32","32","0","-","-","-","0","0","0","0","0","0","0","0","-","0","0","0","0","0","0","0","0","0","0","0","0","0","0","0","0","0","0","0","0","0","0","0","0","0","0","0","0","0","0","0","0","0","0","0","0","0","0","0","0","0","0"
"0x7052a1773120","      IMAD.WIDE R124, R125, 0x4, R2","0","0","0","4224","135168","135168","32","32","0","-","-","-","0","0","0","0","0","0","0","0","-","0","0","0","0","0","0","0","0","0","0","0","0","0","0","0","0","0","0","0","0","0","0","0","0","0","0","0","0","0","0","0","0","0","0","0","0","0","0","0","0","0","0"
"0x7052a1773130","      LDG.E R190, desc[UR18][R146.64]","0","0","0","4224","135168","135168","32","32","0","Global","Load","32","4224","0","0","0","0","0","4224","4224","","0","0","0","0","0","0","0","0","0","0","0","0","0","0","0","0","0","0","0","0","0","0","0","0","0","0","0","0","0","0","0","0","0","0","0","0","0","0","0","0","0","0"
"0x7052a1773140","      IMAD R107, R24, UR5, RZ","7","4","7","4224","135168","135168","32","32","0","-","-","-","0","0","0","0","0","0","0","0","-","0","0","0","0","0","0","0","0","3","0","0","0","0","1","0","0","0","0","1","0","0","0","0","2","0","0","2","0","0","0","0","1","0","0","0","0","0","0","0","0","0","1"
"0x7052a1773150","      LOP3.LUT R24, R10, 0x60, R15, 0xfe, !PT","0","0","0","4224","135168","135168","32","32","0","-","-","-","0","0","0","0","0","0","0","0","-","0","0","0","0","0","0","0","0","0","0","0","0","0","0","0","0","0","0","0","0","0","0","0","0","0","0","0","0","0","0","0","0","0","0","0","0","0","0","0","0","0","0"
"0x7052a1773160","      IMAD R121, R30, UR5, RZ","1","0","1","4224","135168","135168","32","32","0","-","-","-","0","0","0","0","0","0","0","0","-","0","0","0","0","0","0","0","0","0","0","0","0","0","0","0","0","0","0","0","1","0","0","0","0","0","0","0","0","0","0","0","0","0","0","0","0","0","0","0","0","0","0"
"0x7052a1773170","      LOP3.LUT R30, R10, 0x40, R15, 0xfe, !PT","3","0","3","4224","135168","135168","32","32","0","-","-","-","0","0","0","0","0","0","0","0","-","0","0","0","0","0","0","0","0","1","0","0","0","0","0","0","0","0","0","0","2","0","0","0","0","0","0","0","0","0","0","0","0","0","0","0","0","0","0","0","0","0","0"
"0x7052a1773180","      IMAD.WIDE R106, R107, 0x4, R2","0","0","0","4224","135168","135168","32","32","0","-","-","-","0","0","0","0","0","0","0","0","-","0","0","0","0","0","0","0","0","0","0","0","0","0","0","0","0","0","0","0","0","0","0","0","0","0","0","0","0","0","0","0","0","0","0","0","0","0","0","0","0","0","0"
"0x7052a1773190","      IMAD.WIDE R122, R31, 0x4, R2","2","0","2","4224","135168","135168","32","32","0","-","-","-","0","0","0","0","0","0","0","0","-","0","0","0","0","0","0","0","0","0","0","0","0","0","2","0","0","0","0","0","0","0","0","0","0","0","0","0","0","0","0","0","0","0","0","0","0","0","0","0","0","0","0"
"0x7052a17731a0","      LOP3.LUT R31, R10, 0x50, R15, 0xfe, !PT","1","0","1","4224","135168","135168","32","32","0","-","-","-","0","0","0","0","0","0","0","0","-","0","0","0","0","0","0","0","0","1","0","0","0","0","0","0","0","0","0","0","0","0","0","0","0","0","0","0","0","0","0","0","0","0","0","0","0","0","0","0","0","0","0"
"0x7052a17731b0","      LDG.E R174, desc[UR18][R114.64]","0","0","0","4224","135168","135168","32","32","0","Global","Load","32","4224","0","0","0","0","0","4224","4224","","0","0","0","0","0","0","0","0","0","0","0","0","0","0","0","0","0","0","0","0","0","0","0","0","0","0","0","0","0","0","0","0","0","0","0","0","0","0","0","0","0","0"
"0x7052a17731c0","      IABS R15, R28","0","0","0","4224","135168","135168","32","32","0","-","-","-","0","0","0","0","0","0","0","0","-","0","0","0","0","0","0","0","0","0","0","0","0","0","0","0","0","0","0","0","0","0","0","0","0","0","0","0","0","0","0","0","0","0","0","0","0","0","0","0","0","0","0"
"0x7052a17731d0","      IMAD.WIDE R96, R19, 0x4, R2","0","0","0","4224","135168","135168","32","32","0","-","-","-","0","0","0","0","0","0","0","0","-","0","0","0","0","0","0","0","0","0","0","0","0","0","0","0","0","0","0","0","0","0","0","0","0","0","0","0","0","0","0","0","0","0","0","0","0","0","0","0","0","0","0"
"0x7052a17731e0","      IABS R19, R23","0","0","0","4224","135168","135168","32","32","0","-","-","-","0","0","0","0","0","0","0","0","-","0","0","0","0","0","0","0","0","0","0","0","0","0","0","0","0","0","0","0","0","0","0","0","0","0","0","0","0","0","0","0","0","0","0","0","0","0","0","0","0","0","0"
"0x7052a17731f0","      LDG.E R181, desc[UR18][R128.64]","0","0","0","4224","135168","135168","32","32","0","Global","Load","32","4224","0","0","0","0","0","4224","4224","","0","0","0","0","0","0","0","0","0","0","0","0","0","0","0","0","0","0","0","0","0","0","0","0","0","0","0","0","0","0","0","0","0","0","0","0","0","0","0","0","0","0"
"0x7052a1773200","      IMAD.IADD R25, R25, 0x1, R10","7","0","7","4224","135168","135168","32","32","0","-","-","-","0","0","0","0","0","0","0","0","-","0","0","0","0","0","0","0","0","1","0","0","0","0","2","0","0","0","0","2","1","0","0","0","1","0","0","0","0","0","0","0","0","0","0","0","0","0","0","0","0","0","0"
"0x7052a1773210","      IMAD.HI.U32 R10, R8, R17, RZ","2","0","2","4224","135168","135168","32","32","0","-","-","-","0","0","0","0","0","0","0","0","-","0","0","0","0","0","0","0","0","0","0","0","0","0","1","0","0","0","0","0","0","0","0","0","1","0","0","0","0","0","0","0","0","0","0","0","0","0","0","0","0","0","0"
"0x7052a1773220","      IMAD R95, R18, UR5, RZ","3","1","3","4224","135168","135168","32","32","0","-","-","-","0","0","0","0","0","0","0","0","-","0","0","0","0","0","0","0","0","0","0","0","0","0","0","0","0","0","0","2","0","0","0","0","1","0","0","0","0","0","0","0","0","0","0","0","0","0","0","0","0","0","1"
"0x7052a1773230","      IMAD.SHL.U32 R73, R197, 0x10, RZ","3","0","3","4224","135168","135168","32","32","0","-","-","-","0","0","0","0","0","0","0","0","-","0","0","0","0","0","0","0","0","0","0","0","0","0","1","0","0","0","0","1","1","0","0","0","0","0","0","0","0","0","0","0","0","0","0","0","0","0","0","0","0","0","0"
"0x7052a1773240","      IMAD R33, R33, UR5, RZ","1","0","1","4224","135168","135168","32","32","0","-","-","-","0","0","0","0","0","0","0","0","-","0","0","0","0","0","0","0","0","0","0","0","0","0","0","0","0","0","0","0","1","0","0","0","0","0","0","0","0","0","0","0","0","0","0","0","0","0","0","0","0","0","0"
"0x7052a1773250","      IMAD R35, R35, UR5, RZ","0","0","0","4224","135168","135168","32","32","0","-","-","-","0","0","0","0","0","0","0","0","-","0","0","0","0","0","0","0","0","0","0","0","0","0","0","0","0","0","0","0","0","0","0","0","0","0","0","0","0","0","0","0","0","0","0","0","0","0","0","0","0","0","0"
"0x7052a1773260","      IMAD R37, R37, UR5, RZ","3","0","3","4224","135168","135168","32","32","0","-","-","-","0","0","0","0","0","0","0","0","-","0","0","0","0","0","0","0","0","0","0","0","0","0","2","0","0","0","0","1","0","0","0","0","0","0","0","0","0","0","0","0","0","0","0","0","0","0","0","0","0","0","0"
"0x7052a1773270","      IMAD R39, R39, UR5, RZ","0","0","0","4224","135168","135168","32","32","0","-","-","-","0","0","0","0","0","0","0","0","-","0","0","0","0","0","0","0","0","0","0","0","0","0","0","0","0","0","0","0","0","0","0","0","0","0","0","0","0","0","0","0","0","0","0","0","0","0","0","0","0","0","0"
"0x7052a1773280","      IMAD R145, R42, UR5, RZ","2","0","2","4224","135168","135168","32","32","0","-","-","-","0","0","0","0","0","0","0","0","-","0","0","0","0","0","0","0","0","0","0","0","0","0","1","0","0","0","0","0","1","0","0","0","0","0","0","0","0","0","0","0","0","0","0","0","0","0","0","0","0","0","0"
"0x7052a1773290","      UISETP.GT.AND UP0, UPT, UR4, 0x3f, UPT","0","0","0","4224","135168","135168","32","32","0","-","-","-","0","0","0","0","0","0","0","0","-","0","0","0","0","0","0","0","0","0","0","0","0","0","0","0","0","0","0","0","0","0","0","0","0","0","0","0","0","0","0","0","0","0","0","0","0","0","0","0","0","0","0"
"0x7052a17732a0","      IMAD.HI.U32 R11, R8, R19, RZ","0","0","0","4224","135168","135168","32","32","0","-","-","-","0","0","0","0","0","0","0","0","-","0","0","0","0","0","0","0","0","0","0","0","0","0","0","0","0","0","0","0","0","0","0","0","0","0","0","0","0","0","0","0","0","0","0","0","0","0","0","0","0","0","0"
"0x7052a17732b0","      LDG.E R157, desc[UR18][R92.64]","1","0","1","4224","135168","135168","32","32","0","Global","Load","32","4224","0","0","0","0","0","4224","4224","","0","0","0","0","0","0","0","0","0","0","0","0","0","0","0","0","0","0","0","1","0","0","0","0","0","0","0","0","0","0","0","0","0","0","0","0","0","0","0","0","0","0"
"0x7052a17732c0","      IMAD.MOV R18, RZ, RZ, -R10","3","0","3","4224","135168","135168","32","32","0","-","-","-","0","0","0","0","0","0","0","0","-","0","0","0","0","0","0","0","0","0","0","0","0","0","1","0","0","0","0","2","0","0","0","0","0","0","0","0","0","0","0","0","0","0","0","0","0","0","0","0","0","0","0"
"0x7052a17732d0","      LDG.E R159, desc[UR18][R96.64]","1","0","1","4224","135168","135168","32","32","0","Global","Load","32","4224","0","0","0","0","0","4224","4224","","0","0","0","0","0","0","0","0","0","0","0","0","0","0","0","0","0","0","0","1","0","0","0","0","0","0","0","0","0","0","0","0","0","0","0","0","0","0","0","0","0","0"
"0x7052a17732e0","      IMAD.HI.U32 R9, R8, R15, RZ","0","0","0","4224","135168","135168","32","32","0","-","-","-","0","0","0","0","0","0","0","0","-","0","0","0","0","0","0","0","0","0","0","0","0","0","0","0","0","0","0","0","0","0","0","0","0","0","0","0","0","0","0","0","0","0","0","0","0","0","0","0","0","0","0"
"0x7052a17732f0","      LDG.E R163, desc[UR18][R104.64]","1","1","1","4224","135168","135168","32","32","0","Global","Load","32","4224","0","0","0","0","0","4224","4224","","0","0","0","0","0","0","0","0","0","0","0","0","0","0","0","0","0","0","0","0","0","0","0","1","0","0","0","0","0","0","0","0","0","0","0","0","0","0","0","0","0","1"
"0x7052a1773300","      IMAD.MOV R16, RZ, RZ, -R9","1","0","1","4224","135168","135168","32","32","0","-","-","-","0","0","0","0","0","0","0","0","-","0","0","0","0","0","0","0","0","0","0","0","0","0","0","0","0","0","0","0","1","0","0","0","0","0","0","0","0","0","0","0","0","0","0","0","0","0","0","0","0","0","0"
"0x7052a1773310","      IMAD R10, R7, R14, R13","0","0","0","4224","135168","135168","32","32","0","-","-","-","0","0","0","0","0","0","0","0","-","0","0","0","0","0","0","0","0","0","0","0","0","0","0","0","0","0","0","0","0","0","0","0","0","0","0","0","0","0","0","0","0","0","0","0","0","0","0","0","0","0","0"
"0x7052a1773320","      LDG.E R168, desc[UR18][R106.64]","1","0","1","4224","135168","135168","32","32","0","Global","Load","32","4224","0","0","0","0","0","4224","4224","","0","0","0","0","0","0","0","0","0","0","0","0","0","0","0","0","0","0","0","1","0","0","0","0","0","0","0","0","0","0","0","0","0","0","0","0","0","0","0","0","0","0"
"0x7052a1773330","      IMAD.MOV R20, RZ, RZ, -R11","0","0","0","4224","135168","135168","32","32","0","-","-","-","0","0","0","0","0","0","0","0","-","0","0","0","0","0","0","0","0","0","0","0","0","0","0","0","0","0","0","0","0","0","0","0","0","0","0","0","0","0","0","0","0","0","0","0","0","0","0","0","0","0","0"
"0x7052a1773340","      IMAD R14, R7, R18, R17","1","0","1","4224","135168","135168","32","32","0","-","-","-","0","0","0","0","0","0","0","0","-","0","0","0","0","0","0","0","0","0","0","0","0","0","0","0","0","0","0","0","0","0","0","0","1","0","0","0","0","0","0","0","0","0","0","0","0","0","0","0","0","0","0"
"0x7052a1773350","      LDG.E R176, desc[UR18][R118.64]","0","0","0","4224","135168","135168","32","32","0","Global","Load","32","4224","0","0","0","0","0","4224","4224","","0","0","0","0","0","0","0","0","0","0","0","0","0","0","0","0","0","0","0","0","0","0","0","0","0","0","0","0","0","0","0","0","0","0","0","0","0","0","0","0","0","0"
"0x7052a1773360","      IMAD R12, R7, R16, R15","0","0","0","4224","135168","135168","32","32","0","-","-","-","0","0","0","0","0","0","0","0","-","0","0","0","0","0","0","0","0","0","0","0","0","0","0","0","0","0","0","0","0","0","0","0","0","0","0","0","0","0","0","0","0","0","0","0","0","0","0","0","0","0","0"
"0x7052a1773370","      IMAD R16, R7, R20, R19","1","0","1","4224","135168","135168","32","32","0","-","-","-","0","0","0","0","0","0","0","0","-","0","0","0","0","0","0","0","0","0","0","0","0","0","0","0","0","0","0","0","1","0","0","0","0","0","0","0","0","0","0","0","0","0","0","0","0","0","0","0","0","0","0"
"0x7052a1773380","      IABS R22, R25","0","0","0","4224","135168","135168","32","32","0","-","-","-","0","0","0","0","0","0","0","0","-","0","0","0","0","0","0","0","0","0","0","0","0","0","0","0","0","0","0","0","0","0","0","0","0","0","0","0","0","0","0","0","0","0","0","0","0","0","0","0","0","0","0"
"0x7052a1773390","      IMAD.WIDE R94, R95, 0x4, R2","1","0","1","4224","135168","135168","32","32","0","-","-","-","0","0","0","0","0","0","0","0","-","0","0","0","0","0","0","0","0","0","0","0","0","0","0","0","0","0","0","0","1","0","0","0","0","0","0","0","0","0","0","0","0","0","0","0","0","0","0","0","0","0","0"
"0x7052a17733a0","@!P1  IMAD.IADD R6, R6, 0x1, -R7","5","3","5","4224","135168","0","32","0","0","-","-","-","0","0","0","0","0","0","0","0","-","0","0","0","0","0","0","0","0","0","0","0","0","0","3","0","0","0","0","2","0","0","0","0","0","0","0","0","0","0","0","0","3","0","0","0","0","0","0","0","0","0","0"
"0x7052a17733b0","      ISETP.GT.U32.AND P1, PT, R7, R14, PT","0","0","0","4224","135168","135168","32","32","0","-","-","-","0","0","0","0","0","0","0","0","-","0","0","0","0","0","0","0","0","0","0","0","0","0","0","0","0","0","0","0","0","0","0","0","0","0","0","0","0","0","0","0","0","0","0","0","0","0","0","0","0","0","0"
"0x7052a17733c0","@!P4  IMAD.IADD R4, R4, 0x1, -R7","0","0","0","4224","135168","0","32","0","0","-","-","-","0","0","0","0","0","0","0","0","-","0","0","0","0","0","0","0","0","0","0","0","0","0","0","0","0","0","0","0","0","0","0","0","0","0","0","0","0","0","0","0","0","0","0","0","0","0","0","0","0","0","0"
"0x7052a17733d0","      ISETP.GT.U32.AND P4, PT, R7, R16, PT","0","0","0","4224","135168","135168","32","32","0","-","-","-","0","0","0","0","0","0","0","0","-","0","0","0","0","0","0","0","0","0","0","0","0","0","0","0","0","0","0","0","0","0","0","0","0","0","0","0","0","0","0","0","0","0","0","0","0","0","0","0","0","0","0"
"0x7052a17733e0","      IMAD R133, R36, UR5, RZ","0","0","0","4224","135168","135168","32","32","0","-","-","-","0","0","0","0","0","0","0","0","-","0","0","0","0","0","0","0","0","0","0","0","0","0","0","0","0","0","0","0","0","0","0","0","0","0","0","0","0","0","0","0","0","0","0","0","0","0","0","0","0","0","0"
"0x7052a17733f0","      ISETP.GT.U32.AND P5, PT, R7, R6, PT","1","0","1","4224","135168","135168","32","32","0","-","-","-","0","0","0","0","0","0","0","0","-","0","0","0","0","0","0","0","0","0","0","0","0","0","0","0","0","0","0","0","1","0","0","0","0","0","0","0","0","0","0","0","0","0","0","0","0","0","0","0","0","0","0"
"0x7052a1773400","      IMAD R137, R38, UR5, RZ","1","0","1","4224","135168","135168","32","32","0","-","-","-","0","0","0","0","0","0","0","0","-","0","0","0","0","0","0","0","0","0","0","0","0","0","0","0","0","0","0","0","1","0","0","0","0","0","0","0","0","0","0","0","0","0","0","0","0","0","0","0","0","0","0"
"0x7052a1773410","      ISETP.GT.U32.AND P3, PT, R7, R12, PT","0","0","0","4224","135168","135168","32","32","0","-","-","-","0","0","0","0","0","0","0","0","-","0","0","0","0","0","0","0","0","0","0","0","0","0","0","0","0","0","0","0","0","0","0","0","0","0","0","0","0","0","0","0","0","0","0","0","0","0","0","0","0","0","0"
"0x7052a1773420","      IMAD R41, R41, UR5, RZ","0","0","0","4224","135168","135168","32","32","0","-","-","-","0","0","0","0","0","0","0","0","-","0","0","0","0","0","0","0","0","0","0","0","0","0","0","0","0","0","0","0","0","0","0","0","0","0","0","0","0","0","0","0","0","0","0","0","0","0","0","0","0","0","0"
"0x7052a1773430","      ISETP.GT.U32.AND P6, PT, R7, R10, PT","1","0","1","4224","135168","135168","32","32","0","-","-","-","0","0","0","0","0","0","0","0","-","0","0","0","0","0","0","0","0","0","0","0","0","0","0","0","0","0","0","0","1","0","0","0","0","0","0","0","0","0","0","0","0","0","0","0","0","0","0","0","0","0","0"
"0x7052a1773440","      IMAD.HI.U32 R13, R8, R22, RZ","0","0","0","4224","135168","135168","32","32","0","-","-","-","0","0","0","0","0","0","0","0","-","0","0","0","0","0","0","0","0","0","0","0","0","0","0","0","0","0","0","0","0","0","0","0","0","0","0","0","0","0","0","0","0","0","0","0","0","0","0","0","0","0","0"
"0x7052a1773450","      IABS R15, R30","1","0","1","4224","135168","135168","32","32","0","-","-","-","0","0","0","0","0","0","0","0","-","0","0","0","0","0","0","0","0","0","0","0","0","0","0","0","0","0","0","0","1","0","0","0","0","0","0","0","0","0","0","0","0","0","0","0","0","0","0","0","0","0","0"
"0x7052a1773460","      LDG.E R158, desc[UR18][R94.64]","0","0","0","4224","135168","135168","32","32","0","Global","Load","32","4224","0","0","0","0","0","4224","4224","","0","0","0","0","0","0","0","0","0","0","0","0","0","0","0","0","0","0","0","0","0","0","0","0","0","0","0","0","0","0","0","0","0","0","0","0","0","0","0","0","0","0"
"0x7052a1773470","@!P1  IMAD.IADD R14, R14, 0x1, -R7","3","0","3","4224","135168","0","32","0","0","-","-","-","0","0","0","0","0","0","0","0","-","0","0","0","0","0","0","0","0","0","0","0","0","0","1","0","0","0","0","0","0","0","0","0","2","0","0","0","0","0","0","0","0","0","0","0","0","0","0","0","0","0","0"
"0x7052a1773480","      IABS R18, R31","0","0","0","4224","135168","135168","32","32","0","-","-","-","0","0","0","0","0","0","0","0","-","0","0","0","0","0","0","0","0","0","0","0","0","0","0","0","0","0","0","0","0","0","0","0","0","0","0","0","0","0","0","0","0","0","0","0","0","0","0","0","0","0","0"
"0x7052a1773490","@!P4  IMAD.IADD R16, R16, 0x1, -R7","0","0","0","4224","135168","0","32","0","0","-","-","-","0","0","0","0","0","0","0","0","-","0","0","0","0","0","0","0","0","0","0","0","0","0","0","0","0","0","0","0","0","0","0","0","0","0","0","0","0","0","0","0","0","0","0","0","0","0","0","0","0","0","0"
"0x7052a17734a0","      IABS R20, R24","0","0","0","4224","135168","135168","32","32","0","-","-","-","0","0","0","0","0","0","0","0","-","0","0","0","0","0","0","0","0","0","0","0","0","0","0","0","0","0","0","0","0","0","0","0","0","0","0","0","0","0","0","0","0","0","0","0","0","0","0","0","0","0","0"
"0x7052a17734b0","@!P5  IMAD.IADD R6, R6, 0x1, -R7","1","0","1","4224","135168","0","32","0","0","-","-","-","0","0","0","0","0","0","0","0","-","0","0","0","0","0","0","0","0","0","0","0","0","0","0","0","0","0","0","0","1","0","0","0","0","0","0","0","0","0","0","0","0","0","0","0","0","0","0","0","0","0","0"
"0x7052a17734c0","      ISETP.GT.U32.AND P4, PT, R7, R14, PT","0","0","0","4224","135168","135168","32","32","0","-","-","-","0","0","0","0","0","0","0","0","-","0","0","0","0","0","0","0","0","0","0","0","0","0","0","0","0","0","0","0","0","0","0","0","0","0","0","0","0","0","0","0","0","0","0","0","0","0","0","0","0","0","0"
"0x7052a17734d0","@!P3  IMAD.IADD R12, R12, 0x1, -R7","0","0","0","4224","135168","0","32","0","0","-","-","-","0","0","0","0","0","0","0","0","-","0","0","0","0","0","0","0","0","0","0","0","0","0","0","0","0","0","0","0","0","0","0","0","0","0","0","0","0","0","0","0","0","0","0","0","0","0","0","0","0","0","0"
"0x7052a17734e0","      LDG.E R178, desc[UR18][R122.64]","2","0","2","4224","135168","135168","32","32","0","Global","Load","32","4224","0","0","0","0","0","4224","4224","","0","0","0","0","0","0","0","0","0","0","0","0","0","0","0","0","0","0","0","2","0","0","0","0","0","0","0","0","0","0","0","0","0","0","0","0","0","0","0","0","0","0"
"0x7052a17734f0","@!P6  IMAD.IADD R10, R10, 0x1, -R7","2","0","2","4224","135168","0","32","0","0","-","-","-","0","0","0","0","0","0","0","0","-","0","0","0","0","0","0","0","0","0","0","0","0","0","0","0","0","0","0","0","2","0","0","0","0","0","0","0","0","0","0","0","0","0","0","0","0","0","0","0","0","0","0"
"0x7052a1773500","      ISETP.GE.AND P6, PT, R21, RZ, PT","0","0","0","4224","135168","135168","32","32","0","-","-","-","0","0","0","0","0","0","0","0","-","0","0","0","0","0","0","0","0","0","0","0","0","0","0","0","0","0","0","0","0","0","0","0","0","0","0","0","0","0","0","0","0","0","0","0","0","0","0","0","0","0","0"
"0x7052a1773510","      IMAD.HI.U32 R5, R8, R15, RZ","1","0","1","4224","135168","135168","32","32","0","-","-","-","0","0","0","0","0","0","0","0","-","0","0","0","0","0","0","0","0","0","0","0","0","0","0","0","0","0","0","0","1","0","0","0","0","0","0","0","0","0","0","0","0","0","0","0","0","0","0","0","0","0","0"
"0x7052a1773520","      ISETP.GT.U32.AND P5, PT, R7, R12, PT","0","0","0","4224","135168","135168","32","32","0","-","-","-","0","0","0","0","0","0","0","0","-","0","0","0","0","0","0","0","0","0","0","0","0","0","0","0","0","0","0","0","0","0","0","0","0","0","0","0","0","0","0","0","0","0","0","0","0","0","0","0","0","0","0"
"0x7052a1773530","      LDG.E R179, desc[UR18][R124.64]","0","0","0","4224","135168","135168","32","32","0","Global","Load","32","4224","0","0","0","0","0","4224","4224","","0","0","0","0","0","0","0","0","0","0","0","0","0","0","0","0","0","0","0","0","0","0","0","0","0","0","0","0","0","0","0","0","0","0","0","0","0","0","0","0","0","0"
"0x7052a1773540","      IMAD.HI.U32 R9, R8, R18, RZ","1","0","1","4224","135168","135168","32","32","0","-","-","-","0","0","0","0","0","0","0","0","-","0","0","0","0","0","0","0","0","0","0","0","0","0","0","0","0","0","0","1","0","0","0","0","0","0","0","0","0","0","0","0","0","0","0","0","0","0","0","0","0","0","0"
"0x7052a1773550","      ISETP.GT.U32.AND P3, PT, R7, R10, PT","0","0","0","4224","135168","135168","32","32","0","-","-","-","0","0","0","0","0","0","0","0","-","0","0","0","0","0","0","0","0","0","0","0","0","0","0","0","0","0","0","0","0","0","0","0","0","0","0","0","0","0","0","0","0","0","0","0","0","0","0","0","0","0","0"
"0x7052a1773560","      IMAD.HI.U32 R11, R8, R20, RZ","4","1","4","4224","135168","135168","32","32","0","-","-","-","0","0","0","0","0","0","0","0","-","0","0","0","0","0","0","0","0","0","0","0","0","0","0","0","0","0","0","1","1","0","0","0","2","0","0","0","0","0","0","0","0","0","0","0","0","0","0","0","0","0","1"
"0x7052a1773570","      ISETP.GT.U32.AND P1, PT, R7, R16, PT","0","0","0","4224","135168","135168","32","32","0","-","-","-","0","0","0","0","0","0","0","0","-","0","0","0","0","0","0","0","0","0","0","0","0","0","0","0","0","0","0","0","0","0","0","0","0","0","0","0","0","0","0","0","0","0","0","0","0","0","0","0","0","0","0"
"0x7052a1773580","      IMAD.MOV R13, RZ, RZ, -R13","2","0","2","4224","135168","135168","32","32","0","-","-","-","0","0","0","0","0","0","0","0","-","0","0","0","0","0","0","0","0","1","0","0","0","0","1","0","0","0","0","0","0","0","0","0","0","0","0","0","0","0","0","0","0","0","0","0","0","0","0","0","0","0","0"
"0x7052a1773590","      IMAD.MOV R8, RZ, RZ, -R5","0","0","0","4224","135168","135168","32","32","0","-","-","-","0","0","0","0","0","0","0","0","-","0","0","0","0","0","0","0","0","0","0","0","0","0","0","0","0","0","0","0","0","0","0","0","0","0","0","0","0","0","0","0","0","0","0","0","0","0","0","0","0","0","0"
"0x7052a17735a0","      IMAD.MOV R9, RZ, RZ, -R9","4","1","4","4224","135168","135168","32","32","0","-","-","-","0","0","0","0","0","0","0","0","-","0","0","0","0","0","0","0","0","0","0","0","0","0","0","0","0","0","0","1","1","0","0","0","2","0","0","0","0","0","0","0","0","0","0","0","0","0","0","0","0","0","1"
"0x7052a17735b0","      IMAD.MOV R11, RZ, RZ, -R11","4","3","4","4224","135168","135168","32","32","0","-","-","-","0","0","0","0","0","0","0","0","-","0","0","0","0","0","0","0","0","0","0","0","0","0","2","0","0","0","0","1","0","0","0","0","1","0","0","0","0","0","0","0","2","0","0","0","0","0","0","0","0","0","1"
"0x7052a17735c0","      IMAD R22, R7, R13, R22","0","0","0","4224","135168","135168","32","32","0","-","-","-","0","0","0","0","0","0","0","0","-","0","0","0","0","0","0","0","0","0","0","0","0","0","0","0","0","0","0","0","0","0","0","0","0","0","0","0","0","0","0","0","0","0","0","0","0","0","0","0","0","0","0"
"0x7052a17735d0","      IMAD R8, R7, R8, R15","0","0","0","4224","135168","135168","32","32","0","-","-","-","0","0","0","0","0","0","0","0","-","0","0","0","0","0","0","0","0","0","0","0","0","0","0","0","0","0","0","0","0","0","0","0","0","0","0","0","0","0","0","0","0","0","0","0","0","0","0","0","0","0","0"
"0x7052a17735e0","      IMAD R18, R7, R9, R18","1","0","1","4224","135168","135168","32","32","0","-","-","-","0","0","0","0","0","0","0","0","-","0","0","0","0","0","0","0","0","0","0","0","0","0","0","0","0","0","0","1","0","0","0","0","0","0","0","0","0","0","0","0","0","0","0","0","0","0","0","0","0","0","0"
"0x7052a17735f0","      IMAD R20, R7, R11, R20","0","0","0","4224","135168","135168","32","32","0","-","-","-","0","0","0","0","0","0","0","0","-","0","0","0","0","0","0","0","0","0","0","0","0","0","0","0","0","0","0","0","0","0","0","0","0","0","0","0","0","0","0","0","0","0","0","0","0","0","0","0","0","0","0"
"0x7052a1773600","@!P4  IMAD.IADD R14, R14, 0x1, -R7","1","0","1","4224","135168","0","32","0","0","-","-","-","0","0","0","0","0","0","0","0","-","0","0","0","0","0","0","0","0","0","0","0","0","0","1","0","0","0","0","0","0","0","0","0","0","0","0","0","0","0","0","0","0","0","0","0","0","0","0","0","0","0","0"
"0x7052a1773610","      ISETP.GT.U32.AND P4, PT, R7, R22, PT","0","0","0","4224","135168","135168","32","32","0","-","-","-","0","0","0","0","0","0","0","0","-","0","0","0","0","0","0","0","0","0","0","0","0","0","0","0","0","0","0","0","0","0","0","0","0","0","0","0","0","0","0","0","0","0","0","0","0","0","0","0","0","0","0"
"0x7052a1773620","@!P0  IMAD.MOV R4, RZ, RZ, -R4","1","0","1","4224","135168","0","32","0","0","-","-","-","0","0","0","0","0","0","0","0","-","0","0","0","0","0","0","0","0","0","0","0","0","0","0","0","0","0","0","0","1","0","0","0","0","0","0","0","0","0","0","0","0","0","0","0","0","0","0","0","0","0","0"
"0x7052a1773630","      ISETP.GT.U32.AND P0, PT, R7, R8, PT","1","0","1","4224","135168","135168","32","32","0","-","-","-","0","0","0","0","0","0","0","0","-","0","0","0","0","0","0","0","0","0","0","0","0","0","0","0","0","0","0","0","1","0","0","0","0","0","0","0","0","0","0","0","0","0","0","0","0","0","0","0","0","0","0"
"0x7052a1773640","@!P6  IMAD.MOV R6, RZ, RZ, -R6","0","0","0","4224","135168","0","32","0","0","-","-","-","0","0","0","0","0","0","0","0","-","0","0","0","0","0","0","0","0","0","0","0","0","0","0","0","0","0","0","0","0","0","0","0","0","0","0","0","0","0","0","0","0","0","0","0","0","0","0","0","0","0","0"
"0x7052a1773650","      ISETP.GT.U32.AND P6, PT, R7, R18, PT","1","0","1","4224","135168","135168","32","32","0","-","-","-","0","0","0","0","0","0","0","0","-","0","0","0","0","0","0","0","0","0","0","0","0","0","0","0","0","0","0","0","1","0","0","0","0","0","0","0","0","0","0","0","0","0","0","0","0","0","0","0","0","0","0"
"0x7052a1773660","@!P5  IMAD.IADD R12, R12, 0x1, -R7","0","0","0","4224","135168","0","32","0","0","-","-","-","0","0","0","0","0","0","0","0","-","0","0","0","0","0","0","0","0","0","0","0","0","0","0","0","0","0","0","0","0","0","0","0","0","0","0","0","0","0","0","0","0","0","0","0","0","0","0","0","0","0","0"
"0x7052a1773670","      ISETP.GT.U32.AND P5, PT, R7, R20, PT","0","0","0","4224","135168","135168","32","32","0","-","-","-","0","0","0","0","0","0","0","0","-","0","0","0","0","0","0","0","0","0","0","0","0","0","0","0","0","0","0","0","0","0","0","0","0","0","0","0","0","0","0","0","0","0","0","0","0","0","0","0","0","0","0"
"0x7052a1773680","@!P3  IMAD.IADD R10, R10, 0x1, -R7","0","0","0","4224","135168","0","32","0","0","-","-","-","0","0","0","0","0","0","0","0","-","0","0","0","0","0","0","0","0","0","0","0","0","0","0","0","0","0","0","0","0","0","0","0","0","0","0","0","0","0","0","0","0","0","0","0","0","0","0","0","0","0","0"
"0x7052a1773690","      ISETP.GE.AND P3, PT, R27, RZ, PT","0","0","0","4224","135168","135168","32","32","0","-","-","-","0","0","0","0","0","0","0","0","-","0","0","0","0","0","0","0","0","0","0","0","0","0","0","0","0","0","0","0","0","0","0","0","0","0","0","0","0","0","0","0","0","0","0","0","0","0","0","0","0","0","0"
"0x7052a17736a0","@!P1  IMAD.IADD R16, R16, 0x1, -R7","0","0","0","4224","135168","0","32","0","0","-","-","-","0","0","0","0","0","0","0","0","-","0","0","0","0","0","0","0","0","0","0","0","0","0","0","0","0","0","0","0","0","0","0","0","0","0","0","0","0","0","0","0","0","0","0","0","0","0","0","0","0","0","0"
"0x7052a17736b0","      ISETP.GE.AND P1, PT, R28, RZ, PT","0","0","0","4224","135168","135168","32","32","0","-","-","-","0","0","0","0","0","0","0","0","-","0","0","0","0","0","0","0","0","0","0","0","0","0","0","0","0","0","0","0","0","0","0","0","0","0","0","0","0","0","0","0","0","0","0","0","0","0","0","0","0","0","0"
"0x7052a17736c0","      IMAD.WIDE R86, R87, 0x4, R2","0","0","0","4224","135168","135168","32","32","0","-","-","-","0","0","0","0","0","0","0","0","-","0","0","0","0","0","0","0","0","0","0","0","0","0","0","0","0","0","0","0","0","0","0","0","0","0","0","0","0","0","0","0","0","0","0","0","0","0","0","0","0","0","0"
"0x7052a17736d0","@!P4  IMAD.IADD R22, R22, 0x1, -R7","2","0","2","4224","135168","0","32","0","0","-","-","-","0","0","0","0","0","0","0","0","-","0","0","0","0","0","0","0","0","0","0","0","0","0","2","0","0","0","0","0","0","0","0","0","0","0","0","0","0","0","0","0","0","0","0","0","0","0","0","0","0","0","0"
"0x7052a17736e0","      LOP3.LUT R73, R73, 0x30, RZ, 0xc0, !PT","0","0","0","4224","135168","135168","32","32","0","-","-","-","0","0","0","0","0","0","0","0","-","0","0","0","0","0","0","0","0","0","0","0","0","0","0","0","0","0","0","0","0","0","0","0","0","0","0","0","0","0","0","0","0","0","0","0","0","0","0","0","0","0","0"
"0x7052a17736f0","@!P0  IMAD.IADD R8, R8, 0x1, -R7","0","0","0","4224","135168","0","32","0","0","-","-","-","0","0","0","0","0","0","0","0","-","0","0","0","0","0","0","0","0","0","0","0","0","0","0","0","0","0","0","0","0","0","0","0","0","0","0","0","0","0","0","0","0","0","0","0","0","0","0","0","0","0","0"
"0x7052a1773700","      IMAD.WIDE R102, R103, 0x4, R2","0","0","0","4224","135168","135168","32","32","0","-","-","-","0","0","0","0","0","0","0","0","-","0","0","0","0","0","0","0","0","0","0","0","0","0","0","0","0","0","0","0","0","0","0","0","0","0","0","0","0","0","0","0","0","0","0","0","0","0","0","0","0","0","0"
"0x7052a1773710","      ISETP.GT.U32.AND P4, PT, R7, R22, PT","0","0","0","4224","135168","135168","32","32","0","-","-","-","0","0","0","0","0","0","0","0","-","0","0","0","0","0","0","0","0","0","0","0","0","0","0","0","0","0","0","0","0","0","0","0","0","0","0","0","0","0","0","0","0","0","0","0","0","0","0","0","0","0","0"
"0x7052a1773720","      IMAD.WIDE R110, R111, 0x4, R2","1","0","1","4224","135168","135168","32","32","0","-","-","-","0","0","0","0","0","0","0","0","-","0","0","0","0","0","0","0","0","0","0","0","0","0","0","0","0","0","0","1","0","0","0","0","0","0","0","0","0","0","0","0","0","0","0","0","0","0","0","0","0","0","0"
"0x7052a1773730","@!P6  IMAD.IADD R18, R18, 0x1, -R7","2","0","2","4224","135168","0","32","0","0","-","-","-","0","0","0","0","0","0","0","0","-","0","0","0","0","0","0","0","0","0","0","0","0","0","1","0","0","0","0","0","0","0","0","0","1","0","0","0","0","0","0","0","0","0","0","0","0","0","0","0","0","0","0"
"0x7052a1773740","      ISETP.GE.AND P6, PT, R23, RZ, PT","1","0","1","4224","135168","135168","32","32","0","-","-","-","0","0","0","0","0","0","0","0","-","0","0","0","0","0","0","0","0","1","0","0","0","0","0","0","0","0","0","0","0","0","0","0","0","0","0","0","0","0","0","0","0","0","0","0","0","0","0","0","0","0","0"
"0x7052a1773750","@!P5  IMAD.IADD R20, R20, 0x1, -R7","0","0","0","4224","135168","0","32","0","0","-","-","-","0","0","0","0","0","0","0","0","-","0","0","0","0","0","0","0","0","0","0","0","0","0","0","0","0","0","0","0","0","0","0","0","0","0","0","0","0","0","0","0","0","0","0","0","0","0","0","0","0","0","0"
"0x7052a1773760","@!P3  IMAD.MOV R10, RZ, RZ, -R10","1","0","1","4224","135168","0","32","0","0","-","-","-","0","0","0","0","0","0","0","0","-","0","0","0","0","0","0","0","0","0","0","0","0","0","0","0","0","0","0","0","0","0","0","0","1","0","0","0","0","0","0","0","0","0","0","0","0","0","0","0","0","0","0"
"0x7052a1773770","      ISETP.GT.U32.AND P3, PT, R7, R8, PT","0","0","0","4224","135168","135168","32","32","0","-","-","-","0","0","0","0","0","0","0","0","-","0","0","0","0","0","0","0","0","0","0","0","0","0","0","0","0","0","0","0","0","0","0","0","0","0","0","0","0","0","0","0","0","0","0","0","0","0","0","0","0","0","0"
"0x7052a1773780","@!P1  IMAD.MOV R12, RZ, RZ, -R12","0","0","0","4224","135168","0","32","0","0","-","-","-","0","0","0","0","0","0","0","0","-","0","0","0","0","0","0","0","0","0","0","0","0","0","0","0","0","0","0","0","0","0","0","0","0","0","0","0","0","0","0","0","0","0","0","0","0","0","0","0","0","0","0"
"0x7052a1773790","      ISETP.GT.U32.AND P5, PT, R7, R18, PT","0","0","0","4224","135168","135168","32","32","0","-","-","-","0","0","0","0","0","0","0","0","-","0","0","0","0","0","0","0","0","0","0","0","0","0","0","0","0","0","0","0","0","0","0","0","0","0","0","0","0","0","0","0","0","0","0","0","0","0","0","0","0","0","0"
"0x7052a17737a0","      IMAD.WIDE R116, R117, 0x4, R2","0","0","0","4224","135168","135168","32","32","0","-","-","-","0","0","0","0","0","0","0","0","-","0","0","0","0","0","0","0","0","0","0","0","0","0","0","0","0","0","0","0","0","0","0","0","0","0","0","0","0","0","0","0","0","0","0","0","0","0","0","0","0","0","0"
"0x7052a17737b0","      ISETP.GT.U32.AND P1, PT, R7, R20, PT","0","0","0","4224","135168","135168","32","32","0","-","-","-","0","0","0","0","0","0","0","0","-","0","0","0","0","0","0","0","0","0","0","0","0","0","0","0","0","0","0","0","0","0","0","0","0","0","0","0","0","0","0","0","0","0","0","0","0","0","0","0","0","0","0"
"0x7052a17737c0","      IMAD.WIDE R120, R121, 0x4, R2","2","0","2","4224","135168","135168","32","32","0","-","-","-","0","0","0","0","0","0","0","0","-","0","0","0","0","0","0","0","0","0","0","0","0","0","0","0","0","0","0","2","0","0","0","0","0","0","0","0","0","0","0","0","0","0","0","0","0","0","0","0","0","0","0"
"0x7052a17737d0","      ISETP.GE.AND P0, PT, R29, RZ, PT","0","0","0","4224","135168","135168","32","32","0","-","-","-","0","0","0","0","0","0","0","0","-","0","0","0","0","0","0","0","0","0","0","0","0","0","0","0","0","0","0","0","0","0","0","0","0","0","0","0","0","0","0","0","0","0","0","0","0","0","0","0","0","0","0"
"0x7052a17737e0","      IMAD.WIDE R126, R33, 0x4, R2","2","0","2","4224","135168","135168","32","32","0","-","-","-","0","0","0","0","0","0","0","0","-","0","0","0","0","0","0","0","0","0","0","0","0","0","0","0","0","0","0","0","1","0","0","0","1","0","0","0","0","0","0","0","0","0","0","0","0","0","0","0","0","0","0"
"0x7052a17737f0","      USEL UR5, URZ, 0x10, !UP0","2","0","2","4224","135168","135168","32","32","0","-","-","-","0","0","0","0","0","0","0","0","-","0","0","0","0","0","0","0","0","1","0","0","0","0","0","0","0","0","0","0","1","0","0","0","0","0","0","0","0","0","0","0","0","0","0","0","0","0","0","0","0","0","0"
"0x7052a1773800","      LDG.E R154, desc[UR18][R86.64]","0","0","0","4224","135168","135168","32","32","0","Global","Load","32","4224","0","0","0","0","0","4224","4224","","0","0","0","0","0","0","0","0","0","0","0","0","0","0","0","0","0","0","0","0","0","0","0","0","0","0","0","0","0","0","0","0","0","0","0","0","0","0","0","0","0","0"
"0x7052a1773810","      UISETP.GT.AND UP0, UPT, UR4, 0x7f, UPT","0","0","0","4224","135168","135168","32","32","0","-","-","-","0","0","0","0","0","0","0","0","-","0","0","0","0","0","0","0","0","0","0","0","0","0","0","0","0","0","0","0","0","0","0","0","0","0","0","0","0","0","0","0","0","0","0","0","0","0","0","0","0","0","0"
"0x7052a1773820","      IMAD.WIDE R130, R35, 0x4, R2","0","0","0","4224","135168","135168","32","32","0","-","-","-","0","0","0","0","0","0","0","0","-","0","0","0","0","0","0","0","0","0","0","0","0","0","0","0","0","0","0","0","0","0","0","0","0","0","0","0","0","0","0","0","0","0","0","0","0","0","0","0","0","0","0"
"0x7052a1773830","      LDG.E R162, desc[UR18][R102.64]","0","0","0","4224","135168","135168","32","32","0","Global","Load","32","4224","0","0","0","0","0","4224","4224","","0","0","0","0","0","0","0","0","0","0","0","0","0","0","0","0","0","0","0","0","0","0","0","0","0","0","0","0","0","0","0","0","0","0","0","0","0","0","0","0","0","0"
"0x7052a1773840","      IMAD.WIDE R132, R133, 0x4, R2","5","1","5","4224","135168","135168","32","32","0","-","-","-","0","0","0","0","0","0","0","0","-","0","0","0","0","0","0","0","0","1","0","0","0","0","1","0","0","0","0","2","0","0","0","0","1","0","0","0","0","0","0","0","1","0","0","0","0","0","0","0","0","0","0"
"0x7052a1773850","      IMAD.WIDE R134, R37, 0x4, R2","6","0","6","4224","135168","135168","32","32","0","-","-","-","0","0","0","0","0","0","0","0","-","0","0","0","0","0","0","0","0","0","0","0","0","0","3","0","0","0","0","3","0","0","0","0","0","0","0","0","0","0","0","0","0","0","0","0","0","0","0","0","0","0","0"
"0x7052a1773860","      LDG.E R172, desc[UR18][R110.64]","0","0","0","4224","135168","135168","32","32","0","Global","Load","32","4224","0","0","0","0","0","4224","4224","","0","0","0","0","0","0","0","0","0","0","0","0","0","0","0","0","0","0","0","0","0","0","0","0","0","0","0","0","0","0","0","0","0","0","0","0","0","0","0","0","0","0"
"0x7052a1773870","      IMAD.WIDE R136, R137, 0x4, R2","3","1","3","4224","135168","135168","32","32","0","-","-","-","0","0","0","0","0","0","0","0","-","0","0","0","0","0","0","0","0","1","0","0","0","0","1","0","0","0","0","0","0","0","0","0","1","0","0","0","0","0","0","0","0","0","0","0","0","0","0","0","0","0","1"
"0x7052a1773880","      LDG.E R175, desc[UR18][R116.64]","0","0","0","4224","135168","135168","32","32","0","Global","Load","32","4224","0","0","0","0","0","4224","4224","","0","0","0","0","0","0","0","0","0","0","0","0","0","0","0","0","0","0","0","0","0","0","0","0","0","0","0","0","0","0","0","0","0","0","0","0","0","0","0","0","0","0"
"0x7052a1773890","      IMAD.WIDE R138, R39, 0x4, R2","4","2","4","4224","135168","135168","32","32","0","-","-","-","0","0","0","0","0","0","0","0","-","0","0","0","0","0","0","0","0","0","0","0","0","0","3","0","0","0","0","0","1","0","0","0","0","0","0","0","0","0","0","0","2","0","0","0","0","0","0","0","0","0","0"
"0x7052a17738a0","      LDG.E R177, desc[UR18][R120.64]","1","0","1","4224","135168","135168","32","32","0","Global","Load","32","4224","0","0","0","0","0","4224","4224","","0","0","0","0","0","0","0","0","0","0","0","0","0","0","0","0","0","0","0","1","0","0","0","0","0","0","0","0","0","0","0","0","0","0","0","0","0","0","0","0","0","0"
"0x7052a17738b0","      IMAD.WIDE R140, R141, 0x4, R2","1","0","1","4224","135168","135168","32","32","0","-","-","-","0","0","0","0","0","0","0","0","-","0","0","0","0","0","0","0","0","0","0","0","0","0","0","0","0","0","0","1","0","0","0","0","0","0","0","0","0","0","0","0","0","0","0","0","0","0","0","0","0","0","0"
"0x7052a17738c0","      LDG.E R180, desc[UR18][R126.64]","1","0","1","4224","135168","135168","32","32","0","Global","Load","32","4224","0","0","0","0","0","4224","4224","","0","0","0","0","0","0","0","0","0","0","0","0","0","0","0","0","0","0","0","1","0","0","0","0","0","0","0","0","0","0","0","0","0","0","0","0","0","0","0","0","0","0"
"0x7052a17738d0","      IMAD.WIDE R142, R41, 0x4, R2","3","0","3","4224","135168","135168","32","32","0","-","-","-","0","0","0","0","0","0","0","0","-","0","0","0","0","0","0","0","0","0","0","0","0","0","1","0","0","0","0","1","0","0","0","0","1","0","0","0","0","0","0","0","0","0","0","0","0","0","0","0","0","0","0"
"0x7052a17738e0","      LDG.E R182, desc[UR18][R130.64]","1","0","1","4224","135168","135168","32","32","0","Global","Load","32","4224","0","0","0","0","0","4224","4224","","0","0","0","0","0","0","0","0","0","0","0","0","0","0","0","0","0","0","0","1","0","0","0","0","0","0","0","0","0","0","0","0","0","0","0","0","0","0","0","0","0","0"
"0x7052a17738f0","      IMAD.WIDE R144, R145, 0x4, R2","1","0","1","4224","135168","135168","32","32","0","-","-","-","0","0","0","0","0","0","0","0","-","0","0","0","0","0","0","0","0","0","0","0","0","0","1","0","0","0","0","0","0","0","0","0","0","0","0","0","0","0","0","0","0","0","0","0","0","0","0","0","0","0","0"
"0x7052a1773900","      LDG.E R183, desc[UR18][R132.64]","0","0","0","4224","135168","135168","32","32","0","Global","Load","32","4224","0","0","0","0","0","4224","4224","","0","0","0","0","0","0","0","0","0","0","0","0","0","0","0","0","0","0","0","0","0","0","0","0","0","0","0","0","0","0","0","0","0","0","0","0","0","0","0","0","0","0"
"0x7052a1773910","      SEL R4, R81, R4, !P2","0","0","0","4224","135168","135168","32","32","0","-","-","-","0","0","0","0","0","0","0","0","-","0","0","0","0","0","0","0","0","0","0","0","0","0","0","0","0","0","0","0","0","0","0","0","0","0","0","0","0","0","0","0","0","0","0","0","0","0","0","0","0","0","0"
"0x7052a1773920","      ULDC UR4, c[0x0][0x234]","0","0","0","4224","135168","135168","32","32","0","-","-","-","0","0","0","0","0","0","0","0","-","0","0","0","0","0","0","0","0","0","0","0","0","0","0","0","0","0","0","0","0","0","0","0","0","0","0","0","0","0","0","0","0","0","0","0","0","0","0","0","0","0","0"
"0x7052a1773930","@!P4  IMAD.IADD R22, R22, 0x1, -R7","0","0","0","4224","135168","0","32","0","0","-","-","-","0","0","0","0","0","0","0","0","-","0","0","0","0","0","0","0","0","0","0","0","0","0","0","0","0","0","0","0","0","0","0","0","0","0","0","0","0","0","0","0","0","0","0","0","0","0","0","0","0","0","0"
"0x7052a1773940","      ISETP.GE.AND P4, PT, R73, UR8, PT","0","0","0","4224","135168","135168","32","32","0","-","-","-","0","0","0","0","0","0","0","0","-","0","0","0","0","0","0","0","0","0","0","0","0","0","0","0","0","0","0","0","0","0","0","0","0","0","0","0","0","0","0","0","0","0","0","0","0","0","0","0","0","0","0"
"0x7052a1773950","      ULDC.64 UR8, c[0x0][0x210]","0","0","0","4224","135168","135168","32","32","0","-","-","-","0","0","0","0","0","0","0","0","-","0","0","0","0","0","0","0","0","0","0","0","0","0","0","0","0","0","0","0","0","0","0","0","0","0","0","0","0","0","0","0","0","0","0","0","0","0","0","0","0","0","0"
"0x7052a1773960","      IMAD R165, R4, UR4, R73","0","0","0","4224","135168","135168","32","32","0","-","-","-","0","0","0","0","0","0","0","0","-","0","0","0","0","0","0","0","0","0","0","0","0","0","0","0","0","0","0","0","0","0","0","0","0","0","0","0","0","0","0","0","0","0","0","0","0","0","0","0","0","0","0"
"0x7052a1773970","      LDG.E R184, desc[UR18][R134.64]","0","0","0","4224","135168","135168","32","32","0","Global","Load","32","4224","0","0","0","0","0","4224","4224","","0","0","0","0","0","0","0","0","0","0","0","0","0","0","0","0","0","0","0","0","0","0","0","0","0","0","0","0","0","0","0","0","0","0","0","0","0","0","0","0","0","0"
"0x7052a1773980","      IMAD.WIDE R2, R43, 0x4, R2","1","0","1","4224","135168","135168","32","32","0","-","-","-","0","0","0","0","0","0","0","0","-","0","0","0","0","0","0","0","0","0","0","0","0","0","0","0","0","0","0","0","1","0","0","0","0","0","0","0","0","0","0","0","0","0","0","0","0","0","0","0","0","0","0"
"0x7052a1773990","      LDG.E R185, desc[UR18][R136.64]","0","0","0","4224","135168","135168","32","32","0","Global","Load","32","4224","0","0","0","0","0","4224","4224","","0","0","0","0","0","0","0","0","0","0","0","0","0","0","0","0","0","0","0","0","0","0","0","0","0","0","0","0","0","0","0","0","0","0","0","0","0","0","0","0","0","0"
"0x7052a17739a0","@!P3  IMAD.IADD R8, R8, 0x1, -R7","1","0","1","4224","135168","0","32","0","0","-","-","-","0","0","0","0","0","0","0","0","-","0","0","0","0","0","0","0","0","0","0","0","0","0","0","0","0","0","0","0","1","0","0","0","0","0","0","0","0","0","0","0","0","0","0","0","0","0","0","0","0","0","0"
"0x7052a17739b0","      ISETP.GE.AND P3, PT, R30, RZ, PT","0","0","0","4224","135168","135168","32","32","0","-","-","-","0","0","0","0","0","0","0","0","-","0","0","0","0","0","0","0","0","0","0","0","0","0","0","0","0","0","0","0","0","0","0","0","0","0","0","0","0","0","0","0","0","0","0","0","0","0","0","0","0","0","0"
"0x7052a17739c0","@!P5  IMAD.IADD R18, R18, 0x1, -R7","0","0","0","4224","135168","0","32","0","0","-","-","-","0","0","0","0","0","0","0","0","-","0","0","0","0","0","0","0","0","0","0","0","0","0","0","0","0","0","0","0","0","0","0","0","0","0","0","0","0","0","0","0","0","0","0","0","0","0","0","0","0","0","0"
"0x7052a17739d0","      ISETP.GE.AND P5, PT, R31, RZ, PT","0","0","0","4224","135168","135168","32","32","0","-","-","-","0","0","0","0","0","0","0","0","-","0","0","0","0","0","0","0","0","0","0","0","0","0","0","0","0","0","0","0","0","0","0","0","0","0","0","0","0","0","0","0","0","0","0","0","0","0","0","0","0","0","0"
"0x7052a17739e0","@!P1  IMAD.IADD R20, R20, 0x1, -R7","0","0","0","4224","135168","0","32","0","0","-","-","-","0","0","0","0","0","0","0","0","-","0","0","0","0","0","0","0","0","0","0","0","0","0","0","0","0","0","0","0","0","0","0","0","0","0","0","0","0","0","0","0","0","0","0","0","0","0","0","0","0","0","0"
"0x7052a17739f0","      SEL R7, RZ, 0x10, P4","0","0","0","4224","135168","135168","32","32","0","-","-","-","0","0","0","0","0","0","0","0","-","0","0","0","0","0","0","0","0","0","0","0","0","0","0","0","0","0","0","0","0","0","0","0","0","0","0","0","0","0","0","0","0","0","0","0","0","0","0","0","0","0","0"
"0x7052a1773a00","@!P0  IMAD.MOV R14, RZ, RZ, -R14","0","0","0","4224","135168","0","32","0","0","-","-","-","0","0","0","0","0","0","0","0","-","0","0","0","0","0","0","0","0","0","0","0","0","0","0","0","0","0","0","0","0","0","0","0","0","0","0","0","0","0","0","0","0","0","0","0","0","0","0","0","0","0","0"
"0x7052a1773a10","      ISETP.GE.AND P4, PT, R24, RZ, PT","1","0","1","4224","135168","135168","32","32","0","-","-","-","0","0","0","0","0","0","0","0","-","0","0","0","0","0","0","0","0","0","0","0","0","0","0","0","0","0","0","0","1","0","0","0","0","0","0","0","0","0","0","0","0","0","0","0","0","0","0","0","0","0","0"
"0x7052a1773a20","      LDG.E R186, desc[UR18][R138.64]","0","0","0","4224","135168","135168","32","32","0","Global","Load","32","4224","0","0","0","0","0","4224","4224","","0","0","0","0","0","0","0","0","0","0","0","0","0","0","0","0","0","0","0","0","0","0","0","0","0","0","0","0","0","0","0","0","0","0","0","0","0","0","0","0","0","0"
"0x7052a1773a30","      ISETP.GE.AND P0, PT, R25, RZ, PT","0","0","0","4224","135168","135168","32","32","0","-","-","-","0","0","0","0","0","0","0","0","-","0","0","0","0","0","0","0","0","0","0","0","0","0","0","0","0","0","0","0","0","0","0","0","0","0","0","0","0","0","0","0","0","0","0","0","0","0","0","0","0","0","0"
"0x7052a1773a40","      ISETP.GE.AND P1, PT, R73, UR15, PT","5","1","5","4224","135168","135168","32","32","0","-","-","-","0","0","0","0","0","0","0","0","-","0","0","0","0","0","0","0","0","0","0","0","0","0","2","0","0","0","0","2","0","0","0","0","1","0","0","0","0","0","0","0","1","0","0","0","0","0","0","0","0","0","0"
"0x7052a1773a50","      LDG.E R187, desc[UR18][R140.64]","0","0","0","4224","135168","135168","32","32","0","Global","Load","32","4224","0","0","0","0","0","4224","4224","","0","0","0","0","0","0","0","0","0","0","0","0","0","0","0","0","0","0","0","0","0","0","0","0","0","0","0","0","0","0","0","0","0","0","0","0","0","0","0","0","0","0"
"0x7052a1773a60","@!P3  IMAD.MOV R8, RZ, RZ, -R8","1","0","1","4224","135168","0","32","0","0","-","-","-","0","0","0","0","0","0","0","0","-","0","0","0","0","0","0","0","0","0","0","0","0","0","0","0","0","0","0","0","1","0","0","0","0","0","0","0","0","0","0","0","0","0","0","0","0","0","0","0","0","0","0"
"0x7052a1773a70","@!P5  IMAD.MOV R18, RZ, RZ, -R18","0","0","0","4224","135168","0","32","0","0","-","-","-","0","0","0","0","0","0","0","0","-","0","0","0","0","0","0","0","0","0","0","0","0","0","0","0","0","0","0","0","0","0","0","0","0","0","0","0","0","0","0","0","0","0","0","0","0","0","0","0","0","0","0"
"0x7052a1773a80","      LDG.E R188, desc[UR18][R142.64]","0","0","0","4224","135168","135168","32","32","0","Global","Load","32","4224","0","0","0","0","0","4224","4224","","0","0","0","0","0","0","0","0","0","0","0","0","0","0","0","0","0","0","0","0","0","0","0","0","0","0","0","0","0","0","0","0","0","0","0","0","0","0","0","0","0","0"
"0x7052a1773a90","@!P4  IMAD.MOV R20, RZ, RZ, -R20","2","0","2","4224","135168","0","32","0","0","-","-","-","0","0","0","0","0","0","0","0","-","0","0","0","0","0","0","0","0","0","0","0","0","0","0","0","0","0","0","2","0","0","0","0","0","0","0","0","0","0","0","0","0","0","0","0","0","0","0","0","0","0","0"
"0x7052a1773aa0","      LDG.E R189, desc[UR18][R144.64]","1","0","1","4224","135168","135168","32","32","0","Global","Load","32","4224","0","0","0","0","0","4224","4224","","0","0","0","0","0","0","0","0","0","0","0","0","0","0","0","0","0","0","0","1","0","0","0","0","0","0","0","0","0","0","0","0","0","0","0","0","0","0","0","0","0","0"
"0x7052a1773ab0","@!P0  IMAD.MOV R22, RZ, RZ, -R22","0","0","0","4224","135168","0","32","0","0","-","-","-","0","0","0","0","0","0","0","0","-","0","0","0","0","0","0","0","0","0","0","0","0","0","0","0","0","0","0","0","0","0","0","0","0","0","0","0","0","0","0","0","0","0","0","0","0","0","0","0","0","0","0"
"0x7052a1773ac0","      SEL R77, R81, R14, !P2","2","0","2","4224","135168","135168","32","32","0","-","-","-","0","0","0","0","0","0","0","0","-","0","0","0","0","0","0","0","0","0","0","0","0","0","0","0","0","0","0","0","2","0","0","0","0","0","0","0","0","0","0","0","0","0","0","0","0","0","0","0","0","0","0"
"0x7052a1773ad0","      SEL R78, R81, R8, !P2","3","0","3","4224","135168","135168","32","32","0","-","-","-","0","0","0","0","0","0","0","0","-","0","0","0","0","0","0","0","0","0","0","0","0","0","0","0","0","0","0","2","1","0","0","0","0","0","0","0","0","0","0","0","0","0","0","0","0","0","0","0","0","0","0"
"0x7052a1773ae0","      LDG.E R191, desc[UR18][R2.64]","1","0","1","4224","135168","135168","32","32","0","Global","Load","32","4224","0","0","0","0","0","4224","4224","","0","0","0","0","0","0","0","0","0","0","0","0","0","0","0","0","0","0","0","1","0","0","0","0","0","0","0","0","0","0","0","0","0","0","0","0","0","0","0","0","0","0"
"0x7052a1773af0","      IMAD.U32 R5, RZ, RZ, UR5","1","0","1","4224","135168","135168","32","32","0","-","-","-","0","0","0","0","0","0","0","0","-","0","0","0","0","0","0","0","0","0","0","0","0","0","0","0","0","0","0","0","1","0","0","0","0","0","0","0","0","0","0","0","0","0","0","0","0","0","0","0","0","0","0"
"0x7052a1773b00","      SEL R164, R81, R6, !P2","0","0","0","4224","135168","135168","32","32","0","-","-","-","0","0","0","0","0","0","0","0","-","0","0","0","0","0","0","0","0","0","0","0","0","0","0","0","0","0","0","0","0","0","0","0","0","0","0","0","0","0","0","0","0","0","0","0","0","0","0","0","0","0","0"
"0x7052a1773b10","@!P6  IMAD.MOV R16, RZ, RZ, -R16","0","0","0","4224","135168","0","32","0","0","-","-","-","0","0","0","0","0","0","0","0","-","0","0","0","0","0","0","0","0","0","0","0","0","0","0","0","0","0","0","0","0","0","0","0","0","0","0","0","0","0","0","0","0","0","0","0","0","0","0","0","0","0","0"
"0x7052a1773b20","      ULDC UR5, c[0x0][0x238]","0","0","0","4224","135168","135168","32","32","0","-","-","-","0","0","0","0","0","0","0","0","-","0","0","0","0","0","0","0","0","0","0","0","0","0","0","0","0","0","0","0","0","0","0","0","0","0","0","0","0","0","0","0","0","0","0","0","0","0","0","0","0","0","0"
"0x7052a1773b30","      SEL R5, R5, RZ, !P1","1","1","1","4224","135168","135168","32","32","0","-","-","-","0","0","0","0","0","0","0","0","-","0","0","0","0","0","0","0","0","0","0","0","0","0","1","0","0","0","0","0","0","0","0","0","0","0","0","0","0","0","0","0","1","0","0","0","0","0","0","0","0","0","0"
"0x7052a1773b40","      IMAD R164, R164, UR4, R73","0","0","0","4224","135168","135168","32","32","0","-","-","-","0","0","0","0","0","0","0","0","-","0","0","0","0","0","0","0","0","0","0","0","0","0","0","0","0","0","0","0","0","0","0","0","0","0","0","0","0","0","0","0","0","0","0","0","0","0","0","0","0","0","0"
"0x7052a1773b50","      PLOP3.LUT P1, PT, PT, PT, UP0, 0x80, 0x0","0","0","0","4224","135168","135168","32","32","0","-","-","-","0","0","0","0","0","0","0","0","-","0","0","0","0","0","0","0","0","0","0","0","0","0","0","0","0","0","0","0","0","0","0","0","0","0","0","0","0","0","0","0","0","0","0","0","0","0","0","0","0","0","0"
"0x7052a1773b60","      ISETP.NE.U32.AND P6, PT, R5, RZ, PT","1","0","1","4224","135168","135168","32","32","0","-","-","-","0","0","0","0","0","0","0","0","-","0","0","0","0","0","0","0","0","0","0","0","0","0","1","0","0","0","0","0","0","0","0","0","0","0","0","0","0","0","0","0","0","0","0","0","0","0","0","0","0","0","0"
"0x7052a1773b70","      IMAD R166, R166, UR5, R73","0","0","0","4224","135168","135168","32","32","0","-","-","-","0","0","0","0","0","0","0","0","-","0","0","0","0","0","0","0","0","0","0","0","0","0","0","0","0","0","0","0","0","0","0","0","0","0","0","0","0","0","0","0","0","0","0","0","0","0","0","0","0","0","0"
"0x7052a1773b80","      SEL R74, R81, R16, !P2","0","0","0","4224","135168","135168","32","32","0","-","-","-","0","0","0","0","0","0","0","0","-","0","0","0","0","0","0","0","0","0","0","0","0","0","0","0","0","0","0","0","0","0","0","0","0","0","0","0","0","0","0","0","0","0","0","0","0","0","0","0","0","0","0"
"0x7052a1773b90","      IMAD R149, R26, UR5, R73","0","0","0","4224","135168","135168","32","32","0","-","-","-","0","0","0","0","0","0","0","0","-","0","0","0","0","0","0","0","0","0","0","0","0","0","0","0","0","0","0","0","0","0","0","0","0","0","0","0","0","0","0","0","0","0","0","0","0","0","0","0","0","0","0"
"0x7052a1773ba0","      SEL R75, R81, R10, !P2","0","0","0","4224","135168","135168","32","32","0","-","-","-","0","0","0","0","0","0","0","0","-","0","0","0","0","0","0","0","0","0","0","0","0","0","0","0","0","0","0","0","0","0","0","0","0","0","0","0","0","0","0","0","0","0","0","0","0","0","0","0","0","0","0"
"0x7052a1773bb0","      SEL R76, R81, R12, !P2","0","0","0","4224","135168","135168","32","32","0","-","-","-","0","0","0","0","0","0","0","0","-","0","0","0","0","0","0","0","0","0","0","0","0","0","0","0","0","0","0","0","0","0","0","0","0","0","0","0","0","0","0","0","0","0","0","0","0","0","0","0","0","0","0"
"0x7052a1773bc0","      SEL R79, R81, R18, !P2","0","0","0","4224","135168","135168","32","32","0","-","-","-","0","0","0","0","0","0","0","0","-","0","0","0","0","0","0","0","0","0","0","0","0","0","0","0","0","0","0","0","0","0","0","0","0","0","0","0","0","0","0","0","0","0","0","0","0","0","0","0","0","0","0"
"0x7052a1773bd0","      SEL R80, R81, R20, !P2","2","1","2","4224","135168","135168","32","32","0","-","-","-","0","0","0","0","0","0","0","0","-","0","0","0","0","0","0","0","0","1","0","0","0","0","0","0","0","0","0","0","0","0","0","0","1","0","0","0","0","0","0","0","0","0","0","0","0","0","0","0","0","0","1"
"0x7052a1773be0","      SEL R7, R7, RZ, P1","0","0","0","4224","135168","135168","32","32","0","-","-","-","0","0","0","0","0","0","0","0","-","0","0","0","0","0","0","0","0","0","0","0","0","0","0","0","0","0","0","0","0","0","0","0","0","0","0","0","0","0","0","0","0","0","0","0","0","0","0","0","0","0","0"
"0x7052a1773bf0","      SEL R81, R81, R22, !P2","1","0","1","4224","135168","135168","32","32","0","-","-","-","0","0","0","0","0","0","0","0","-","0","0","0","0","0","0","0","0","0","0","0","0","0","0","0","0","0","0","0","1","0","0","0","0","0","0","0","0","0","0","0","0","0","0","0","0","0","0","0","0","0","0"
"0x7052a1773c00","      SHF.R.S32.HI R170, RZ, 0x1f, R165","2","0","2","4224","135168","135168","32","32","0","-","-","-","0","0","0","0","0","0","0","0","-","0","0","0","0","0","0","0","0","0","0","0","0","0","0","0","0","0","0","1","1","0","0","0","0","0","0","0","0","0","0","0","0","0","0","0","0","0","0","0","0","0","0"
"0x7052a1773c10","      IADD3 R4, P0, R165, UR8, RZ","0","0","0","4224","135168","135168","32","32","0","-","-","-","0","0","0","0","0","0","0","0","-","0","0","0","0","0","0","0","0","0","0","0","0","0","0","0","0","0","0","0","0","0","0","0","0","0","0","0","0","0","0","0","0","0","0","0","0","0","0","0","0","0","0"
"0x7052a1773c20","      SHF.R.S32.HI R169, RZ, 0x1f, R164","2","0","2","4224","135168","135168","32","32","0","-","-","-","0","0","0","0","0","0","0","0","-","0","0","0","0","0","0","0","0","1","0","0","0","0","0","0","0","0","0","0","1","0","0","0","0","0","0","0","0","0","0","0","0","0","0","0","0","0","0","0","0","0","0"
"0x7052a1773c30","      IADD3 R6, P2, R164, UR8, RZ","1","1","1","4224","135168","135168","32","32","0","-","-","-","0","0","0","0","0","0","0","0","-","0","0","0","0","0","0","0","0","0","0","0","0","0","0","0","0","0","0","0","0","0","0","0","1","0","0","0","0","0","0","0","0","0","0","0","0","0","0","0","0","0","1"
"0x7052a1773c40","      VIADD R13, R71, UR6","0","0","0","4224","135168","135168","32","32","0","-","-","-","0","0","0","0","0","0","0","0","-","0","0","0","0","0","0","0","0","0","0","0","0","0","0","0","0","0","0","0","0","0","0","0","0","0","0","0","0","0","0","0","0","0","0","0","0","0","0","0","0","0","0"
"0x7052a1773c50","      SHF.R.S32.HI R167, RZ, 0x1f, R166","0","0","0","4224","135168","135168","32","32","0","-","-","-","0","0","0","0","0","0","0","0","-","0","0","0","0","0","0","0","0","0","0","0","0","0","0","0","0","0","0","0","0","0","0","0","0","0","0","0","0","0","0","0","0","0","0","0","0","0","0","0","0","0","0"
"0x7052a1773c60","      IADD3 R8, P3, R166, UR10, RZ","2","1","2","4224","135168","135168","32","32","0","-","-","-","0","0","0","0","0","0","0","0","-","0","0","0","0","0","0","0","0","0","0","0","0","0","0","0","0","0","0","0","1","0","0","0","1","0","0","0","0","0","0","0","0","0","0","0","0","0","0","0","0","0","1"
"0x7052a1773c70","      VIADD R15, R70, UR6","0","0","0","4224","135168","135168","32","32","0","-","-","-","0","0","0","0","0","0","0","0","-","0","0","0","0","0","0","0","0","0","0","0","0","0","0","0","0","0","0","0","0","0","0","0","0","0","0","0","0","0","0","0","0","0","0","0","0","0","0","0","0","0","0"
"0x7052a1773c80","      ISETP.NE.U32.AND P1, PT, R7, RZ, PT","0","0","0","4224","135168","135168","32","32","0","-","-","-","0","0","0","0","0","0","0","0","-","0","0","0","0","0","0","0","0","0","0","0","0","0","0","0","0","0","0","0","0","0","0","0","0","0","0","0","0","0","0","0","0","0","0","0","0","0","0","0","0","0","0"
"0x7052a1773c90","      SHF.R.S32.HI R150, RZ, 0x1f, R149","2","2","2","4224","135168","135168","32","32","0","-","-","-","0","0","0","0","0","0","0","0","-","0","0","0","0","0","0","0","0","0","0","0","0","0","0","0","0","0","0","0","0","0","0","0","2","0","0","0","0","0","0","0","0","0","0","0","0","0","0","0","0","0","2"
"0x7052a1773ca0","      IADD3 R10, P4, R149, UR10, RZ","1","0","1","4224","135168","135168","32","32","0","-","-","-","0","0","0","0","0","0","0","0","-","0","0","0","0","0","0","0","0","0","0","0","0","0","0","0","0","0","0","0","1","0","0","0","0","0","0","0","0","0","0","0","0","0","0","0","0","0","0","0","0","0","0"
"0x7052a1773cb0","      IADD3.X R5, R170, UR9, RZ, P0, !PT","1","0","1","4224","135168","135168","32","32","0","-","-","-","0","0","0","0","0","0","0","0","-","0","0","0","0","0","0","0","0","0","0","0","0","0","0","0","0","0","0","0","0","0","0","0","1","0","0","0","0","0","0","0","0","0","0","0","0","0","0","0","0","0","0"
"0x7052a1773cc0","      BAR.SYNC.DEFER_BLOCKING 0x0","0","0","0","4224","135168","135168","32","32","0","-","-","-","0","0","0","0","0","0","0","0","-","0","0","0","0","0","0","0","0","0","0","0","0","0","0","0","0","0","0","0","0","0","0","0","0","0","0","0","0","0","0","0","0","0","0","0","0","0","0","0","0","0","0"
"0x7052a1773cd0","      IADD3.X R7, R169, UR9, RZ, P2, !PT","0","0","0","4224","135168","135168","32","32","0","-","-","-","0","0","0","0","0","0","0","0","-","0","0","0","0","0","0","0","0","0","0","0","0","0","0","0","0","0","0","0","0","0","0","0","0","0","0","0","0","0","0","0","0","0","0","0","0","0","0","0","0","0","0"
"0x7052a1773ce0","      IADD3.X R9, R167, UR11, RZ, P3, !PT","3","1","3","4224","135168","135168","32","32","0","-","-","-","0","0","0","0","0","0","0","0","-","0","0","0","0","0","0","0","0","0","0","0","0","0","0","0","0","0","0","0","2","0","0","0","1","0","0","0","0","0","0","0","0","0","0","0","0","0","0","0","0","0","1"
"0x7052a1773cf0","      IADD3.X R11, R150, UR11, RZ, P4, !PT","2","1","2","4224","135168","135168","32","32","0","-","-","-","0","0","0","0","0","0","0","0","-","0","0","0","0","0","0","0","0","0","0","0","0","0","1","0","0","0","0","0","0","0","0","0","1","0","0","0","0","0","0","0","0","0","0","0","0","0","0","0","0","0","1"
"0x7052a1773d00","@!PT  LDS RZ, [RZ]","29","21","29","4224","135168","0","32","0","0","","Load","32","0","0","0","0","0","0","0","0","-","0","0","0","0","0","0","27","0","0","0","0","0","0","0","0","0","0","0","2","0","0","0","0","0","21","0","0","0","0","0","0","0","0","0","0","0","0","0","0","0","0","0"
"0x7052a1773d10","@!PT  LDS RZ, [RZ]","0","0","0","4224","135168","0","32","0","0","","Load","32","0","0","0","0","0","0","0","0","-","0","0","0","0","0","0","0","0","0","0","0","0","0","0","0","0","0","0","0","0","0","0","0","0","0","0","0","0","0","0","0","0","0","0","0","0","0","0","0","0","0","0"
"0x7052a1773d20","@!PT  LDS RZ, [RZ]","0","0","0","4224","135168","0","32","0","0","","Load","32","0","0","0","0","0","0","0","0","-","0","0","0","0","0","0","0","0","0","0","0","0","0","0","0","0","0","0","0","0","0","0","0","0","0","0","0","0","0","0","0","0","0","0","0","0","0","0","0","0","0","0"
"0x7052a1773d30","      LDGSTS.E.BYPASS.128 desc[UR18][R4.64], P6, [R13]","0","0","0","4224","135168","135168","32","32","0","Global,Shared","Load,Store","128","33792","8","16896","33792","16896","0","67584","67584","","0","0","0","0","0","0","0","0","0","0","0","0","0","0","0","0","0","0","0","0","0","0","0","0","0","0","0","0","0","0","0","0","0","0","0","0","0","0","0","0","0","0"
"0x7052a1773d40","      LDGSTS.E.BYPASS.128 desc[UR18][R6.64], P6, [R15]","0","0","0","4224","135168","135168","32","32","0","Global,Shared","Load,Store","128","33792","8","16896","33792","16896","0","67584","67584","","0","0","0","0","0","0","0","0","0","0","0","0","0","0","0","0","0","0","0","0","0","0","0","0","0","0","0","0","0","0","0","0","0","0","0","0","0","0","0","0","0","0"
"0x7052a1773d50","      LDGDEPBAR","1","0","1","4224","135168","135168","32","32","0","-","-","-","0","0","0","0","0","0","0","0","-","0","0","0","0","0","0","0","0","0","0","0","0","0","0","0","0","0","0","0","1","0","0","0","0","0","0","0","0","0","0","0","0","0","0","0","0","0","0","0","0","0","0"
"0x7052a1773d60","      LDGSTS.E.BYPASS.128 desc[UR18][R8.64], P6, [R13+0x6000]","1","0","1","4224","135168","135168","32","32","0","Global,Shared","Load,Store","128","33792","8","16896","33792","16896","0","67584","67584","","0","0","0","0","0","0","0","0","0","0","0","0","0","0","0","1","0","0","0","0","0","0","0","0","0","0","0","0","0","0","0","0","0","0","0","0","0","0","0","0","0","0"
"0x7052a1773d70","      LDGSTS.E.BYPASS.128 desc[UR18][R10.64], P6, [R15+0x6000]","1","0","1","4224","135168","135168","32","32","0","Global,Shared","Load,Store","128","33792","8","16896","33792","16896","0","67584","67584","","0","0","0","0","0","0","0","0","0","0","0","0","0","0","0","0","0","0","0","1","0","0","0","0","0","0","0","0","0","0","0","0","0","0","0","0","0","0","0","0","0","0"
"0x7052a1773d80","      LDGDEPBAR","4","2","4","4224","135168","135168","32","32","0","-","-","-","0","0","0","0","0","0","0","0","-","0","0","0","0","0","0","0","0","0","0","0","1","0","0","0","0","0","0","0","0","0","0","0","3","0","0","0","0","0","0","0","0","0","0","0","0","0","0","0","0","0","2"
"0x7052a1773d90","      BAR.SYNC.DEFER_BLOCKING 0x0","0","0","0","4224","135168","135168","32","32","0","-","-","-","0","0","0","0","0","0","0","0","-","0","0","0","0","0","0","0","0","0","0","0","0","0","0","0","0","0","0","0","0","0","0","0","0","0","0","0","0","0","0","0","0","0","0","0","0","0","0","0","0","0","0"
"0x7052a1773da0","      PLOP3.LUT P0, PT, PT, PT, UP2, 0x40, 0x0","0","0","0","4224","135168","135168","32","32","0","-","-","-","0","0","0","0","0","0","0","0","-","0","0","0","0","0","0","0","0","0","0","0","0","0","0","0","0","0","0","0","0","0","0","0","0","0","0","0","0","0","0","0","0","0","0","0","0","0","0","0","0","0","0"
"0x7052a1773db0","      CS2R R64, SRZ","1","0","1","4224","135168","135168","32","32","0","-","-","-","0","0","0","0","0","0","0","0","-","0","0","0","0","0","0","0","0","0","0","0","0","0","0","0","0","0","0","1","0","0","0","0","0","0","0","0","0","0","0","0","0","0","0","0","0","0","0","0","0","0","0"
"0x7052a1773dc0","      CS2R R66, SRZ","0","0","0","4224","135168","135168","32","32","0","-","-","-","0","0","0","0","0","0","0","0","-","0","0","0","0","0","0","0","0","0","0","0","0","0","0","0","0","0","0","0","0","0","0","0","0","0","0","0","0","0","0","0","0","0","0","0","0","0","0","0","0","0","0"
"0x7052a1773dd0","      CS2R R60, SRZ","1","1","1","4224","135168","135168","32","32","0","-","-","-","0","0","0","0","0","0","0","0","-","0","0","0","0","0","0","0","0","0","0","0","0","0","0","0","0","0","0","0","0","0","0","0","1","0","0","0","0","0","0","0","0","0","0","0","0","0","0","0","0","0","1"
"0x7052a1773de0","      CS2R R62, SRZ","0","0","0","4224","135168","135168","32","32","0","-","-","-","0","0","0","0","0","0","0","0","-","0","0","0","0","0","0","0","0","0","0","0","0","0","0","0","0","0","0","0","0","0","0","0","0","0","0","0","0","0","0","0","0","0","0","0","0","0","0","0","0","0","0"
"0x7052a1773df0","      CS2R R56, SRZ","0","0","0","4224","135168","135168","32","32","0","-","-","-","0","0","0","0","0","0","0","0","-","0","0","0","0","0","0","0","0","0","0","0","0","0","0","0","0","0","0","0","0","0","0","0","0","0","0","0","0","0","0","0","0","0","0","0","0","0","0","0","0","0","0"
"0x7052a1773e00","      CS2R R58, SRZ","0","0","0","4224","135168","135168","32","32","0","-","-","-","0","0","0","0","0","0","0","0","-","0","0","0","0","0","0","0","0","0","0","0","0","0","0","0","0","0","0","0","0","0","0","0","0","0","0","0","0","0","0","0","0","0","0","0","0","0","0","0","0","0","0"
"0x7052a1773e10","      CS2R R20, SRZ","0","0","0","4224","135168","135168","32","32","0","-","-","-","0","0","0","0","0","0","0","0","-","0","0","0","0","0","0","0","0","0","0","0","0","0","0","0","0","0","0","0","0","0","0","0","0","0","0","0","0","0","0","0","0","0","0","0","0","0","0","0","0","0","0"
"0x7052a1773e20","      CS2R R22, SRZ","2","1","2","4224","135168","135168","32","32","0","-","-","-","0","0","0","0","0","0","0","0","-","0","0","0","0","0","0","0","0","0","0","0","0","0","0","0","0","0","0","0","1","0","0","0","1","0","0","0","0","0","0","0","0","0","0","0","0","0","0","0","0","0","1"
"0x7052a1773e30","      CS2R R16, SRZ","0","0","0","4224","135168","135168","32","32","0","-","-","-","0","0","0","0","0","0","0","0","-","0","0","0","0","0","0","0","0","0","0","0","0","0","0","0","0","0","0","0","0","0","0","0","0","0","0","0","0","0","0","0","0","0","0","0","0","0","0","0","0","0","0"
"0x7052a1773e40","      CS2R R18, SRZ","1","0","1","4224","135168","135168","32","32","0","-","-","-","0","0","0","0","0","0","0","0","-","0","0","0","0","0","0","0","0","0","0","0","0","0","0","0","0","0","0","0","1","0","0","0","0","0","0","0","0","0","0","0","0","0","0","0","0","0","0","0","0","0","0"
"0x7052a1773e50","@!PT  LDS RZ, [RZ]","8","7","8","4224","135168","0","32","0","0","","Load","32","0","0","0","0","0","0","0","0","-","0","0","0","0","0","0","0","0","0","0","0","0","0","0","0","7","0","0","1","0","0","0","0","0","0","0","0","0","0","0","0","0","0","7","0","0","0","0","0","0","0","0"
"0x7052a1773e60","@!PT  LDS RZ, [RZ]","2","1","2","4224","135168","0","32","0","0","","Load","32","0","0","0","0","0","0","0","0","-","0","0","0","0","0","0","0","0","0","0","0","0","0","0","0","1","0","0","0","1","0","0","0","0","0","0","0","0","0","0","0","0","0","1","0","0","0","0","0","0","0","0"
"0x7052a1773e70","@!PT  LDS RZ, [RZ]","3","1","3","4224","135168","0","32","0","0","","Load","32","0","0","0","0","0","0","0","0","-","0","0","0","0","0","0","0","0","0","0","0","0","0","0","0","2","0","0","1","0","0","0","0","0","0","0","0","0","0","0","0","0","0","1","0","0","0","0","0","0","0","0"
"0x7052a1773e80","      LDGSTS.E.BYPASS.128 desc[UR18][R4.64+0x40], P1, [R13+0x2000]","4","4","4","4224","135168","135168","32","32","0","Global,Shared","Load,Store","128","33792","8","16896","33792","16896","0","67584","67584","","0","0","0","0","0","0","0","0","0","0","0","0","0","0","0","4","0","0","0","0","0","0","0","0","0","0","0","0","0","0","0","0","0","4","0","0","0","0","0","0","0","0"
"0x7052a1773e90","      LDGSTS.E.BYPASS.128 desc[UR18][R6.64+0x40], P1, [R15+0x2000]","7","7","7","4224","135168","135168","32","32","0","Global,Shared","Load,Store","128","33792","8","16896","33792","16896","0","67584","67584","","0","0","0","0","0","0","0","0","0","0","0","0","0","0","0","5","0","0","0","0","0","0","0","2","0","0","0","0","0","0","0","0","0","5","0","0","0","0","0","0","0","2"
"0x7052a1773ea0","      LDGDEPBAR","7","6","7","4224","135168","135168","32","32","0","-","-","-","0","0","0","0","0","0","0","0","-","0","0","0","0","0","0","0","0","0","0","0","0","0","0","0","5","0","0","0","1","0","0","0","1","0","0","0","0","0","0","0","0","0","5","0","0","0","0","0","0","0","1"
"0x7052a1773eb0","      LDGSTS.E.BYPASS.128 desc[UR18][R8.64+0x40], P1, [R13+0x8000]","6","4","6","4224","135168","135168","32","32","0","Global,Shared","Load,Store","128","33792","8","16896","33792","16896","0","67584","67584","","0","0","0","0","0","0","0","0","0","0","0","0","0","0","0","5","0","0","0","1","0","0","0","0","0","0","0","0","0","0","0","0","0","4","0","0","0","0","0","0","0","0"
"0x7052a1773ec0","      LDGSTS.E.BYPASS.128 desc[UR18][R10.64+0x40], P1, [R15+0x8000]","4","3","4","4224","135168","135168","32","32","0","Global,Shared","Load,Store","128","33792","8","16896","33792","16896","0","67584","67584","","0","0","0","0","0","0","0","0","0","0","0","0","0","0","0","2","0","0","0","1","0","0","0","1","0","0","0","0","0","0","0","0","0","2","0","0","0","0","0","0","0","1"
"0x7052a1773ed0","      CS2R R4, SRZ","14","11","14","4224","135168","135168","32","32","0","-","-","-","0","0","0","0","0","0","0","0","-","0","0","0","0","0","0","0","0","0","0","0","0","13","0","0","0","0","0","1","0","0","0","0","0","0","0","0","0","0","0","11","0","0","0","0","0","0","0","0","0","0","0"
"0x7052a1773ee0","      LDGDEPBAR","0","0","0","4224","135168","135168","32","32","0","-","-","-","0","0","0","0","0","0","0","0","-","0","0","0","0","0","0","0","0","0","0","0","0","0","0","0","0","0","0","0","0","0","0","0","0","0","0","0","0","0","0","0","0","0","0","0","0","0","0","0","0","0","0"
"0x7052a1773ef0","      CS2R R6, SRZ","3","2","3","4224","135168","135168","32","32","0","-","-","-","0","0","0","0","0","0","0","0","-","0","0","0","0","0","0","0","0","0","0","0","0","3","0","0","0","0","0","0","0","0","0","0","0","0","0","0","0","0","0","2","0","0","0","0","0","0","0","0","0","0","0"
"0x7052a1773f00","      CS2R R12, SRZ","11","7","11","4224","135168","135168","32","32","0","-","-","-","0","0","0","0","0","0","0","0","-","0","0","0","0","0","0","0","0","0","0","0","0","11","0","0","0","0","0","0","0","0","0","0","0","0","0","0","0","0","0","7","0","0","0","0","0","0","0","0","0","0","0"
"0x7052a1773f10","      CS2R R8, SRZ","1","0","1","4224","135168","135168","32","32","0","-","-","-","0","0","0","0","0","0","0","0","-","0","0","0","0","0","0","0","0","0","0","0","0","0","0","0","0","0","0","0","1","0","0","0","0","0","0","0","0","0","0","0","0","0","0","0","0","0","0","0","0","0","0"
"0x7052a1773f20","      CS2R R14, SRZ","3","3","3","4224","135168","135168","32","32","0","-","-","-","0","0","0","0","0","0","0","0","-","0","0","0","0","0","0","0","0","0","0","0","0","2","0","0","0","0","0","0","0","0","0","0","1","0","0","0","0","0","0","2","0","0","0","0","0","0","0","0","0","0","1"
"0x7052a1773f30","      CS2R R10, SRZ","0","0","0","4224","135168","135168","32","32","0","-","-","-","0","0","0","0","0","0","0","0","-","0","0","0","0","0","0","0","0","0","0","0","0","0","0","0","0","0","0","0","0","0","0","0","0","0","0","0","0","0","0","0","0","0","0","0","0","0","0","0","0","0","0"
"0x7052a1773f40","@P0   BRA 0x7052a1775e90","0","0","0","4224","135168","0","32","0","0","-","-","-","0","0","0","0","0","0","0","0","-","0","0","0","0","0","0","0","0","0","0","0","0","0","0","0","0","0","0","0","0","0","0","0","0","0","0","0","0","0","0","0","0","0","0","0","0","0","0","0","0","0","0"
"0x7052a1773f50","      ULDC.64 UR8, c[0x0][0x218]","3","3","3","4224","135168","135168","32","32","0","-","-","-","0","0","0","0","0","0","0","0","-","0","0","0","0","0","0","0","0","0","0","0","0","0","0","0","0","0","0","0","0","0","0","0","3","0","0","0","0","0","0","0","0","0","0","0","0","0","0","0","0","0","3"
"0x7052a1773f60","      ULDC.64 UR4, c[0x0][0x210]","0","0","0","4224","135168","135168","32","32","0","-","-","-","0","0","0","0","0","0","0","0","-","0","0","0","0","0","0","0","0","0","0","0","0","0","0","0","0","0","0","0","0","0","0","0","0","0","0","0","0","0","0","0","0","0","0","0","0","0","0","0","0","0","0"
"0x7052a1773f70","      UIADD3 UR8, UP4, UR8, 0x80, URZ","0","0","0","4224","135168","135168","32","32","0","-","-","-","0","0","0","0","0","0","0","0","-","0","0","0","0","0","0","0","0","0","0","0","0","0","0","0","0","0","0","0","0","0","0","0","0","0","0","0","0","0","0","0","0","0","0","0","0","0","0","0","0","0","0"
"0x7052a1773f80","      IMAD.MOV.U32 R148, RZ, RZ, R2","0","0","0","4224","135168","135168","32","32","0","-","-","-","0","0","0","0","0","0","0","0","-","0","0","0","0","0","0","0","0","0","0","0","0","0","0","0","0","0","0","0","0","0","0","0","0","0","0","0","0","0","0","0","0","0","0","0","0","0","0","0","0","0","0"
"0x7052a1773f90","      UIADD3 UR4, UP0, UR4, 0x80, URZ","0","0","0","4224","135168","135168","32","32","0","-","-","-","0","0","0","0","0","0","0","0","-","0","0","0","0","0","0","0","0","0","0","0","0","0","0","0","0","0","0","0","0","0","0","0","0","0","0","0","0","0","0","0","0","0","0","0","0","0","0","0","0","0","0"
"0x7052a1773fa0","      IMAD.MOV.U32 R151, RZ, RZ, R3","0","0","0","4224","135168","135168","32","32","0","-","-","-","0","0","0","0","0","0","0","0","-","0","0","0","0","0","0","0","0","0","0","0","0","0","0","0","0","0","0","0","0","0","0","0","0","0","0","0","0","0","0","0","0","0","0","0","0","0","0","0","0","0","0"
"0x7052a1773fb0","      UIADD3.X UR9, URZ, UR9, URZ, UP4, !UPT","0","0","0","4224","135168","135168","32","32","0","-","-","-","0","0","0","0","0","0","0","0","-","0","0","0","0","0","0","0","0","0","0","0","0","0","0","0","0","0","0","0","0","0","0","0","0","0","0","0","0","0","0","0","0","0","0","0","0","0","0","0","0","0","0"
"0x7052a1773fc0","      CS2R R64, SRZ","1","0","1","4224","135168","135168","32","32","0","-","-","-","0","0","0","0","0","0","0","0","-","0","0","0","0","0","0","0","0","0","0","0","0","0","0","0","0","0","0","0","1","0","0","0","0","0","0","0","0","0","0","0","0","0","0","0","0","0","0","0","0","0","0"
"0x7052a1773fd0","      UIADD3.X UR5, URZ, UR5, URZ, UP0, !UPT","1","0","1","4224","135168","135168","32","32","0","-","-","-","0","0","0","0","0","0","0","0","-","0","0","0","0","0","0","0","0","0","0","0","0","0","0","0","0","0","0","0","1","0","0","0","0","0","0","0","0","0","0","0","0","0","0","0","0","0","0","0","0","0","0"
"0x7052a1773fe0","      IADD3 R149, P0, R149, UR8, RZ","0","0","0","4224","135168","135168","32","32","0","-","-","-","0","0","0","0","0","0","0","0","-","0","0","0","0","0","0","0","0","0","0","0","0","0","0","0","0","0","0","0","0","0","0","0","0","0","0","0","0","0","0","0","0","0","0","0","0","0","0","0","0","0","0"
"0x7052a1773ff0","      CS2R R66, SRZ","0","0","0","4224","135168","135168","32","32","0","-","-","-","0","0","0","0","0","0","0","0","-","0","0","0","0","0","0","0","0","0","0","0","0","0","0","0","0","0","0","0","0","0","0","0","0","0","0","0","0","0","0","0","0","0","0","0","0","0","0","0","0","0","0"
"0x7052a1774000","      IADD3 R166, P1, R166, UR8, RZ","0","0","0","4224","135168","135168","32","32","0","-","-","-","0","0","0","0","0","0","0","0","-","0","0","0","0","0","0","0","0","0","0","0","0","0","0","0","0","0","0","0","0","0","0","0","0","0","0","0","0","0","0","0","0","0","0","0","0","0","0","0","0","0","0"
"0x7052a1774010","      CS2R R60, SRZ","1","0","1","4224","135168","135168","32","32","0","-","-","-","0","0","0","0","0","0","0","0","-","0","0","0","0","0","0","0","0","0","0","0","0","0","0","0","0","0","0","0","0","0","0","0","1","0","0","0","0","0","0","0","0","0","0","0","0","0","0","0","0","0","0"
"0x7052a1774020","      IADD3 R164, P2, R164, UR4, RZ","0","0","0","4224","135168","135168","32","32","0","-","-","-","0","0","0","0","0","0","0","0","-","0","0","0","0","0","0","0","0","0","0","0","0","0","0","0","0","0","0","0","0","0","0","0","0","0","0","0","0","0","0","0","0","0","0","0","0","0","0","0","0","0","0"
"0x7052a1774030","      CS2R R62, SRZ","0","0","0","4224","135168","135168","32","32","0","-","-","-","0","0","0","0","0","0","0","0","-","0","0","0","0","0","0","0","0","0","0","0","0","0","0","0","0","0","0","0","0","0","0","0","0","0","0","0","0","0","0","0","0","0","0","0","0","0","0","0","0","0","0"
"0x7052a1774040","      IADD3 R165, P3, R165, UR4, RZ","0","0","0","4224","135168","135168","32","32","0","-","-","-","0","0","0","0","0","0","0","0","-","0","0","0","0","0","0","0","0","0","0","0","0","0","0","0","0","0","0","0","0","0","0","0","0","0","0","0","0","0","0","0","0","0","0","0","0","0","0","0","0","0","0"
"0x7052a1774050","      CS2R R56, SRZ","0","0","0","4224","135168","135168","32","32","0","-","-","-","0","0","0","0","0","0","0","0","-","0","0","0","0","0","0","0","0","0","0","0","0","0","0","0","0","0","0","0","0","0","0","0","0","0","0","0","0","0","0","0","0","0","0","0","0","0","0","0","0","0","0"
"0x7052a1774060","      CS2R R58, SRZ","0","0","0","4224","135168","135168","32","32","0","-","-","-","0","0","0","0","0","0","0","0","-","0","0","0","0","0","0","0","0","0","0","0","0","0","0","0","0","0","0","0","0","0","0","0","0","0","0","0","0","0","0","0","0","0","0","0","0","0","0","0","0","0","0"
"0x7052a1774070","      CS2R R20, SRZ","1","1","1","4224","135168","135168","32","32","0","-","-","-","0","0","0","0","0","0","0","0","-","0","0","0","0","0","0","0","0","0","0","0","0","0","0","0","0","0","0","0","0","0","0","0","1","0","0","0","0","0","0","0","0","0","0","0","0","0","0","0","0","0","1"
"0x7052a1774080","      CS2R R22, SRZ","1","0","1","4224","135168","135168","32","32","0","-","-","-","0","0","0","0","0","0","0","0","-","0","0","0","0","0","0","0","0","0","0","0","0","0","0","0","0","0","0","0","1","0","0","0","0","0","0","0","0","0","0","0","0","0","0","0","0","0","0","0","0","0","0"
"0x7052a1774090","      CS2R R16, SRZ","1","1","1","4224","135168","135168","32","32","0","-","-","-","0","0","0","0","0","0","0","0","-","0","0","0","0","0","0","0","0","0","0","0","0","0","0","0","0","0","0","0","0","0","0","0","1","0","0","0","0","0","0","0","0","0","0","0","0","0","0","0","0","0","1"
"0x7052a17740a0","      CS2R R18, SRZ","0","0","0","4224","135168","135168","32","32","0","-","-","-","0","0","0","0","0","0","0","0","-","0","0","0","0","0","0","0","0","0","0","0","0","0","0","0","0","0","0","0","0","0","0","0","0","0","0","0","0","0","0","0","0","0","0","0","0","0","0","0","0","0","0"
"0x7052a17740b0","      CS2R R12, SRZ","1","1","1","4224","135168","135168","32","32","0","-","-","-","0","0","0","0","0","0","0","0","-","0","0","0","0","0","0","0","0","0","0","0","0","0","0","0","0","0","0","0","0","0","0","0","1","0","0","0","0","0","0","0","0","0","0","0","0","0","0","0","0","0","1"
"0x7052a17740c0","      CS2R R14, SRZ","1","1","1","4224","135168","135168","32","32","0","-","-","-","0","0","0","0","0","0","0","0","-","0","0","0","0","0","0","0","0","0","0","0","0","0","0","0","0","0","0","0","0","0","0","0","1","0","0","0","0","0","0","0","0","0","0","0","0","0","0","0","0","0","1"
"0x7052a17740d0","      CS2R R8, SRZ","1","0","1","4224","135168","135168","32","32","0","-","-","-","0","0","0","0","0","0","0","0","-","0","0","0","0","0","0","0","0","0","0","0","0","0","0","0","0","0","0","0","1","0","0","0","0","0","0","0","0","0","0","0","0","0","0","0","0","0","0","0","0","0","0"
"0x7052a17740e0","      CS2R R10, SRZ","0","0","0","4224","135168","135168","32","32","0","-","-","-","0","0","0","0","0","0","0","0","-","0","0","0","0","0","0","0","0","0","0","0","0","0","0","0","0","0","0","0","0","0","0","0","0","0","0","0","0","0","0","0","0","0","0","0","0","0","0","0","0","0","0"
"0x7052a17740f0","      CS2R R4, SRZ","1","1","1","4224","135168","135168","32","32","0","-","-","-","0","0","0","0","0","0","0","0","-","0","0","0","0","0","0","0","0","0","0","0","0","0","0","0","0","0","0","0","0","0","0","0","1","0","0","0","0","0","0","0","0","0","0","0","0","0","0","0","0","0","1"
"0x7052a1774100","      CS2R R6, SRZ","0","0","0","4224","135168","135168","32","32","0","-","-","-","0","0","0","0","0","0","0","0","-","0","0","0","0","0","0","0","0","0","0","0","0","0","0","0","0","0","0","0","0","0","0","0","0","0","0","0","0","0","0","0","0","0","0","0","0","0","0","0","0","0","0"
"0x7052a1774110","      IADD3.X R150, R150, UR9, RZ, P0, !PT","1","0","1","4224","135168","135168","32","32","0","-","-","-","0","0","0","0","0","0","0","0","-","0","0","0","0","0","0","0","0","0","0","0","0","0","0","0","0","0","0","0","1","0","0","0","0","0","0","0","0","0","0","0","0","0","0","0","0","0","0","0","0","0","0"
"0x7052a1774120","      UIADD3 UR15, UR15, -0x80, URZ","1","0","1","4224","135168","135168","32","32","0","-","-","-","0","0","0","0","0","0","0","0","-","0","0","0","0","0","0","0","0","0","0","0","0","0","0","0","0","0","0","0","1","0","0","0","0","0","0","0","0","0","0","0","0","0","0","0","0","0","0","0","0","0","0"
"0x7052a1774130","      IADD3.X R167, R167, UR9, RZ, P1, !PT","1","0","1","4224","135168","135168","32","32","0","-","-","-","0","0","0","0","0","0","0","0","-","0","0","0","0","0","0","0","0","0","0","0","0","0","0","0","0","0","0","0","1","0","0","0","0","0","0","0","0","0","0","0","0","0","0","0","0","0","0","0","0","0","0"
"0x7052a1774140","      UMOV UR13, 0x1","1","0","1","4224","135168","135168","32","32","0","-","-","-","0","0","0","0","0","0","0","0","-","0","0","0","0","0","0","0","0","0","0","0","0","0","0","0","0","0","0","0","1","0","0","0","0","0","0","0","0","0","0","0","0","0","0","0","0","0","0","0","0","0","0"
"0x7052a1774150","      IADD3.X R169, R169, UR5, RZ, P2, !PT","0","0","0","4224","135168","135168","32","32","0","-","-","-","0","0","0","0","0","0","0","0","-","0","0","0","0","0","0","0","0","0","0","0","0","0","0","0","0","0","0","0","0","0","0","0","0","0","0","0","0","0","0","0","0","0","0","0","0","0","0","0","0","0","0"
"0x7052a1774160","      UMOV UR14, 0xffffffff","2","0","2","4224","135168","135168","32","32","0","-","-","-","0","0","0","0","0","0","0","0","-","0","0","0","0","0","0","0","0","0","0","0","0","0","0","0","0","0","0","0","2","0","0","0","0","0","0","0","0","0","0","0","0","0","0","0","0","0","0","0","0","0","0"
"0x7052a1774170","      IADD3.X R170, R170, UR5, RZ, P3, !PT","0","0","0","4224","135168","135168","32","32","0","-","-","-","0","0","0","0","0","0","0","0","-","0","0","0","0","0","0","0","0","0","0","0","0","0","0","0","0","0","0","0","0","0","0","0","0","0","0","0","0","0","0","0","0","0","0","0","0","0","0","0","0","0","0"
"0x7052a1774180","      UMOV UR4, URZ","0","0","0","4224","135168","135168","32","32","0","-","-","-","0","0","0","0","0","0","0","0","-","0","0","0","0","0","0","0","0","0","0","0","0","0","0","0","0","0","0","0","0","0","0","0","0","0","0","0","0","0","0","0","0","0","0","0","0","0","0","0","0","0","0"
"0x7052a1774190","      UMOV UR5, URZ","0","0","0","4224","135168","135168","32","32","0","-","-","-","0","0","0","0","0","0","0","0","-","0","0","0","0","0","0","0","0","0","0","0","0","0","0","0","0","0","0","0","0","0","0","0","0","0","0","0","0","0","0","0","0","0","0","0","0","0","0","0","0","0","0"
"0x7052a17741a0","      UIADD3 UR14, UR14, 0x1, URZ","244","185","244","270336","8650752","8650752","32","32","0","-","-","-","0","0","0","0","0","0","0","0","-","0","0","0","0","0","0","0","41","0","0","0","0","0","16","0","0","0","173","14","0","0","0","0","0","0","26","0","0","0","0","0","2","0","0","0","157","0","0","0","0","0","0"
"0x7052a17741b0","      DEPBAR.LE SB0, 0x2","12","0","12","270336","8650752","8650752","32","32","0","-","-","-","0","0","0","0","0","0","0","0","-","0","0","0","0","0","0","0","0","0","0","0","0","0","0","0","0","0","0","0","12","0","0","0","0","0","0","0","0","0","0","0","0","0","0","0","0","0","0","0","0","0","0"
"0x7052a17741c0","      UISETP.GT.AND UP0, UPT, UR14, 0x2, UPT","171","90","171","270336","8650752","8650752","32","32","0","-","-","-","0","0","0","0","0","0","0","0","-","0","0","0","0","0","0","0","0","0","0","0","0","50","18","0","0","0","0","12","29","0","0","0","62","0","0","0","0","0","0","42","2","0","0","0","0","0","0","0","0","0","46"
"0x7052a17741d0","      BAR.SYNC.DEFER_BLOCKING 0x0","15","0","15","270336","8650752","8650752","32","32","0","-","-","-","0","0","0","0","0","0","0","0","-","0","0","0","0","0","0","0","0","0","0","0","0","0","0","0","0","0","0","0","15","0","0","0","0","0","0","0","0","0","0","0","0","0","0","0","0","0","0","0","0","0","0"
"0x7052a17741e0","      USHF.L.U32 UR8, UR20, 0xa, URZ","22","0","22","270336","8650752","8650752","32","32","0","-","-","-","0","0","0","0","0","0","0","0","-","0","0","0","0","0","0","0","0","0","0","0","0","0","0","0","0","0","0","0","22","0","0","0","0","0","0","0","0","0","0","0","0","0","0","0","0","0","0","0","0","0","0"
"0x7052a17741f0","      ISETP.GE.AND P0, PT, R73, UR15, PT","24","0","24","270336","8650752","8650752","32","32","0","-","-","-","0","0","0","0","0","0","0","0","-","0","0","0","0","0","0","0","0","0","0","0","0","0","0","0","0","0","0","0","24","0","0","0","0","0","0","0","0","0","0","0","0","0","0","0","0","0","0","0","0","0","0"
"0x7052a1774200","      USEL UR14, UR14, URZ, !UP0","37","4","37","270336","8650752","8650752","32","32","0","-","-","-","0","0","0","0","0","0","0","0","-","0","0","0","0","0","0","0","0","0","0","0","0","0","0","0","0","0","19","3","15","0","0","0","0","0","0","0","0","0","0","0","0","0","0","0","4","0","0","0","0","0","0"
"0x7052a1774210","      IMAD.MOV.U32 R3, RZ, RZ, R170","22","0","22","270336","8650752","8650752","32","32","0","-","-","-","0","0","0","0","0","0","0","0","-","0","0","0","0","0","0","0","0","0","0","0","0","0","0","0","0","0","0","0","22","0","0","0","0","0","0","0","0","0","0","0","0","0","0","0","0","0","0","0","0","0","0"
"0x7052a1774220","      ULOP3.LUT UR8, UR8, 0x1000, URZ, 0xc0, !UPT","16","0","16","270336","8650752","8650752","32","32","0","-","-","-","0","0","0","0","0","0","0","0","-","0","0","0","0","0","0","0","0","0","0","0","0","0","0","0","0","0","0","0","16","0","0","0","0","0","0","0","0","0","0","0","0","0","0","0","0","0","0","0","0","0","0"
"0x7052a1774230","      SEL R2, RZ, 0x10, P0","14","0","14","270336","8650752","8650752","32","32","0","-","-","-","0","0","0","0","0","0","0","0","-","0","0","0","0","0","0","0","0","0","0","0","0","0","0","0","0","0","0","0","14","0","0","0","0","0","0","0","0","0","0","0","0","0","0","0","0","0","0","0","0","0","0"
"0x7052a1774240","      ULEA UR16, UR14, UR6, 0xd","12","0","12","270336","8650752","8650752","32","32","0","-","-","-","0","0","0","0","0","0","0","0","-","0","0","0","0","0","0","0","0","0","0","0","0","0","0","0","0","0","0","0","12","0","0","0","0","0","0","0","0","0","0","0","0","0","0","0","0","0","0","0","0","0","0"
"0x7052a1774250","      UMOV UR11, 0x80000020","417","306","417","270336","8650752","8650752","32","32","0","-","-","-","0","0","0","0","0","0","0","0","-","0","0","0","0","0","0","389","0","0","0","0","0","0","0","0","0","0","0","15","13","0","0","0","0","306","0","0","0","0","0","0","0","0","0","0","0","0","0","0","0","0","0"
"0x7052a1774260","      UIADD3 UR13, UR13, 0x1, URZ","20","0","20","270336","8650752","8650752","32","32","0","-","-","-","0","0","0","0","0","0","0","0","-","0","0","0","0","0","0","0","0","0","0","0","0","0","0","0","0","0","0","0","20","0","0","0","0","0","0","0","0","0","0","0","0","0","0","0","0","0","0","0","0","0","0"
"0x7052a1774270","      UIADD3 UR17, UR16, UR8, URZ","167","76","167","270336","8650752","8650752","32","32","0","-","-","-","0","0","0","0","0","0","0","0","-","0","0","0","0","0","0","0","0","0","0","0","0","0","70","0","0","0","0","64","20","0","0","0","13","0","0","0","0","0","0","0","69","0","0","0","0","0","0","0","0","0","7"
"0x7052a1774280","      UIADD3 UR8, UR16, 0x6000, URZ","31","13","31","270336","8650752","8650752","32","32","0","-","-","-","0","0","0","0","0","0","0","0","-","0","0","0","0","0","0","0","0","0","0","0","0","0","0","0","0","0","0","0","18","0","0","0","13","0","0","0","0","0","0","0","0","0","0","0","0","0","0","0","0","0","13"
"0x7052a1774290","      USHF.R.U32.HI UR9, URZ, 0x4, UR17","26","16","26","270336","8650752","8650752","32","32","0","-","-","-","0","0","0","0","0","0","0","0","-","0","0","0","0","0","0","0","0","0","0","0","0","0","0","0","0","0","0","0","10","0","0","0","16","0","0","0","0","0","0","0","0","0","0","0","0","0","0","0","0","0","16"
"0x7052a17742a0","      USHF.R.U32.HI UR10, URZ, 0x4, UR8","30","11","30","270336","8650752","8650752","32","32","0","-","-","-","0","0","0","0","0","0","0","0","-","0","0","0","0","0","0","0","0","0","0","0","0","0","0","0","0","0","0","0","19","0","0","0","11","0","0","0","0","0","0","0","0","0","0","0","0","0","0","0","0","0","11"
"0x7052a17742b0","      USGXT.U32 UR8, UR9, 0xe","36","18","36","270336","8650752","8650752","32","32","0","-","-","-","0","0","0","0","0","0","0","0","-","0","0","0","0","0","0","0","0","0","0","0","0","0","0","0","0","0","0","0","18","0","0","0","18","0","0","0","0","0","0","0","0","0","0","0","0","0","0","0","0","0","18"
"0x7052a17742c0","      USGXT.U32 UR9, UR10, 0xe","33","22","33","270336","8650752","8650752","32","32","0","-","-","-","0","0","0","0","0","0","0","0","-","0","0","0","0","0","0","0","0","0","0","0","0","0","0","0","0","0","0","0","11","0","0","0","22","0","0","0","0","0","0","0","0","0","0","0","0","0","0","0","0","0","22"
"0x7052a17742d0","      ULOP3.LUT UR8, UR8, 0x2000000, URZ, 0xfc, !UPT","177","73","177","270336","8650752","8650752","32","32","0","-","-","-","0","0","0","0","0","0","0","0","-","0","0","0","0","0","0","0","0","0","0","0","0","0","71","0","0","0","0","78","12","0","0","0","16","0","0","0","0","0","0","0","57","0","0","0","0","0","0","0","0","0","16"
"0x7052a17742e0","      WARPGROUP.ARRIVE","8","0","8","270336","8650752","8650752","32","32","0","-","-","-","0","0","0","0","0","0","0","0","-","0","0","0","0","0","0","0","0","0","0","0","0","0","0","0","0","0","0","0","8","0","0","0","0","0","0","0","0","0","0","0","0","0","0","0","0","0","0","0","0","0","0"
"0x7052a17742f0","      ULOP3.LUT UR10, UR9, 0x2000000, URZ, 0xfc, !UPT","14","0","14","270336","8650752","8650752","32","32","0","-","-","-","0","0","0","0","0","0","0","0","-","0","0","0","0","0","0","0","0","0","0","0","0","0","0","0","0","0","0","0","14","0","0","0","0","0","0","0","0","0","0","0","0","0","0","0","0","0","0","0","0","0","0"
"0x7052a1774300","      UIADD3 UR16, UR16, 0x6020, URZ","78","36","78","270336","8650752","8650752","32","32","0","-","-","-","0","0","0","0","0","0","0","0","-","0","0","0","0","0","0","0","0","0","0","0","0","0","23","0","0","0","0","25","13","0","0","0","17","0","0","0","0","0","0","0","20","0","0","0","0","0","0","0","0","0","16"
"0x7052a1774310","      UMOV UR9, 0x80000020","24","0","24","270336","8650752","8650752","32","32","0","-","-","-","0","0","0","0","0","0","0","0","-","0","0","0","0","0","0","0","0","0","0","0","0","0","0","0","0","0","0","0","24","0","0","0","0","0","0","0","0","0","0","0","0","0","0","0","0","0","0","0","0","0","0"
"0x7052a1774320","      UIADD3 UR17, UR17, 0x20, URZ","29","0","29","270336","8650752","8650752","32","32","0","-","-","-","0","0","0","0","0","0","0","0","-","0","0","0","0","0","0","0","0","3","0","0","0","0","0","0","0","0","0","0","26","0","0","0","0","0","0","0","0","0","0","0","0","0","0","0","0","0","0","0","0","0","0"
"0x7052a1774330","      UISETP.GT.AND UP0, UPT, UR13, 0x2, UPT","32","13","32","270336","8650752","8650752","32","32","0","-","-","-","0","0","0","0","0","0","0","0","-","0","0","0","0","0","0","0","0","0","0","0","0","0","0","0","0","0","0","0","19","0","0","0","13","0","0","0","0","0","0","0","0","0","0","0","0","0","0","0","0","0","13"
"0x7052a1774340","      QGMMA.64x128x32.F16.E4M3.E4M3 R24, gdesc[UR8], RZ, !UPT","138","47","138","270336","8650752","8650752","32","32","0","Shared","Load","-","0","12","0","3244032","3244032","0","0","0","-","0","0","0","0","0","0","0","0","0","0","0","0","0","0","0","0","0","0","23","18","0","0","0","14","0","0","0","0","0","0","0","0","0","0","0","0","0","0","0","0","0","8"
"0x7052a1774350","      USHF.R.U32.HI UR9, URZ, 0x4, UR16","18","0","18","270336","8650752","8650752","32","32","0","-","-","-","0","0","0","0","0","0","0","0","-","0","0","0","0","0","0","0","0","0","0","0","0","0","0","0","0","0","0","0","18","0","0","0","0","0","0","0","0","0","0","0","0","0","0","0","0","0","0","0","0","0","0"
"0x7052a1774360","      USHF.R.U32.HI UR8, URZ, 0x4, UR17","117","48","117","270336","8650752","8650752","32","32","0","-","-","-","0","0","0","0","0","0","0","0","-","0","0","0","0","0","0","0","0","0","0","0","0","0","44","0","0","0","0","40","21","0","0","0","12","0","0","0","0","0","0","0","39","0","0","0","0","0","0","0","0","0","9"
"0x7052a1774370","      USGXT.U32 UR9, UR9, 0xe","37","21","37","270336","8650752","8650752","32","32","0","-","-","-","0","0","0","0","0","0","0","0","-","0","0","0","0","0","0","0","0","8","0","0","0","0","2","0","0","0","0","0","14","0","0","0","13","0","0","8","0","0","0","0","2","0","0","0","0","0","0","0","0","0","11"
"0x7052a1774380","      USGXT.U32 UR8, UR8, 0xe","33","19","33","270336","8650752","8650752","32","32","0","-","-","-","0","0","0","0","0","0","0","0","-","0","0","0","0","0","0","0","0","0","0","0","0","0","0","0","0","0","0","0","14","0","0","0","19","0","0","0","0","0","0","0","0","0","0","0","0","0","0","0","0","0","19"
"0x7052a1774390","      ULOP3.LUT UR10, UR9, 0x2000000, URZ, 0xfc, !UPT","27","13","27","270336","8650752","8650752","32","32","0","-","-","-","0","0","0","0","0","0","0","0","-","0","0","0","0","0","0","0","0","0","0","0","0","0","0","0","0","0","0","0","14","0","0","0","13","0","0","0","0","0","0","0","0","0","0","0","0","0","0","0","0","0","13"
"0x7052a17743a0","      ULOP3.LUT UR8, UR8, 0x2000000, URZ, 0xfc, !UPT","26","11","26","270336","8650752","8650752","32","32","0","-","-","-","0","0","0","0","0","0","0","0","-","0","0","0","0","0","0","0","0","0","0","0","0","0","0","0","0","0","0","0","15","0","0","0","11","0","0","0","0","0","0","0","0","0","0","0","0","0","0","0","0","0","11"
"0x7052a17743b0","      UMOV UR11, 0x80000020","23","0","23","270336","8650752","8650752","32","32","0","-","-","-","0","0","0","0","0","0","0","0","-","0","0","0","0","0","0","0","0","0","0","0","0","0","0","0","0","0","0","0","23","0","0","0","0","0","0","0","0","0","0","0","0","0","0","0","0","0","0","0","0","0","0"
"0x7052a17743c0","      UMOV UR9, 0x80000020","9","0","9","270336","8650752","8650752","32","32","0","-","-","-","0","0","0","0","0","0","0","0","-","0","0","0","0","0","0","0","0","0","0","0","0","0","0","0","0","0","0","0","9","0","0","0","0","0","0","0","0","0","0","0","0","0","0","0","0","0","0","0","0","0","0"
"0x7052a17743d0","      USEL UR13, UR13, URZ, !UP0","14","0","14","270336","8650752","8650752","32","32","0","-","-","-","0","0","0","0","0","0","0","0","-","0","0","0","0","0","0","0","0","0","0","0","0","0","0","0","0","0","0","0","14","0","0","0","0","0","0","0","0","0","0","0","0","0","0","0","0","0","0","0","0","0","0"
"0x7052a17743e0","      UIADD3 UR15, UR15, -0x40, URZ","140","60","140","270336","8650752","8650752","32","32","0","-","-","-","0","0","0","0","0","0","0","0","-","0","0","0","0","0","0","0","0","10","0","0","0","0","48","0","0","0","0","57","12","0","0","0","13","0","0","7","0","0","0","0","40","0","0","0","0","0","0","0","0","0","13"
"0x7052a17743f0","      QGMMA.64x128x32.F16.E4M3.E4M3 R24, gdesc[UR8], R24, gsb0","97","38","97","270336","8650752","8650752","32","32","0","Shared","Load","-","0","12","0","3244032","3244032","0","0","0","-","0","0","0","0","0","0","0","0","0","0","0","0","0","0","0","0","0","0","7","20","0","0","0","70","0","0","0","0","0","0","0","0","0","0","0","0","0","0","0","0","0","38"
"0x7052a1774400","      UIADD3 UR8, UR7, -0x2, URZ","19","0","19","270336","8650752","8650752","32","32","0","-","-","-","0","0","0","0","0","0","0","0","-","0","0","0","0","0","0","0","0","0","0","0","0","0","0","0","0","0","0","0","19","0","0","0","0","0","0","0","0","0","0","0","0","0","0","0","0","0","0","0","0","0","0"
"0x7052a1774410","      UISETP.GE.AND UP4, UPT, UR5, UR8, UPT","138","47","138","270336","8650752","8650752","32","32","0","-","-","-","0","0","0","0","0","0","0","0","-","0","0","0","0","0","0","0","0","1","0","0","0","0","18","0","0","0","0","46","21","0","0","0","52","0","0","1","0","0","0","0","17","0","0","0","0","0","0","0","0","0","29"
"0x7052a1774420","      ULEA UR8, UR13, UR6, 0xd","34","18","34","270336","8650752","8650752","32","32","0","-","-","-","0","0","0","0","0","0","0","0","-","0","0","0","0","0","0","0","0","5","0","0","0","0","0","0","0","0","0","0","15","0","0","0","14","0","0","5","0","0","0","0","0","0","0","0","0","0","0","0","0","0","13"
"0x7052a1774430","      UIADD3 UR5, UR5, 0x1, URZ","34","16","34","270336","8650752","8650752","32","32","0","-","-","-","0","0","0","0","0","0","0","0","-","0","0","0","0","0","0","0","0","0","0","0","0","0","0","0","0","0","0","0","18","0","0","0","16","0","0","0","0","0","0","0","0","0","0","0","0","0","0","0","0","0","16"
"0x7052a1774440","      PLOP3.LUT P0, PT, PT, PT, UP4, 0x80, 0x0","37","21","37","270336","8650752","8650752","32","32","0","-","-","-","0","0","0","0","0","0","0","0","-","0","0","0","0","0","0","0","0","0","0","0","0","0","0","0","0","0","0","0","16","0","0","0","21","0","0","0","0","0","0","0","0","0","0","0","0","0","0","0","0","0","21"
"0x7052a1774450","      UISETP.NE.AND UP4, UPT, UR7, UR5, UPT","73","19","73","270336","8650752","8650752","32","32","0","-","-","-","0","0","0","0","0","0","0","0","-","0","0","0","0","0","0","0","0","0","0","0","0","0","18","0","0","0","0","20","16","0","0","0","19","0","0","0","0","0","0","0","18","0","0","0","0","0","0","0","0","0","1"
"0x7052a1774460","      SEL R2, R2, RZ, !P0","30","14","30","270336","8650752","8650752","32","32","0","-","-","-","0","0","0","0","0","0","0","0","-","0","0","0","0","0","0","0","0","0","0","0","0","0","0","0","0","0","0","0","16","0","0","0","14","0","0","0","0","0","0","0","0","0","0","0","0","0","0","0","0","0","14"
"0x7052a1774470","      ISETP.NE.U32.AND P0, PT, R2, RZ, PT","97","43","97","270336","8650752","8650752","32","32","0","-","-","-","0","0","0","0","0","0","0","0","-","0","0","0","0","0","0","0","0","0","0","0","0","0","14","0","0","0","0","15","14","0","0","0","54","0","0","0","0","0","0","0","14","0","0","0","0","0","0","0","0","0","29"
"0x7052a1774480","      IMAD.MOV.U32 R2, RZ, RZ, R165","19","0","19","270336","8650752","8650752","32","32","0","-","-","-","0","0","0","0","0","0","0","0","-","0","0","0","0","0","0","0","0","0","0","0","0","0","0","0","0","0","0","0","19","0","0","0","0","0","0","0","0","0","0","0","0","0","0","0","0","0","0","0","0","0","0"
"0x7052a1774490","      PLOP3.LUT P2, PT, PT, PT, UP4, 0x80, 0x0","21","0","21","270336","8650752","8650752","32","32","0","-","-","-","0","0","0","0","0","0","0","0","-","0","0","0","0","0","0","0","0","0","0","0","0","0","0","0","0","0","0","0","21","0","0","0","0","0","0","0","0","0","0","0","0","0","0","0","0","0","0","0","0","0","0"
"0x7052a17744a0","      IADD3 R165, P1, R165, 0x40, RZ","42","11","42","270336","8650752","8650752","32","32","0","-","-","-","0","0","0","0","0","0","0","0","-","0","0","0","0","0","0","0","0","0","0","0","0","0","0","0","0","0","0","0","16","0","0","0","26","0","0","0","0","0","0","0","0","0","0","0","0","0","0","0","0","0","11"
"0x7052a17744b0","      WARPGROUP.DEPBAR.LE gsb0, 0x0","3220","2787","3220","270336","8650752","8650752","32","32","0","-","-","-","0","0","0","0","0","0","0","0","-","0","0","0","0","0","0","3201","0","0","0","0","0","0","0","0","0","0","0","0","19","0","0","0","0","2787","0","0","0","0","0","0","0","0","0","0","0","0","0","0","0","0","0"
"0x7052a17744c0","      WARPGROUP.DEPBAR.LE gsb0, 0x0","27","15","27","270336","8650752","8650752","32","32","0","-","-","-","0","0","0","0","0","0","0","0","-","0","0","0","0","0","0","0","0","0","0","0","0","0","0","0","0","0","0","0","12","0","0","0","15","0","0","0","0","0","0","0","0","0","0","0","0","0","0","0","0","0","15"
"0x7052a17744d0","      LOP3.LUT R199, R25, 0xffff, RZ, 0xc0, !PT","27","10","27","270336","8650752","8650752","32","32","0","-","-","-","0","0","0","0","0","0","0","0","-","0","0","0","0","0","0","0","0","0","0","0","0","0","0","0","0","0","0","0","17","0","0","0","10","0","0","0","0","0","0","0","0","0","0","0","0","0","0","0","0","0","10"
"0x7052a17744e0","      PRMT R200, R25, 0x7732, RZ","37","16","37","270336","8650752","8650752","32","32","0","-","-","-","0","0","0","0","0","0","0","0","-","0","0","0","0","0","0","0","0","0","0","0","0","0","0","0","0","0","0","0","21","0","0","0","16","0","0","0","0","0","0","0","0","0","0","0","0","0","0","0","0","0","16"
"0x7052a17744f0","      LOP3.LUT R25, R26, 0xffff, RZ, 0xc0, !PT","23","10","23","270336","8650752","8650752","32","32","0","-","-","-","0","0","0","0","0","0","0","0","-","0","0","0","0","0","0","0","0","0","0","0","0","0","0","0","0","0","0","0","13","0","0","0","10","0","0","0","0","0","0","0","0","0","0","0","0","0","0","0","0","0","10"
"0x7052a1774500","      PRMT R26, R26, 0x7732, RZ","36","22","36","270336","8650752","8650752","32","32","0","-","-","-","0","0","0","0","0","0","0","0","-","0","0","0","0","0","0","0","0","0","0","0","0","0","0","0","0","0","0","0","14","0","0","0","22","0","0","0","0","0","0","0","0","0","0","0","0","0","0","0","0","0","22"
"0x7052a1774510","      LOP3.LUT R201, R27, 0xffff, RZ, 0xc0, !PT","27","15","27","270336","8650752","8650752","32","32","0","-","-","-","0","0","0","0","0","0","0","0","-","0","0","0","0","0","0","0","0","0","0","0","0","0","0","0","0","0","0","0","12","0","0","0","15","0","0","0","0","0","0","0","0","0","0","0","0","0","0","0","0","0","15"
"0x7052a1774520","      PRMT R27, R27, 0x7732, RZ","35","19","35","270336","8650752","8650752","32","32","0","-","-","-","0","0","0","0","0","0","0","0","-","0","0","0","0","0","0","0","0","0","0","0","0","0","0","0","0","0","0","0","16","0","0","0","19","0","0","0","0","0","0","0","0","0","0","0","0","0","0","0","0","0","19"
"0x7052a1774530","      LOP3.LUT R202, R28, 0xffff, RZ, 0xc0, !PT","35","14","35","270336","8650752","8650752","32","32","0","-","-","-","0","0","0","0","0","0","0","0","-","0","0","0","0","0","0","0","0","0","0","0","0","0","0","0","0","0","0","0","21","0","0","0","14","0","0","0","0","0","0","0","0","0","0","0","0","0","0","0","0","0","14"
"0x7052a1774540","      PRMT R28, R28, 0x7732, RZ","43","17","43","270336","8650752","8650752","32","32","0","-","-","-","0","0","0","0","0","0","0","0","-","0","0","0","0","0","0","0","0","0","0","0","0","0","0","0","0","0","0","0","26","0","0","0","17","0","0","0","0","0","0","0","0","0","0","0","0","0","0","0","0","0","17"
"0x7052a1774550","      LOP3.LUT R203, R29, 0xffff, RZ, 0xc0, !PT","37","17","37","270336","8650752","8650752","32","32","0","-","-","-","0","0","0","0","0","0","0","0","-","0","0","0","0","0","0","0","0","0","0","0","0","0","0","0","0","0","0","0","20","0","0","0","17","0","0","0","0","0","0","0","0","0","0","0","0","0","0","0","0","0","17"
"0x7052a1774560","      PRMT R29, R29, 0x7732, RZ","32","16","32","270336","8650752","8650752","32","32","0","-","-","-","0","0","0","0","0","0","0","0","-","0","0","0","0","0","0","0","0","0","0","0","0","0","0","0","0","0","0","0","16","0","0","0","16","0","0","0","0","0","0","0","0","0","0","0","0","0","0","0","0","0","16"
"0x7052a1774570","      LOP3.LUT R204, R30, 0xffff, RZ, 0xc0, !PT","43","24","43","270336","8650752","8650752","32","32","0","-","-","-","0","0","0","0","0","0","0","0","-","0","0","0","0","0","0","0","0","0","0","0","0","0","0","0","0","0","0","0","19","0","0","0","24","0","0","0","0","0","0","0","0","0","0","0","0","0","0","0","0","0","24"
"0x7052a1774580","      LOP3.LUT R225, R51, 0xffff, RZ, 0xc0, !PT","26","14","26","270336","8650752","8650752","32","32","0","-","-","-","0","0","0","0","0","0","0","0","-","0","0","0","0","0","0","0","0","0","0","0","0","0","0","0","0","0","0","0","12","0","0","0","14","0","0","0","0","0","0","0","0","0","0","0","0","0","0","0","0","0","14"
"0x7052a1774590","      PRMT R226, R51, 0x7732, RZ","33","19","33","270336","8650752","8650752","32","32","0","-","-","-","0","0","0","0","0","0","0","0","-","0","0","0","0","0","0","0","0","0","0","0","0","0","0","0","0","0","0","0","14","0","0","0","19","0","0","0","0","0","0","0","0","0","0","0","0","0","0","0","0","0","19"
"0x7052a17745a0","      VIADD R51, R71, UR8","20","0","20","270336","8650752","8650752","32","32","0","-","-","-","0","0","0","0","0","0","0","0","-","0","0","0","0","0","0","0","0","0","0","0","0","0","0","0","0","0","0","0","20","0","0","0","0","0","0","0","0","0","0","0","0","0","0","0","0","0","0","0","0","0","0"
"0x7052a17745b0","      BAR.SYNC.DEFER_BLOCKING 0x0","20","0","20","270336","8650752","8650752","32","32","0","-","-","-","0","0","0","0","0","0","0","0","-","0","0","0","0","0","0","0","0","0","0","0","0","0","0","0","0","0","0","0","20","0","0","0","0","0","0","0","0","0","0","0","0","0","0","0","0","0","0","0","0","0","0"
"0x7052a17745c0","      PRMT R30, R30, 0x7732, RZ","13","0","13","270336","8650752","8650752","32","32","0","-","-","-","0","0","0","0","0","0","0","0","-","0","0","0","0","0","0","0","0","0","0","0","0","0","0","0","0","0","0","0","13","0","0","0","0","0","0","0","0","0","0","0","0","0","0","0","0","0","0","0","0","0","0"
"0x7052a17745d0","      LOP3.LUT R205, R31, 0xffff, RZ, 0xc0, !PT","28","12","28","270336","8650752","8650752","32","32","0","-","-","-","0","0","0","0","0","0","0","0","-","0","0","0","0","0","0","0","0","0","0","0","0","0","0","0","0","0","0","0","16","0","0","0","12","0","0","0","0","0","0","0","0","0","0","0","0","0","0","0","0","0","12"
"0x7052a17745e0","      PRMT R25, R25, 0x5410, R26","27","12","27","270336","8650752","8650752","32","32","0","-","-","-","0","0","0","0","0","0","0","0","-","0","0","0","0","0","0","0","0","0","0","0","0","0","0","0","0","0","0","0","15","0","0","0","12","0","0","0","0","0","0","0","0","0","0","0","0","0","0","0","0","0","12"
"0x7052a17745f0","      PRMT R31, R31, 0x7732, RZ","43","22","43","270336","8650752","8650752","32","32","0","-","-","-","0","0","0","0","0","0","0","0","-","0","0","0","0","0","0","0","0","0","0","0","0","0","0","0","0","0","0","0","15","0","0","0","28","0","0","0","0","0","0","0","0","0","0","0","0","0","0","0","0","0","22"
"0x7052a1774600","      PRMT R26, R201, 0x5410, R27","31","18","31","270336","8650752","8650752","32","32","0","-","-","-","0","0","0","0","0","0","0","0","-","0","0","0","0","0","0","0","0","0","0","0","0","0","0","0","0","0","0","0","13","0","0","0","18","0","0","0","0","0","0","0","0","0","0","0","0","0","0","0","0","0","18"
"0x7052a1774610","      FMUL R201, R152, R162","19","3","19","270336","8650752","8650752","32","32","0","-","-","-","0","0","0","0","0","0","0","0","-","0","0","0","0","0","0","0","0","0","0","0","0","3","0","0","0","0","0","0","16","0","0","0","0","0","0","0","0","0","0","3","0","0","0","0","0","0","0","0","0","0","0"
"0x7052a1774620","      PRMT R27, R202, 0x5410, R28","21","0","21","270336","8650752","8650752","32","32","0","-","-","-","0","0","0","0","0","0","0","0","-","0","0","0","0","0","0","0","0","0","0","0","0","0","0","0","0","0","0","0","21","0","0","0","0","0","0","0","0","0","0","0","0","0","0","0","0","0","0","0","0","0","0"
"0x7052a1774630","      FMUL R202, R152, R163","21","0","21","270336","8650752","8650752","32","32","0","-","-","-","0","0","0","0","0","0","0","0","-","0","0","0","0","0","0","0","0","0","0","0","0","0","0","0","0","0","0","0","21","0","0","0","0","0","0","0","0","0","0","0","0","0","0","0","0","0","0","0","0","0","0"
"0x7052a1774640","      PRMT R28, R203, 0x5410, R29","14","0","14","270336","8650752","8650752","32","32","0","-","-","-","0","0","0","0","0","0","0","0","-","0","0","0","0","0","0","0","0","0","0","0","0","0","0","0","0","0","0","0","14","0","0","0","0","0","0","0","0","0","0","0","0","0","0","0","0","0","0","0","0","0","0"
"0x7052a1774650","      FMUL R203, R153, R160","13","0","13","270336","8650752","8650752","32","32","0","-","-","-","0","0","0","0","0","0","0","0","-","0","0","0","0","0","0","0","0","0","0","0","0","0","0","0","0","0","0","0","13","0","0","0","0","0","0","0","0","0","0","0","0","0","0","0","0","0","0","0","0","0","0"
"0x7052a1774660","      PRMT R29, R204, 0x5410, R30","20","0","20","270336","8650752","8650752","32","32","0","-","-","-","0","0","0","0","0","0","0","0","-","0","0","0","0","0","0","0","0","0","0","0","0","0","0","0","0","0","0","0","20","0","0","0","0","0","0","0","0","0","0","0","0","0","0","0","0","0","0","0","0","0","0"
"0x7052a1774670","      FMUL R204, R153, R161","25","0","25","270336","8650752","8650752","32","32","0","-","-","-","0","0","0","0","0","0","0","0","-","0","0","0","0","0","0","0","0","15","0","0","0","0","0","0","0","0","0","0","10","0","0","0","0","0","0","0","0","0","0","0","0","0","0","0","0","0","0","0","0","0","0"
"0x7052a1774680","      PRMT R30, R205, 0x5410, R31","22","0","22","270336","8650752","8650752","32","32","0","-","-","-","0","0","0","0","0","0","0","0","-","0","0","0","0","0","0","0","0","0","0","0","0","0","0","0","0","0","0","0","22","0","0","0","0","0","0","0","0","0","0","0","0","0","0","0","0","0","0","0","0","0","0"
"0x7052a1774690","      VIADD R205, R70, UR8","14","0","14","270336","8650752","8650752","32","32","0","-","-","-","0","0","0","0","0","0","0","0","-","0","0","0","0","0","0","0","0","0","0","0","0","0","0","0","0","0","0","0","14","0","0","0","0","0","0","0","0","0","0","0","0","0","0","0","0","0","0","0","0","0","0"
"0x7052a17746a0","      LOP3.LUT R198, R24, 0xffff, RZ, 0xc0, !PT","21","0","21","270336","8650752","8650752","32","32","0","-","-","-","0","0","0","0","0","0","0","0","-","0","0","0","0","0","0","0","0","6","0","0","0","0","0","0","0","0","0","0","15","0","0","0","0","0","0","0","0","0","0","0","0","0","0","0","0","0","0","0","0","0","0"
"0x7052a17746b0","      USHF.R.U32.HI UR8, URZ, 0x1, UR5","15","0","15","270336","8650752","8650752","32","32","0","-","-","-","0","0","0","0","0","0","0","0","-","0","0","0","0","0","0","0","0","0","0","0","0","0","0","0","0","0","0","0","15","0","0","0","0","0","0","0","0","0","0","0","0","0","0","0","0","0","0","0","0","0","0"
"0x7052a17746c0","      PRMT R24, R24, 0x7732, RZ","18","0","18","270336","8650752","8650752","32","32","0","-","-","-","0","0","0","0","0","0","0","0","-","0","0","0","0","0","0","0","0","0","0","0","0","0","0","0","0","0","0","0","18","0","0","0","0","0","0","0","0","0","0","0","0","0","0","0","0","0","0","0","0","0","0"
"0x7052a17746d0","      LOP3.LUT R227, R52, 0xffff, RZ, 0xc0, !PT","168","25","168","270336","8650752","8650752","32","32","0","-","-","-","0","0","0","0","0","0","0","0","-","0","0","0","0","0","0","0","0","0","0","0","0","0","49","0","0","0","0","76","21","0","0","0","22","0","0","0","0","0","0","0","18","0","0","0","0","0","0","0","0","0","7"
"0x7052a17746e0","@!PT  LDS RZ, [RZ]","504","193","504","270336","8650752","0","32","0","0","","Load","32","0","0","0","0","0","0","0","0","-","0","0","0","0","0","0","455","0","2","0","0","0","0","0","0","0","0","0","27","20","0","0","0","0","193","0","0","0","0","0","0","0","0","0","0","0","0","0","0","0","0","0"
"0x7052a17746f0","@!PT  LDS RZ, [RZ]","17","0","17","270336","8650752","0","32","0","0","","Load","32","0","0","0","0","0","0","0","0","-","0","0","0","0","0","0","0","0","0","0","0","0","0","0","0","0","0","0","0","17","0","0","0","0","0","0","0","0","0","0","0","0","0","0","0","0","0","0","0","0","0","0"
"0x7052a1774700","@!PT  LDS RZ, [RZ]","23","0","23","270336","8650752","0","32","0","0","","Load","32","0","0","0","0","0","0","0","0","-","0","0","0","0","0","0","0","0","0","0","0","0","0","0","0","0","0","0","0","23","0","0","0","0","0","0","0","0","0","0","0","0","0","0","0","0","0","0","0","0","0","0"
"0x7052a1774710","      LDGSTS.E.BYPASS.128 desc[UR18][R2.64], P0, [R51]","21","0","21","270336","8650752","8650752","32","32","0","Global,Shared","Load,Store","128","2095104","4","0","1081344","1081344","0","3823984","3823984","","0","0","0","0","0","0","0","0","0","0","0","0","0","0","0","0","0","0","0","21","0","0","0","0","0","0","0","0","0","0","0","0","0","0","0","0","0","0","0","0","0","0"
"0x7052a1774720","      LOP3.LUT R228, R53, 0xffff, RZ, 0xc0, !PT","10","0","10","270336","8650752","8650752","32","32","0","-","-","-","0","0","0","0","0","0","0","0","-","0","0","0","0","0","0","0","0","0","0","0","0","0","0","0","0","0","0","0","10","0","0","0","0","0","0","0","0","0","0","0","0","0","0","0","0","0","0","0","0","0","0"
"0x7052a1774730","      USGXT.U32 UR8, UR8, 0x19","11","0","11","270336","8650752","8650752","32","32","0","-","-","-","0","0","0","0","0","0","0","0","-","0","0","0","0","0","0","0","0","0","0","0","0","0","0","0","0","0","0","0","11","0","0","0","0","0","0","0","0","0","0","0","0","0","0","0","0","0","0","0","0","0","0"
"0x7052a1774740","      PRMT R52, R52, 0x7732, RZ","16","0","16","270336","8650752","8650752","32","32","0","-","-","-","0","0","0","0","0","0","0","0","-","0","0","0","0","0","0","0","0","0","0","0","0","0","0","0","0","0","0","0","16","0","0","0","0","0","0","0","0","0","0","0","0","0","0","0","0","0","0","0","0","0","0"
"0x7052a1774750","      PRMT R53, R53, 0x7732, RZ","43","13","43","270336","8650752","8650752","32","32","0","-","-","-","0","0","0","0","0","0","0","0","-","0","0","0","0","0","0","0","0","0","0","0","0","0","5","0","0","0","0","4","14","0","0","0","20","0","0","0","0","0","0","0","0","0","0","0","0","0","0","0","0","0","13"
"0x7052a1774760","      UISETP.GT.U32.AND UP0, UPT, UR8, UR4, UPT","20","0","20","270336","8650752","8650752","32","32","0","-","-","-","0","0","0","0","0","0","0","0","-","0","0","0","0","0","0","0","0","0","0","0","0","0","0","0","0","0","0","0","20","0","0","0","0","0","0","0","0","0","0","0","0","0","0","0","0","0","0","0","0","0","0"
"0x7052a1774770","      PRMT R231, R198, 0x5410, R24","20","0","20","270336","8650752","8650752","32","32","0","-","-","-","0","0","0","0","0","0","0","0","-","0","0","0","0","0","0","0","0","0","0","0","0","0","0","0","0","0","0","0","20","0","0","0","0","0","0","0","0","0","0","0","0","0","0","0","0","0","0","0","0","0","0"
"0x7052a1774780","      FMUL R198, R152, R172","16","0","16","270336","8650752","8650752","32","32","0","-","-","-","0","0","0","0","0","0","0","0","-","0","0","0","0","0","0","0","0","0","0","0","0","0","0","0","0","0","0","0","16","0","0","0","0","0","0","0","0","0","0","0","0","0","0","0","0","0","0","0","0","0","0"
"0x7052a1774790","      PRMT R24, R199, 0x5410, R200","15","0","15","270336","8650752","8650752","32","32","0","-","-","-","0","0","0","0","0","0","0","0","-","0","0","0","0","0","0","0","0","0","0","0","0","0","0","0","0","0","0","0","15","0","0","0","0","0","0","0","0","0","0","0","0","0","0","0","0","0","0","0","0","0","0"
"0x7052a17747a0","      FMUL R199, R152, R173","20","0","20","270336","8650752","8650752","32","32","0","-","-","-","0","0","0","0","0","0","0","0","-","0","0","0","0","0","0","0","0","0","0","0","0","0","0","0","0","0","0","0","20","0","0","0","0","0","0","0","0","0","0","0","0","0","0","0","0","0","0","0","0","0","0"
"0x7052a17747b0","      PRMT R227, R227, 0x5410, R52","19","0","19","270336","8650752","8650752","32","32","0","-","-","-","0","0","0","0","0","0","0","0","-","0","0","0","0","0","0","0","0","0","0","0","0","0","0","0","0","0","0","0","19","0","0","0","0","0","0","0","0","0","0","0","0","0","0","0","0","0","0","0","0","0","0"
"0x7052a17747c0","      IMAD.MOV.U32 R2, RZ, RZ, R164","223","15","223","270336","8650752","8650752","32","32","0","-","-","-","0","0","0","0","0","0","0","0","-","0","0","0","0","0","0","0","0","0","0","0","0","142","0","0","0","0","0","56","25","0","0","0","0","0","0","0","0","0","0","15","0","0","0","0","0","0","0","0","0","0","0"
"0x7052a17747d0","      PRMT R228, R228, 0x5410, R53","19","0","19","270336","8650752","8650752","32","32","0","-","-","-","0","0","0","0","0","0","0","0","-","0","0","0","0","0","0","0","0","0","0","0","0","0","0","0","0","0","0","0","19","0","0","0","0","0","0","0","0","0","0","0","0","0","0","0","0","0","0","0","0","0","0"
"0x7052a17747e0","      IMAD.MOV.U32 R3, RZ, RZ, R169","17","0","17","270336","8650752","8650752","32","32","0","-","-","-","0","0","0","0","0","0","0","0","-","0","0","0","0","0","0","0","0","0","0","0","0","0","0","0","0","0","0","0","17","0","0","0","0","0","0","0","0","0","0","0","0","0","0","0","0","0","0","0","0","0","0"
"0x7052a17747f0","      FMUL R52, R153, R172","96","7","96","270336","8650752","8650752","32","32","0","-","-","-","0","0","0","0","0","0","0","0","-","0","0","0","0","0","0","0","0","5","0","0","0","0","0","0","0","0","0","53","20","0","0","0","18","0","0","0","0","0","0","0","0","0","0","0","0","0","0","0","0","0","7"
"0x7052a1774800","      FMUL R53, R153, R173","16","0","16","270336","8650752","8650752","32","32","0","-","-","-","0","0","0","0","0","0","0","0","-","0","0","0","0","0","0","0","0","0","0","0","0","0","0","0","0","0","0","0","16","0","0","0","0","0","0","0","0","0","0","0","0","0","0","0","0","0","0","0","0","0","0"
"0x7052a1774810","      LOP3.LUT R229, R54, 0xffff, RZ, 0xc0, !PT","16","0","16","270336","8650752","8650752","32","32","0","-","-","-","0","0","0","0","0","0","0","0","-","0","0","0","0","0","0","0","0","4","0","0","0","0","0","0","0","0","0","0","12","0","0","0","0","0","0","0","0","0","0","0","0","0","0","0","0","0","0","0","0","0","0"
"0x7052a1774820","      FMUL R200, R153, R163","10","0","10","270336","8650752","8650752","32","32","0","-","-","-","0","0","0","0","0","0","0","0","-","0","0","0","0","0","0","0","0","0","0","0","0","0","0","0","0","0","0","0","10","0","0","0","0","0","0","0","0","0","0","0","0","0","0","0","0","0","0","0","0","0","0"
"0x7052a1774830","      LDGSTS.E.BYPASS.128 desc[UR18][R2.64], P0, [R205]","12","0","12","270336","8650752","8650752","32","32","0","Global,Shared","Load,Store","128","2095104","4","0","1081344","1081344","0","3970992","3970992","","0","0","0","0","0","0","0","0","0","0","0","0","0","0","0","0","0","0","0","12","0","0","0","0","0","0","0","0","0","0","0","0","0","0","0","0","0","0","0","0","0","0"
"0x7052a1774840","      PRMT R230, R54, 0x7732, RZ","17","0","17","270336","8650752","8650752","32","32","0","-","-","-","0","0","0","0","0","0","0","0","-","0","0","0","0","0","0","0","0","0","0","0","0","0","0","0","0","0","0","0","17","0","0","0","0","0","0","0","0","0","0","0","0","0","0","0","0","0","0","0","0","0","0"
"0x7052a1774850","      UISETP.GE.OR UP0, UPT, UR5, UR7, !UP0","14","0","14","270336","8650752","8650752","32","32","0","-","-","-","0","0","0","0","0","0","0","0","-","0","0","0","0","0","0","0","0","0","0","0","0","0","0","0","0","0","0","0","14","0","0","0","0","0","0","0","0","0","0","0","0","0","0","0","0","0","0","0","0","0","0"
"0x7052a1774860","      LOP3.LUT R54, R55, 0xffff, RZ, 0xc0, !PT","16","0","16","270336","8650752","8650752","32","32","0","-","-","-","0","0","0","0","0","0","0","0","-","0","0","0","0","0","0","0","0","0","0","0","0","0","0","0","0","0","0","0","16","0","0","0","0","0","0","0","0","0","0","0","0","0","0","0","0","0","0","0","0","0","0"
"0x7052a1774870","      LDGDEPBAR","29","0","29","270336","8650752","8650752","32","32","0","-","-","-","0","0","0","0","0","0","0","0","-","0","0","0","0","0","0","0","0","0","0","0","0","0","0","0","0","0","0","0","29","0","0","0","0","0","0","0","0","0","0","0","0","0","0","0","0","0","0","0","0","0","0"
"0x7052a1774880","      F2FP.F16.F32.PACK_AB R198, R199, R198","14","0","14","270336","8650752","8650752","32","32","0","-","-","-","0","0","0","0","0","0","0","0","-","0","0","0","0","0","0","0","0","0","0","0","0","0","0","0","0","0","0","0","14","0","0","0","0","0","0","0","0","0","0","0","0","0","0","0","0","0","0","0","0","0","0"
"0x7052a1774890","      FMUL R199, R153, R162","21","0","21","270336","8650752","8650752","32","32","0","-","-","-","0","0","0","0","0","0","0","0","-","0","0","0","0","0","0","0","0","0","0","0","0","0","0","0","0","0","0","0","21","0","0","0","0","0","0","0","0","0","0","0","0","0","0","0","0","0","0","0","0","0","0"
"0x7052a17748a0","      PRMT R55, R55, 0x7732, RZ","11","0","11","270336","8650752","8650752","32","32","0","-","-","-","0","0","0","0","0","0","0","0","-","0","0","0","0","0","0","0","0","0","0","0","0","0","0","0","0","0","0","0","11","0","0","0","0","0","0","0","0","0","0","0","0","0","0","0","0","0","0","0","0","0","0"
"0x7052a17748b0","      F2FP.F16.F32.PACK_AB R52, R53, R52","158","46","158","270336","8650752","8650752","32","32","0","-","-","-","0","0","0","0","0","0","0","0","-","0","0","0","0","0","0","0","0","6","0","0","0","0","48","0","0","0","0","63","16","0","0","0","25","0","0","1","0","0","0","0","45","0","0","0","0","0","0","0","0","0","0"
"0x7052a17748c0","      FMUL R53, R153, R171","18","0","18","270336","8650752","8650752","32","32","0","-","-","-","0","0","0","0","0","0","0","0","-","0","0","0","0","0","0","0","0","0","0","0","0","0","0","0","0","0","0","0","18","0","0","0","0","0","0","0","0","0","0","0","0","0","0","0","0","0","0","0","0","0","0"
"0x7052a17748d0","      PRMT R54, R54, 0x5410, R55","17","0","17","270336","8650752","8650752","32","32","0","-","-","-","0","0","0","0","0","0","0","0","-","0","0","0","0","0","0","0","0","1","0","0","0","0","0","0","0","0","0","0","16","0","0","0","0","0","0","0","0","0","0","0","0","0","0","0","0","0","0","0","0","0","0"
"0x7052a17748e0","      IMAD.MOV.U32 R2, RZ, RZ, R166","55","0","55","270336","8650752","8650752","32","32","0","-","-","-","0","0","0","0","0","0","0","0","-","0","0","0","0","0","0","0","0","3","0","0","0","14","1","0","0","0","0","23","14","0","0","0","0","0","0","0","0","0","0","0","0","0","0","0","0","0","0","0","0","0","0"
"0x7052a17748f0","      FMUL R55, R152, R168","103","9","103","270336","8650752","8650752","32","32","0","-","-","-","0","0","0","0","0","0","0","0","-","0","0","0","0","0","0","0","0","5","0","0","0","0","0","0","0","0","0","60","14","0","0","0","24","0","0","0","0","0","0","0","0","0","0","0","0","0","0","0","0","0","9"
"0x7052a1774900","      IMAD.MOV.U32 R3, RZ, RZ, R167","24","0","24","270336","8650752","8650752","32","32","0","-","-","-","0","0","0","0","0","0","0","0","-","0","0","0","0","0","0","0","0","1","0","0","0","0","0","0","0","0","0","0","23","0","0","0","0","0","0","0","0","0","0","0","0","0","0","0","0","0","0","0","0","0","0"
"0x7052a1774910","      LOP3.LUT R206, R32, 0xffff, RZ, 0xc0, !PT","13","0","13","270336","8650752","8650752","32","32","0","-","-","-","0","0","0","0","0","0","0","0","-","0","0","0","0","0","0","0","0","0","0","0","0","0","0","0","0","0","0","0","13","0","0","0","0","0","0","0","0","0","0","0","0","0","0","0","0","0","0","0","0","0","0"
"0x7052a1774920","      PRMT R32, R32, 0x7732, RZ","70","13","70","270336","8650752","8650752","32","32","0","-","-","-","0","0","0","0","0","0","0","0","-","0","0","0","0","0","0","0","0","1","0","0","0","0","18","0","0","0","0","22","17","0","0","0","12","0","0","1","0","0","0","0","5","0","0","0","0","0","0","0","0","0","7"
"0x7052a1774930","      LDGSTS.E.BYPASS.128 desc[UR18][R2.64], P0, [R51+0x6000]","32","11","32","270336","8650752","8650752","32","32","0","Global,Shared","Load,Store","128","2095104","4","0","1081344","1081344","0","4161840","4161840","","0","0","0","0","0","0","0","0","0","0","0","0","0","0","0","0","0","0","3","17","0","0","0","12","0","0","0","0","0","0","0","0","0","0","0","0","0","0","0","0","0","11"
"0x7052a1774940","      LOP3.LUT R207, R33, 0xffff, RZ, 0xc0, !PT","17","0","17","270336","8650752","8650752","32","32","0","-","-","-","0","0","0","0","0","0","0","0","-","0","0","0","0","0","0","0","0","0","0","0","0","0","0","0","0","0","0","0","17","0","0","0","0","0","0","0","0","0","0","0","0","0","0","0","0","0","0","0","0","0","0"
"0x7052a1774950","      PRMT R33, R33, 0x7732, RZ","99","37","99","270336","8650752","8650752","32","32","0","-","-","-","0","0","0","0","0","0","0","0","-","0","0","0","0","0","0","0","0","0","0","0","0","0","30","0","0","0","0","39","12","0","0","0","18","0","0","0","0","0","0","0","20","0","0","0","0","0","0","0","0","0","17"
"0x7052a1774960","      LOP3.LUT R208, R34, 0xffff, RZ, 0xc0, !PT","51","21","51","270336","8650752","8650752","32","32","0","-","-","-","0","0","0","0","0","0","0","0","-","0","0","0","0","0","0","0","0","0","0","0","0","0","8","0","0","0","0","12","16","0","0","0","15","0","0","0","0","0","0","0","8","0","0","0","0","0","0","0","0","0","13"
"0x7052a1774970","      PRMT R34, R34, 0x7732, RZ","43","22","43","270336","8650752","8650752","32","32","0","-","-","-","0","0","0","0","0","0","0","0","-","0","0","0","0","0","0","0","0","0","0","0","0","0","0","0","0","0","0","2","19","0","0","0","22","0","0","0","0","0","0","0","0","0","0","0","0","0","0","0","0","0","22"
"0x7052a1774980","      LOP3.LUT R209, R35, 0xffff, RZ, 0xc0, !PT","37","19","37","270336","8650752","8650752","32","32","0","-","-","-","0","0","0","0","0","0","0","0","-","0","0","0","0","0","0","0","0","0","0","0","0","0","0","0","0","0","0","0","18","0","0","0","19","0","0","0","0","0","0","0","0","0","0","0","0","0","0","0","0","0","19"
"0x7052a1774990","      PRMT R35, R35, 0x7732, RZ","48","11","48","270336","8650752","8650752","32","32","0","-","-","-","0","0","0","0","0","0","0","0","-","0","0","0","0","0","0","0","0","0","0","0","0","0","6","0","0","0","0","9","21","0","0","0","12","0","0","0","0","0","0","0","0","0","0","0","0","0","0","0","0","0","11"
"0x7052a17749a0","      IMAD.MOV.U32 R2, RZ, RZ, R149","405","104","405","270336","8650752","8650752","32","32","0","-","-","-","0","0","0","0","0","0","0","0","-","0","0","0","0","0","0","0","0","15","0","0","0","219","42","0","0","0","0","110","19","0","0","0","0","0","0","0","0","0","0","102","2","0","0","0","0","0","0","0","0","0","0"
"0x7052a17749b0","      PRMT R31, R206, 0x5410, R32","15","0","15","270336","8650752","8650752","32","32","0","-","-","-","0","0","0","0","0","0","0","0","-","0","0","0","0","0","0","0","0","0","0","0","0","0","0","0","0","0","0","0","15","0","0","0","0","0","0","0","0","0","0","0","0","0","0","0","0","0","0","0","0","0","0"
"0x7052a17749c0","      IMAD.MOV.U32 R3, RZ, RZ, R150","25","0","25","270336","8650752","8650752","32","32","0","-","-","-","0","0","0","0","0","0","0","0","-","0","0","0","0","0","0","0","0","1","0","0","0","0","0","0","0","0","0","0","24","0","0","0","0","0","0","0","0","0","0","0","0","0","0","0","0","0","0","0","0","0","0"
"0x7052a17749d0","      PRMT R32, R207, 0x5410, R33","14","0","14","270336","8650752","8650752","32","32","0","-","-","-","0","0","0","0","0","0","0","0","-","0","0","0","0","0","0","0","0","0","0","0","0","0","0","0","0","0","0","0","14","0","0","0","0","0","0","0","0","0","0","0","0","0","0","0","0","0","0","0","0","0","0"
"0x7052a17749e0","      FMUL R206, R153, R157","17","0","17","270336","8650752","8650752","32","32","0","-","-","-","0","0","0","0","0","0","0","0","-","0","0","0","0","0","0","0","0","0","0","0","0","0","0","0","0","0","0","0","17","0","0","0","0","0","0","0","0","0","0","0","0","0","0","0","0","0","0","0","0","0","0"
"0x7052a17749f0","      LOP3.LUT R210, R36, 0xffff, RZ, 0xc0, !PT","15","0","15","270336","8650752","8650752","32","32","0","-","-","-","0","0","0","0","0","0","0","0","-","0","0","0","0","0","0","0","0","0","0","0","0","0","0","0","0","0","0","0","15","0","0","0","0","0","0","0","0","0","0","0","0","0","0","0","0","0","0","0","0","0","0"
"0x7052a1774a00","      FMUL R207, R152, R156","17","0","17","270336","8650752","8650752","32","32","0","-","-","-","0","0","0","0","0","0","0","0","-","0","0","0","0","0","0","0","0","0","0","0","0","0","0","0","0","0","0","0","17","0","0","0","0","0","0","0","0","0","0","0","0","0","0","0","0","0","0","0","0","0","0"
"0x7052a1774a10","      LDGSTS.E.BYPASS.128 desc[UR18][R2.64], P0, [R205+0x6000]","9","0","9","270336","8650752","8650752","32","32","0","Global,Shared","Load,Store","128","2095104","4","0","1081344","1081344","0","4156192","4156192","","0","0","0","0","0","0","0","0","0","0","0","0","0","0","0","0","0","0","0","9","0","0","0","0","0","0","0","0","0","0","0","0","0","0","0","0","0","0","0","0","0","0"
"0x7052a1774a20","      PRMT R33, R208, 0x5410, R34","10","0","10","270336","8650752","8650752","32","32","0","-","-","-","0","0","0","0","0","0","0","0","-","0","0","0","0","0","0","0","0","0","0","0","0","0","0","0","0","0","0","0","10","0","0","0","0","0","0","0","0","0","0","0","0","0","0","0","0","0","0","0","0","0","0"
"0x7052a1774a30","      FMUL R208, R152, R157","20","0","20","270336","8650752","8650752","32","32","0","-","-","-","0","0","0","0","0","0","0","0","-","0","0","0","0","0","0","0","0","1","0","0","0","0","0","0","0","0","0","0","19","0","0","0","0","0","0","0","0","0","0","0","0","0","0","0","0","0","0","0","0","0","0"
"0x7052a1774a40","      PRMT R36, R36, 0x7732, RZ","10","0","10","270336","8650752","8650752","32","32","0","-","-","-","0","0","0","0","0","0","0","0","-","0","0","0","0","0","0","0","0","0","0","0","0","0","0","0","0","0","0","0","10","0","0","0","0","0","0","0","0","0","0","0","0","0","0","0","0","0","0","0","0","0","0"
"0x7052a1774a50","      LDGDEPBAR","13","0","13","270336","8650752","8650752","32","32","0","-","-","-","0","0","0","0","0","0","0","0","-","0","0","0","0","0","0","0","0","0","0","0","0","0","0","0","0","0","0","0","13","0","0","0","0","0","0","0","0","0","0","0","0","0","0","0","0","0","0","0","0","0","0"
"0x7052a1774a60","      LOP3.LUT R211, R37, 0xffff, RZ, 0xc0, !PT","19","0","19","270336","8650752","8650752","32","32","0","-","-","-","0","0","0","0","0","0","0","0","-","0","0","0","0","0","0","0","0","0","0","0","0","0","0","0","0","0","0","0","19","0","0","0","0","0","0","0","0","0","0","0","0","0","0","0","0","0","0","0","0","0","0"
"0x7052a1774a70","      PRMT R34, R209, 0x5410, R35","185","52","185","270336","8650752","8650752","32","32","0","-","-","-","0","0","0","0","0","0","0","0","-","0","0","0","0","0","0","0","0","4","0","0","0","0","73","0","0","0","0","73","16","0","0","0","19","0","0","2","0","0","0","0","39","0","0","0","0","0","0","0","0","0","11"
"0x7052a1774a80","      PRMT R37, R37, 0x7732, RZ","32","8","32","270336","8650752","8650752","32","32","0","-","-","-","0","0","0","0","0","0","0","0","-","0","0","0","0","0","0","0","0","0","0","0","0","0","0","0","0","0","0","3","16","0","0","0","13","0","0","0","0","0","0","0","0","0","0","0","0","0","0","0","0","0","8"
"0x7052a1774a90","      LOP3.LUT R212, R38, 0xffff, RZ, 0xc0, !PT","48","22","48","270336","8650752","8650752","32","32","0","-","-","-","0","0","0","0","0","0","0","0","-","0","0","0","0","0","0","0","0","0","0","0","0","0","8","0","0","0","0","8","16","0","0","0","16","0","0","0","0","0","0","0","6","0","0","0","0","0","0","0","0","0","16"
"0x7052a1774aa0","      IMAD.MOV.U32 R3, RZ, RZ, R198","414","43","414","270336","8650752","8650752","32","32","0","-","-","-","0","0","0","0","0","0","0","0","-","0","0","0","0","0","0","0","0","11","0","0","0","163","65","0","0","0","0","162","13","0","0","0","0","0","0","0","0","0","0","43","0","0","0","0","0","0","0","0","0","0","0"
"0x7052a1774ab0","      FMUL R198, R152, R171","45","5","45","270336","8650752","8650752","32","32","0","-","-","-","0","0","0","0","0","0","0","0","-","0","0","0","0","0","0","0","0","0","0","0","0","0","1","0","0","0","0","1","25","0","0","0","18","0","0","0","0","0","0","0","0","0","0","0","0","0","0","0","0","0","5"
"0x7052a1774ac0","      IMAD.MOV.U32 R2, RZ, RZ, R52","18","0","18","270336","8650752","8650752","32","32","0","-","-","-","0","0","0","0","0","0","0","0","-","0","0","0","0","0","0","0","0","0","0","0","0","0","0","0","0","0","0","0","18","0","0","0","0","0","0","0","0","0","0","0","0","0","0","0","0","0","0","0","0","0","0"
"0x7052a1774ad0","      FMUL R52, R153, R168","324","7","324","270336","8650752","8650752","32","32","0","-","-","-","0","0","0","0","0","0","0","0","-","0","0","0","0","0","0","0","0","15","0","0","0","0","51","0","0","0","0","225","11","0","0","0","22","0","0","0","0","0","0","0","0","0","0","0","0","0","0","0","0","0","7"
"0x7052a1774ae0","      FMUL R205, R153, R156","23","0","23","270336","8650752","8650752","32","32","0","-","-","-","0","0","0","0","0","0","0","0","-","0","0","0","0","0","0","0","0","7","0","0","0","0","0","0","0","0","0","0","16","0","0","0","0","0","0","0","0","0","0","0","0","0","0","0","0","0","0","0","0","0","0"
"0x7052a1774af0","      PRMT R38, R38, 0x7732, RZ","22","0","22","270336","8650752","8650752","32","32","0","-","-","-","0","0","0","0","0","0","0","0","-","0","0","0","0","0","0","0","0","0","0","0","0","0","0","0","0","0","0","0","22","0","0","0","0","0","0","0","0","0","0","0","0","0","0","0","0","0","0","0","0","0","0"
"0x7052a1774b00","      F2FP.F16.F32.PACK_AB R198, R198, R55","71","16","71","270336","8650752","8650752","32","32","0","-","-","-","0","0","0","0","0","0","0","0","-","0","0","0","0","0","0","0","0","0","0","0","0","0","18","0","0","0","0","22","17","0","0","0","14","0","0","0","0","0","0","0","3","0","0","0","0","0","0","0","0","0","13"
"0x7052a1774b10","      F2FP.F16.F32.PACK_AB R51, R53, R52","34","19","34","270336","8650752","8650752","32","32","0","-","-","-","0","0","0","0","0","0","0","0","-","0","0","0","0","0","0","0","0","0","0","0","0","0","0","0","0","0","0","1","14","0","0","0","19","0","0","0","0","0","0","0","0","0","0","0","0","0","0","0","0","0","19"
"0x7052a1774b20","      F2FP.F16.F32.PACK_AB R55, R200, R199","35","16","35","270336","8650752","8650752","32","32","0","-","-","-","0","0","0","0","0","0","0","0","-","0","0","0","0","0","0","0","0","0","0","0","0","0","0","0","0","0","0","0","18","0","0","0","17","0","0","0","0","0","0","0","0","0","0","0","0","0","0","0","0","0","16"
"0x7052a1774b30","      FMUL R199, R152, R160","16","0","16","270336","8650752","8650752","32","32","0","-","-","-","0","0","0","0","0","0","0","0","-","0","0","0","0","0","0","0","0","0","0","0","0","0","0","0","0","0","0","0","16","0","0","0","0","0","0","0","0","0","0","0","0","0","0","0","0","0","0","0","0","0","0"
"0x7052a1774b40","      F2FP.F16.F32.PACK_AB R53, R202, R201","22","0","22","270336","8650752","8650752","32","32","0","-","-","-","0","0","0","0","0","0","0","0","-","0","0","0","0","0","0","0","0","0","0","0","0","0","0","0","0","0","0","0","22","0","0","0","0","0","0","0","0","0","0","0","0","0","0","0","0","0","0","0","0","0","0"
"0x7052a1774b50","      FMUL R200, R152, R161","21","0","21","270336","8650752","8650752","32","32","0","-","-","-","0","0","0","0","0","0","0","0","-","0","0","0","0","0","0","0","0","0","0","0","0","0","0","0","0","0","0","0","21","0","0","0","0","0","0","0","0","0","0","0","0","0","0","0","0","0","0","0","0","0","0"
"0x7052a1774b60","      F2FP.F16.F32.PACK_AB R52, R204, R203","8","0","8","270336","8650752","8650752","32","32","0","-","-","-","0","0","0","0","0","0","0","0","-","0","0","0","0","0","0","0","0","0","0","0","0","0","0","0","0","0","0","0","8","0","0","0","0","0","0","0","0","0","0","0","0","0","0","0","0","0","0","0","0","0","0"
"0x7052a1774b70","      FMUL R201, R153, R158","10","0","10","270336","8650752","8650752","32","32","0","-","-","-","0","0","0","0","0","0","0","0","-","0","0","0","0","0","0","0","0","0","0","0","0","0","0","0","0","0","0","0","10","0","0","0","0","0","0","0","0","0","0","0","0","0","0","0","0","0","0","0","0","0","0"
"0x7052a1774b80","      FMUL R202, R153, R159","26","0","26","270336","8650752","8650752","32","32","0","-","-","-","0","0","0","0","0","0","0","0","-","0","0","0","0","0","0","0","0","4","0","0","0","0","0","0","0","0","0","0","22","0","0","0","0","0","0","0","0","0","0","0","0","0","0","0","0","0","0","0","0","0","0"
"0x7052a1774b90","      FMUL R203, R152, R158","19","0","19","270336","8650752","8650752","32","32","0","-","-","-","0","0","0","0","0","0","0","0","-","0","0","0","0","0","0","0","0","0","0","0","0","0","0","0","0","0","0","0","19","0","0","0","0","0","0","0","0","0","0","0","0","0","0","0","0","0","0","0","0","0","0"
"0x7052a1774ba0","      FMUL R204, R152, R159","20","0","20","270336","8650752","8650752","32","32","0","-","-","-","0","0","0","0","0","0","0","0","-","0","0","0","0","0","0","0","0","1","0","0","0","0","0","0","0","0","0","0","19","0","0","0","0","0","0","0","0","0","0","0","0","0","0","0","0","0","0","0","0","0","0"
"0x7052a1774bb0","      F2FP.F16.F32.PACK_AB R209, R200, R199","17","0","17","270336","8650752","8650752","32","32","0","-","-","-","0","0","0","0","0","0","0","0","-","0","0","0","0","0","0","0","0","1","0","0","0","0","0","0","0","0","0","0","16","0","0","0","0","0","0","0","0","0","0","0","0","0","0","0","0","0","0","0","0","0","0"
"0x7052a1774bc0","      HFMA2 R59, R34, R51, R59","12","0","12","270336","8650752","8650752","32","32","0","-","-","-","0","0","0","0","0","0","0","0","-","0","0","0","0","0","0","0","0","1","0","0","0","0","0","0","0","0","0","0","11","0","0","0","0","0","0","0","0","0","0","0","0","0","0","0","0","0","0","0","0","0","0"
"0x7052a1774bd0","      LOP3.LUT R213, R39, 0xffff, RZ, 0xc0, !PT","17","0","17","270336","8650752","8650752","32","32","0","-","-","-","0","0","0","0","0","0","0","0","-","0","0","0","0","0","0","0","0","0","0","0","0","0","0","0","0","0","0","0","17","0","0","0","0","0","0","0","0","0","0","0","0","0","0","0","0","0","0","0","0","0","0"
"0x7052a1774be0","      HFMA2 R58, R33, R198, R58","16","0","16","270336","8650752","8650752","32","32","0","-","-","-","0","0","0","0","0","0","0","0","-","0","0","0","0","0","0","0","0","0","0","0","0","0","0","0","0","0","0","0","16","0","0","0","0","0","0","0","0","0","0","0","0","0","0","0","0","0","0","0","0","0","0"
"0x7052a1774bf0","      F2FP.F16.F32.PACK_AB R202, R202, R201","14","0","14","270336","8650752","8650752","32","32","0","-","-","-","0","0","0","0","0","0","0","0","-","0","0","0","0","0","0","0","0","0","0","0","0","0","0","0","0","0","0","0","14","0","0","0","0","0","0","0","0","0","0","0","0","0","0","0","0","0","0","0","0","0","0"
"0x7052a1774c00","      HFMA2 R57, R32, R55, R57","13","0","13","270336","8650752","8650752","32","32","0","-","-","-","0","0","0","0","0","0","0","0","-","0","0","0","0","0","0","0","0","0","0","0","0","0","0","0","0","0","0","0","13","0","0","0","0","0","0","0","0","0","0","0","0","0","0","0","0","0","0","0","0","0","0"
"0x7052a1774c10","      PRMT R39, R39, 0x7732, RZ","13","0","13","270336","8650752","8650752","32","32","0","-","-","-","0","0","0","0","0","0","0","0","-","0","0","0","0","0","0","0","0","0","0","0","0","0","0","0","0","0","0","0","13","0","0","0","0","0","0","0","0","0","0","0","0","0","0","0","0","0","0","0","0","0","0"
"0x7052a1774c20","      HFMA2 R56, R31, R53, R56","20","0","20","270336","8650752","8650752","32","32","0","-","-","-","0","0","0","0","0","0","0","0","-","0","0","0","0","0","0","0","0","0","0","0","0","0","0","0","0","0","0","0","20","0","0","0","0","0","0","0","0","0","0","0","0","0","0","0","0","0","0","0","0","0","0"
"0x7052a1774c30","      LOP3.LUT R214, R40, 0xffff, RZ, 0xc0, !PT","24","0","24","270336","8650752","8650752","32","32","0","-","-","-","0","0","0","0","0","0","0","0","-","0","0","0","0","0","0","0","0","0","0","0","0","0","0","0","0","0","0","0","24","0","0","0","0","0","0","0","0","0","0","0","0","0","0","0","0","0","0","0","0","0","0"
"0x7052a1774c40","      HFMA2 R63, R30, R52, R63","13","0","13","270336","8650752","8650752","32","32","0","-","-","-","0","0","0","0","0","0","0","0","-","0","0","0","0","0","0","0","0","0","0","0","0","0","0","0","0","0","0","0","13","0","0","0","0","0","0","0","0","0","0","0","0","0","0","0","0","0","0","0","0","0","0"
"0x7052a1774c50","      F2FP.F16.F32.PACK_AB R201, R204, R203","41","0","41","270336","8650752","8650752","32","32","0","-","-","-","0","0","0","0","0","0","0","0","-","0","0","0","0","0","0","0","0","22","0","0","0","0","0","0","0","0","0","0","19","0","0","0","0","0","0","0","0","0","0","0","0","0","0","0","0","0","0","0","0","0","0"
"0x7052a1774c60","      FMUL R204, R153, R154","15","0","15","270336","8650752","8650752","32","32","0","-","-","-","0","0","0","0","0","0","0","0","-","0","0","0","0","0","0","0","0","0","0","0","0","0","0","0","0","0","0","0","15","0","0","0","0","0","0","0","0","0","0","0","0","0","0","0","0","0","0","0","0","0","0"
"0x7052a1774c70","      F2FP.F16.F32.PACK_AB R200, R206, R205","35","0","35","270336","8650752","8650752","32","32","0","-","-","-","0","0","0","0","0","0","0","0","-","0","0","0","0","0","0","0","0","16","0","0","0","0","0","0","0","0","0","0","19","0","0","0","0","0","0","0","0","0","0","0","0","0","0","0","0","0","0","0","0","0","0"
"0x7052a1774c80","      FMUL R205, R153, R155","22","0","22","270336","8650752","8650752","32","32","0","-","-","-","0","0","0","0","0","0","0","0","-","0","0","0","0","0","0","0","0","0","0","0","0","0","0","0","0","0","0","0","22","0","0","0","0","0","0","0","0","0","0","0","0","0","0","0","0","0","0","0","0","0","0"
"0x7052a1774c90","      PRMT R40, R40, 0x7732, RZ","19","0","19","270336","8650752","8650752","32","32","0","-","-","-","0","0","0","0","0","0","0","0","-","0","0","0","0","0","0","0","0","0","0","0","0","0","0","0","0","0","0","0","19","0","0","0","0","0","0","0","0","0","0","0","0","0","0","0","0","0","0","0","0","0","0"
"0x7052a1774ca0","      IMAD.MOV.U32 R203, RZ, RZ, R209","14","0","14","270336","8650752","8650752","32","32","0","-","-","-","0","0","0","0","0","0","0","0","-","0","0","0","0","0","0","0","0","0","0","0","0","0","0","0","0","0","0","0","14","0","0","0","0","0","0","0","0","0","0","0","0","0","0","0","0","0","0","0","0","0","0"
"0x7052a1774cb0","      PRMT R35, R210, 0x5410, R36","14","0","14","270336","8650752","8650752","32","32","0","-","-","-","0","0","0","0","0","0","0","0","-","0","0","0","0","0","0","0","0","0","0","0","0","0","0","0","0","0","0","0","14","0","0","0","0","0","0","0","0","0","0","0","0","0","0","0","0","0","0","0","0","0","0"
"0x7052a1774cc0","      FMUL R206, R152, R154","22","0","22","270336","8650752","8650752","32","32","0","-","-","-","0","0","0","0","0","0","0","0","-","0","0","0","0","0","0","0","0","0","0","0","0","0","0","0","0","0","0","0","22","0","0","0","0","0","0","0","0","0","0","0","0","0","0","0","0","0","0","0","0","0","0"
"0x7052a1774cd0","      PRMT R36, R211, 0x5410, R37","18","0","18","270336","8650752","8650752","32","32","0","-","-","-","0","0","0","0","0","0","0","0","-","0","0","0","0","0","0","0","0","0","0","0","0","0","0","0","0","0","0","0","18","0","0","0","0","0","0","0","0","0","0","0","0","0","0","0","0","0","0","0","0","0","0"
"0x7052a1774ce0","      FMUL R210, R152, R174","11","0","11","270336","8650752","8650752","32","32","0","-","-","-","0","0","0","0","0","0","0","0","-","0","0","0","0","0","0","0","0","0","0","0","0","0","0","0","0","0","0","0","11","0","0","0","0","0","0","0","0","0","0","0","0","0","0","0","0","0","0","0","0","0","0"
"0x7052a1774cf0","      F2FP.F16.F32.PACK_AB R199, R208, R207","12","0","12","270336","8650752","8650752","32","32","0","-","-","-","0","0","0","0","0","0","0","0","-","0","0","0","0","0","0","0","0","0","0","0","0","0","0","0","0","0","0","0","12","0","0","0","0","0","0","0","0","0","0","0","0","0","0","0","0","0","0","0","0","0","0"
"0x7052a1774d00","      FMUL R207, R152, R155","12","0","12","270336","8650752","8650752","32","32","0","-","-","-","0","0","0","0","0","0","0","0","-","0","0","0","0","0","0","0","0","0","0","0","0","0","0","0","0","0","0","0","12","0","0","0","0","0","0","0","0","0","0","0","0","0","0","0","0","0","0","0","0","0","0"
"0x7052a1774d10","      PRMT R37, R212, 0x5410, R38","14","0","14","270336","8650752","8650752","32","32","0","-","-","-","0","0","0","0","0","0","0","0","-","0","0","0","0","0","0","0","0","0","0","0","0","0","0","0","0","0","0","0","14","0","0","0","0","0","0","0","0","0","0","0","0","0","0","0","0","0","0","0","0","0","0"
"0x7052a1774d20","      FMUL R208, R153, R174","12","0","12","270336","8650752","8650752","32","32","0","-","-","-","0","0","0","0","0","0","0","0","-","0","0","0","0","0","0","0","0","0","0","0","0","0","0","0","0","0","0","0","12","0","0","0","0","0","0","0","0","0","0","0","0","0","0","0","0","0","0","0","0","0","0"
"0x7052a1774d30","      LOP3.LUT R215, R41, 0xffff, RZ, 0xc0, !PT","20","0","20","270336","8650752","8650752","32","32","0","-","-","-","0","0","0","0","0","0","0","0","-","0","0","0","0","0","0","0","0","0","0","0","0","0","0","0","0","0","0","0","20","0","0","0","0","0","0","0","0","0","0","0","0","0","0","0","0","0","0","0","0","0","0"
"0x7052a1774d40","      FMUL R209, R153, R175","14","0","14","270336","8650752","8650752","32","32","0","-","-","-","0","0","0","0","0","0","0","0","-","0","0","0","0","0","0","0","0","0","0","0","0","0","0","0","0","0","0","0","14","0","0","0","0","0","0","0","0","0","0","0","0","0","0","0","0","0","0","0","0","0","0"
"0x7052a1774d50","      PRMT R38, R213, 0x5410, R39","23","0","23","270336","8650752","8650752","32","32","0","-","-","-","0","0","0","0","0","0","0","0","-","0","0","0","0","0","0","0","0","0","0","0","0","0","0","0","0","0","0","0","23","0","0","0","0","0","0","0","0","0","0","0","0","0","0","0","0","0","0","0","0","0","0"
"0x7052a1774d60","      FMUL R211, R152, R175","33","0","33","270336","8650752","8650752","32","32","0","-","-","-","0","0","0","0","0","0","0","0","-","0","0","0","0","0","0","0","0","13","0","0","0","0","0","0","0","0","0","0","20","0","0","0","0","0","0","0","0","0","0","0","0","0","0","0","0","0","0","0","0","0","0"
"0x7052a1774d70","      PRMT R41, R41, 0x7732, RZ","13","0","13","270336","8650752","8650752","32","32","0","-","-","-","0","0","0","0","0","0","0","0","-","0","0","0","0","0","0","0","0","0","0","0","0","0","0","0","0","0","0","0","13","0","0","0","0","0","0","0","0","0","0","0","0","0","0","0","0","0","0","0","0","0","0"
"0x7052a1774d80","      FMUL R212, R153, R176","18","0","18","270336","8650752","8650752","32","32","0","-","-","-","0","0","0","0","0","0","0","0","-","0","0","0","0","0","0","0","0","1","0","0","0","0","0","0","0","0","0","1","16","0","0","0","0","0","0","0","0","0","0","0","0","0","0","0","0","0","0","0","0","0","0"
"0x7052a1774d90","      LOP3.LUT R216, R42, 0xffff, RZ, 0xc0, !PT","18","0","18","270336","8650752","8650752","32","32","0","-","-","-","0","0","0","0","0","0","0","0","-","0","0","0","0","0","0","0","0","0","0","0","0","0","0","0","0","0","0","0","18","0","0","0","0","0","0","0","0","0","0","0","0","0","0","0","0","0","0","0","0","0","0"
"0x7052a1774da0","      FMUL R213, R153, R177","35","0","35","270336","8650752","8650752","32","32","0","-","-","-","0","0","0","0","0","0","0","0","-","0","0","0","0","0","0","0","0","20","0","0","0","0","0","0","0","0","0","0","15","0","0","0","0","0","0","0","0","0","0","0","0","0","0","0","0","0","0","0","0","0","0"
"0x7052a1774db0","      PRMT R39, R214, 0x5410, R40","17","0","17","270336","8650752","8650752","32","32","0","-","-","-","0","0","0","0","0","0","0","0","-","0","0","0","0","0","0","0","0","0","0","0","0","0","0","0","0","0","0","0","17","0","0","0","0","0","0","0","0","0","0","0","0","0","0","0","0","0","0","0","0","0","0"
"0x7052a1774dc0","      HFMA2 R21, R36, R2, R21","10","0","10","270336","8650752","8650752","32","32","0","-","-","-","0","0","0","0","0","0","0","0","-","0","0","0","0","0","0","0","0","0","0","0","0","0","0","0","0","0","0","0","10","0","0","0","0","0","0","0","0","0","0","0","0","0","0","0","0","0","0","0","0","0","0"
"0x7052a1774dd0","      PRMT R42, R42, 0x7732, RZ","16","0","16","270336","8650752","8650752","32","32","0","-","-","-","0","0","0","0","0","0","0","0","-","0","0","0","0","0","0","0","0","0","0","0","0","0","0","0","0","0","0","0","16","0","0","0","0","0","0","0","0","0","0","0","0","0","0","0","0","0","0","0","0","0","0"
"0x7052a1774de0","      HFMA2 R20, R35, R3, R20","14","0","14","270336","8650752","8650752","32","32","0","-","-","-","0","0","0","0","0","0","0","0","-","0","0","0","0","0","0","0","0","0","0","0","0","0","0","0","0","0","0","0","14","0","0","0","0","0","0","0","0","0","0","0","0","0","0","0","0","0","0","0","0","0","0"
"0x7052a1774df0","      LOP3.LUT R217, R43, 0xffff, RZ, 0xc0, !PT","15","0","15","270336","8650752","8650752","32","32","0","-","-","-","0","0","0","0","0","0","0","0","-","0","0","0","0","0","0","0","0","0","0","0","0","0","0","0","0","0","0","0","15","0","0","0","0","0","0","0","0","0","0","0","0","0","0","0","0","0","0","0","0","0","0"
"0x7052a1774e00","      HFMA2 R62, R29, R203, R62","26","0","26","270336","8650752","8650752","32","32","0","-","-","-","0","0","0","0","0","0","0","0","-","0","0","0","0","0","0","0","0","0","0","0","0","0","0","0","0","0","1","2","23","0","0","0","0","0","0","0","0","0","0","0","0","0","0","0","0","0","0","0","0","0","0"
"0x7052a1774e10","      F2FP.F16.F32.PACK_AB R214, R205, R204","16","0","16","270336","8650752","8650752","32","32","0","-","-","-","0","0","0","0","0","0","0","0","-","0","0","0","0","0","0","0","0","0","0","0","0","0","0","0","0","0","0","0","16","0","0","0","0","0","0","0","0","0","0","0","0","0","0","0","0","0","0","0","0","0","0"
"0x7052a1774e20","      HFMA2 R61, R28, R202, R61","23","0","23","270336","8650752","8650752","32","32","0","-","-","-","0","0","0","0","0","0","0","0","-","0","0","0","0","0","0","0","0","0","0","0","0","0","0","0","0","0","0","0","23","0","0","0","0","0","0","0","0","0","0","0","0","0","0","0","0","0","0","0","0","0","0"
"0x7052a1774e30","      PRMT R43, R43, 0x7732, RZ","12","0","12","270336","8650752","8650752","32","32","0","-","-","-","0","0","0","0","0","0","0","0","-","0","0","0","0","0","0","0","0","0","0","0","0","0","0","0","0","0","0","0","12","0","0","0","0","0","0","0","0","0","0","0","0","0","0","0","0","0","0","0","0","0","0"
"0x7052a1774e40","      HFMA2 R60, R27, R201, R60","14","0","14","270336","8650752","8650752","32","32","0","-","-","-","0","0","0","0","0","0","0","0","-","0","0","0","0","0","0","0","0","0","0","0","0","0","0","0","0","0","0","0","14","0","0","0","0","0","0","0","0","0","0","0","0","0","0","0","0","0","0","0","0","0","0"
"0x7052a1774e50","      LOP3.LUT R218, R44, 0xffff, RZ, 0xc0, !PT","37","0","37","270336","8650752","8650752","32","32","0","-","-","-","0","0","0","0","0","0","0","0","-","0","0","0","0","0","0","0","0","20","0","0","0","0","0","0","0","0","0","0","17","0","0","0","0","0","0","0","0","0","0","0","0","0","0","0","0","0","0","0","0","0","0"
"0x7052a1774e60","      HFMA2 R67, R26, R200, R67","10","0","10","270336","8650752","8650752","32","32","0","-","-","-","0","0","0","0","0","0","0","0","-","0","0","0","0","0","0","0","0","0","0","0","0","0","0","0","0","0","0","0","10","0","0","0","0","0","0","0","0","0","0","0","0","0","0","0","0","0","0","0","0","0","0"
"0x7052a1774e70","      PRMT R44, R44, 0x7732, RZ","17","0","17","270336","8650752","8650752","32","32","0","-","-","-","0","0","0","0","0","0","0","0","-","0","0","0","0","0","0","0","0","0","0","0","0","0","0","0","0","0","0","0","17","0","0","0","0","0","0","0","0","0","0","0","0","0","0","0","0","0","0","0","0","0","0"
"0x7052a1774e80","      HFMA2 R66, R25, R199, R66","19","0","19","270336","8650752","8650752","32","32","0","-","-","-","0","0","0","0","0","0","0","0","-","0","0","0","0","0","0","0","0","0","0","0","0","0","1","0","0","0","1","0","17","0","0","0","0","0","0","0","0","0","0","0","0","0","0","0","0","0","0","0","0","0","0"
"0x7052a1774e90","      F2FP.F16.F32.PACK_AB R207, R207, R206","27","0","27","270336","8650752","8650752","32","32","0","-","-","-","0","0","0","0","0","0","0","0","-","0","0","0","0","0","0","0","0","11","0","0","0","0","0","0","0","0","0","0","16","0","0","0","0","0","0","0","0","0","0","0","0","0","0","0","0","0","0","0","0","0","0"
"0x7052a1774ea0","      LOP3.LUT R219, R45, 0xffff, RZ, 0xc0, !PT","428","22","428","270336","8650752","8650752","32","32","0","-","-","-","0","0","0","0","0","0","0","0","-","0","0","0","0","0","0","0","0","12","0","0","0","0","177","0","0","0","0","204","19","0","0","0","16","0","0","0","0","0","0","0","16","0","0","0","0","0","0","0","0","0","6"
"0x7052a1774eb0","      PRMT R40, R215, 0x5410, R41","52","4","52","270336","8650752","8650752","32","32","0","-","-","-","0","0","0","0","0","0","0","0","-","0","0","0","0","0","0","0","0","0","0","0","0","0","0","0","0","0","0","15","17","0","0","0","20","0","0","0","0","0","0","0","0","0","0","0","0","0","0","0","0","0","4"
"0x7052a1774ec0","      FMUL R215, R153, R180","16","0","16","270336","8650752","8650752","32","32","0","-","-","-","0","0","0","0","0","0","0","0","-","0","0","0","0","0","0","0","0","0","0","0","0","0","0","0","0","0","0","0","16","0","0","0","0","0","0","0","0","0","0","0","0","0","0","0","0","0","0","0","0","0","0"
"0x7052a1774ed0","      F2FP.F16.F32.PACK_AB R206, R209, R208","16","0","16","270336","8650752","8650752","32","32","0","-","-","-","0","0","0","0","0","0","0","0","-","0","0","0","0","0","0","0","0","0","0","0","0","0","0","0","0","0","0","0","16","0","0","0","0","0","0","0","0","0","0","0","0","0","0","0","0","0","0","0","0","0","0"
"0x7052a1774ee0","      FMUL R209, R152, R176","16","0","16","270336","8650752","8650752","32","32","0","-","-","-","0","0","0","0","0","0","0","0","-","0","0","0","0","0","0","0","0","0","0","0","0","0","0","0","0","0","0","0","16","0","0","0","0","0","0","0","0","0","0","0","0","0","0","0","0","0","0","0","0","0","0"
"0x7052a1774ef0","      F2FP.F16.F32.PACK_AB R205, R211, R210","11","0","11","270336","8650752","8650752","32","32","0","-","-","-","0","0","0","0","0","0","0","0","-","0","0","0","0","0","0","0","0","0","0","0","0","0","0","0","0","0","0","0","11","0","0","0","0","0","0","0","0","0","0","0","0","0","0","0","0","0","0","0","0","0","0"
"0x7052a1774f00","      FMUL R210, R152, R177","26","0","26","270336","8650752","8650752","32","32","0","-","-","-","0","0","0","0","0","0","0","0","-","0","0","0","0","0","0","0","0","0","0","0","0","0","0","0","0","0","0","0","26","0","0","0","0","0","0","0","0","0","0","0","0","0","0","0","0","0","0","0","0","0","0"
"0x7052a1774f10","      PRMT R45, R45, 0x7732, RZ","12","0","12","270336","8650752","8650752","32","32","0","-","-","-","0","0","0","0","0","0","0","0","-","0","0","0","0","0","0","0","0","0","0","0","0","0","0","0","0","0","0","0","12","0","0","0","0","0","0","0","0","0","0","0","0","0","0","0","0","0","0","0","0","0","0"
"0x7052a1774f20","      IMAD.MOV.U32 R208, RZ, RZ, R214","16","0","16","270336","8650752","8650752","32","32","0","-","-","-","0","0","0","0","0","0","0","0","-","0","0","0","0","0","0","0","0","0","0","0","0","0","0","0","0","0","0","0","16","0","0","0","0","0","0","0","0","0","0","0","0","0","0","0","0","0","0","0","0","0","0"
"0x7052a1774f30","      LOP3.LUT R220, R46, 0xffff, RZ, 0xc0, !PT","21","0","21","270336","8650752","8650752","32","32","0","-","-","-","0","0","0","0","0","0","0","0","-","0","0","0","0","0","0","0","0","0","0","0","0","0","0","0","0","0","0","0","21","0","0","0","0","0","0","0","0","0","0","0","0","0","0","0","0","0","0","0","0","0","0"
"0x7052a1774f40","      FMUL R211, R153, R178","13","0","13","270336","8650752","8650752","32","32","0","-","-","-","0","0","0","0","0","0","0","0","-","0","0","0","0","0","0","0","0","0","0","0","0","0","0","0","0","0","0","0","13","0","0","0","0","0","0","0","0","0","0","0","0","0","0","0","0","0","0","0","0","0","0"
"0x7052a1774f50","      PRMT R41, R216, 0x5410, R42","19","0","19","270336","8650752","8650752","32","32","0","-","-","-","0","0","0","0","0","0","0","0","-","0","0","0","0","0","0","0","0","0","0","0","0","0","0","0","0","0","0","0","19","0","0","0","0","0","0","0","0","0","0","0","0","0","0","0","0","0","0","0","0","0","0"
"0x7052a1774f60","      FMUL R214, R152, R179","17","0","17","270336","8650752","8650752","32","32","0","-","-","-","0","0","0","0","0","0","0","0","-","0","0","0","0","0","0","0","0","0","0","0","0","0","0","0","0","0","0","0","17","0","0","0","0","0","0","0","0","0","0","0","0","0","0","0","0","0","0","0","0","0","0"
"0x7052a1774f70","      F2FP.F16.F32.PACK_AB R204, R213, R212","20","0","20","270336","8650752","8650752","32","32","0","-","-","-","0","0","0","0","0","0","0","0","-","0","0","0","0","0","0","0","0","0","0","0","0","0","0","0","0","0","0","0","20","0","0","0","0","0","0","0","0","0","0","0","0","0","0","0","0","0","0","0","0","0","0"
"0x7052a1774f80","      FMUL R212, R153, R179","13","0","13","270336","8650752","8650752","32","32","0","-","-","-","0","0","0","0","0","0","0","0","-","0","0","0","0","0","0","0","0","0","0","0","0","0","0","0","0","0","0","0","13","0","0","0","0","0","0","0","0","0","0","0","0","0","0","0","0","0","0","0","0","0","0"
"0x7052a1774f90","      PRMT R46, R46, 0x7732, RZ","16","0","16","270336","8650752","8650752","32","32","0","-","-","-","0","0","0","0","0","0","0","0","-","0","0","0","0","0","0","0","0","0","0","0","0","0","0","0","0","0","0","0","16","0","0","0","0","0","0","0","0","0","0","0","0","0","0","0","0","0","0","0","0","0","0"
"0x7052a1774fa0","      FMUL R213, R152, R178","20","0","20","270336","8650752","8650752","32","32","0","-","-","-","0","0","0","0","0","0","0","0","-","0","0","0","0","0","0","0","0","0","0","0","0","0","0","0","0","0","0","0","20","0","0","0","0","0","0","0","0","0","0","0","0","0","0","0","0","0","0","0","0","0","0"
"0x7052a1774fb0","      LOP3.LUT R221, R47, 0xffff, RZ, 0xc0, !PT","24","0","24","270336","8650752","8650752","32","32","0","-","-","-","0","0","0","0","0","0","0","0","-","0","0","0","0","0","0","0","0","0","0","0","0","0","0","0","0","0","0","0","24","0","0","0","0","0","0","0","0","0","0","0","0","0","0","0","0","0","0","0","0","0","0"
"0x7052a1774fc0","      FMUL R216, R153, R181","18","0","18","270336","8650752","8650752","32","32","0","-","-","-","0","0","0","0","0","0","0","0","-","0","0","0","0","0","0","0","0","0","0","0","0","0","0","0","0","0","0","0","18","0","0","0","0","0","0","0","0","0","0","0","0","0","0","0","0","0","0","0","0","0","0"
"0x7052a1774fd0","      PRMT R42, R217, 0x5410, R43","13","0","13","270336","8650752","8650752","32","32","0","-","-","-","0","0","0","0","0","0","0","0","-","0","0","0","0","0","0","0","0","0","0","0","0","0","0","0","0","0","0","0","13","0","0","0","0","0","0","0","0","0","0","0","0","0","0","0","0","0","0","0","0","0","0"
"0x7052a1774fe0","      FMUL R217, R152, R180","18","0","18","270336","8650752","8650752","32","32","0","-","-","-","0","0","0","0","0","0","0","0","-","0","0","0","0","0","0","0","0","0","0","0","0","0","0","0","0","0","0","0","18","0","0","0","0","0","0","0","0","0","0","0","0","0","0","0","0","0","0","0","0","0","0"
"0x7052a1774ff0","      PRMT R47, R47, 0x7732, RZ","13","0","13","270336","8650752","8650752","32","32","0","-","-","-","0","0","0","0","0","0","0","0","-","0","0","0","0","0","0","0","0","0","0","0","0","0","0","0","0","0","0","0","13","0","0","0","0","0","0","0","0","0","0","0","0","0","0","0","0","0","0","0","0","0","0"
"0x7052a1775000","      HFMA2 R65, R24, R208, R65","18","0","18","270336","8650752","8650752","32","32","0","-","-","-","0","0","0","0","0","0","0","0","-","0","0","0","0","0","0","0","0","0","0","0","0","0","0","0","0","0","0","0","18","0","0","0","0","0","0","0","0","0","0","0","0","0","0","0","0","0","0","0","0","0","0"
"0x7052a1775010","      LOP3.LUT R222, R48, 0xffff, RZ, 0xc0, !PT","19","0","19","270336","8650752","8650752","32","32","0","-","-","-","0","0","0","0","0","0","0","0","-","0","0","0","0","0","0","0","0","0","0","0","0","0","0","0","0","0","0","0","19","0","0","0","0","0","0","0","0","0","0","0","0","0","0","0","0","0","0","0","0","0","0"
"0x7052a1775020","      HFMA2 R64, R231, R207, R64","12","0","12","270336","8650752","8650752","32","32","0","-","-","-","0","0","0","0","0","0","0","0","-","0","0","0","0","0","0","0","0","0","0","0","0","0","0","0","0","0","0","0","12","0","0","0","0","0","0","0","0","0","0","0","0","0","0","0","0","0","0","0","0","0","0"
"0x7052a1775030","      PRMT R43, R218, 0x5410, R44","24","0","24","270336","8650752","8650752","32","32","0","-","-","-","0","0","0","0","0","0","0","0","-","0","0","0","0","0","0","0","0","0","0","0","0","0","0","0","0","0","0","0","24","0","0","0","0","0","0","0","0","0","0","0","0","0","0","0","0","0","0","0","0","0","0"
"0x7052a1775040","      FMUL R218, R152, R181","13","0","13","270336","8650752","8650752","32","32","0","-","-","-","0","0","0","0","0","0","0","0","-","0","0","0","0","0","0","0","0","0","0","0","0","0","0","0","0","0","0","0","13","0","0","0","0","0","0","0","0","0","0","0","0","0","0","0","0","0","0","0","0","0","0"
"0x7052a1775050","      PRMT R48, R48, 0x7732, RZ","18","0","18","270336","8650752","8650752","32","32","0","-","-","-","0","0","0","0","0","0","0","0","-","0","0","0","0","0","0","0","0","0","0","0","0","0","0","0","0","0","0","0","18","0","0","0","0","0","0","0","0","0","0","0","0","0","0","0","0","0","0","0","0","0","0"
"0x7052a1775060","      HFMA2 R23, R38, R206, R23","16","0","16","270336","8650752","8650752","32","32","0","-","-","-","0","0","0","0","0","0","0","0","-","0","0","0","0","0","0","0","0","0","0","0","0","0","0","0","0","0","0","0","16","0","0","0","0","0","0","0","0","0","0","0","0","0","0","0","0","0","0","0","0","0","0"
"0x7052a1775070","      LOP3.LUT R223, R49, 0xffff, RZ, 0xc0, !PT","17","0","17","270336","8650752","8650752","32","32","0","-","-","-","0","0","0","0","0","0","0","0","-","0","0","0","0","0","0","0","0","0","0","0","0","0","0","0","0","0","0","0","17","0","0","0","0","0","0","0","0","0","0","0","0","0","0","0","0","0","0","0","0","0","0"
"0x7052a1775080","      HFMA2 R22, R37, R205, R22","41","0","41","270336","8650752","8650752","32","32","0","-","-","-","0","0","0","0","0","0","0","0","-","0","0","0","0","0","0","0","0","12","0","0","0","0","0","0","0","0","1","1","27","0","0","0","0","0","0","0","0","0","0","0","0","0","0","0","0","0","0","0","0","0","0"
"0x7052a1775090","      PRMT R49, R49, 0x7732, RZ","18","0","18","270336","8650752","8650752","32","32","0","-","-","-","0","0","0","0","0","0","0","0","-","0","0","0","0","0","0","0","0","0","0","0","0","0","0","0","0","0","0","0","18","0","0","0","0","0","0","0","0","0","0","0","0","0","0","0","0","0","0","0","0","0","0"
"0x7052a17750a0","      HFMA2 R17, R40, R204, R17","11","0","11","270336","8650752","8650752","32","32","0","-","-","-","0","0","0","0","0","0","0","0","-","0","0","0","0","0","0","0","0","0","0","0","0","0","0","0","0","0","0","0","11","0","0","0","0","0","0","0","0","0","0","0","0","0","0","0","0","0","0","0","0","0","0"
"0x7052a17750b0","      PRMT R44, R219, 0x5410, R45","35","0","35","270336","8650752","8650752","32","32","0","-","-","-","0","0","0","0","0","0","0","0","-","0","0","0","0","0","0","0","0","17","0","0","0","0","0","0","0","0","0","0","18","0","0","0","0","0","0","0","0","0","0","0","0","0","0","0","0","0","0","0","0","0","0"
"0x7052a17750c0","      FMUL R219, R153, R185","16","0","16","270336","8650752","8650752","32","32","0","-","-","-","0","0","0","0","0","0","0","0","-","0","0","0","0","0","0","0","0","0","0","0","0","0","0","0","0","0","0","0","16","0","0","0","0","0","0","0","0","0","0","0","0","0","0","0","0","0","0","0","0","0","0"
"0x7052a17750d0","      PRMT R45, R220, 0x5410, R46","16","0","16","270336","8650752","8650752","32","32","0","-","-","-","0","0","0","0","0","0","0","0","-","0","0","0","0","0","0","0","0","0","0","0","0","0","0","0","0","0","0","0","16","0","0","0","0","0","0","0","0","0","0","0","0","0","0","0","0","0","0","0","0","0","0"
"0x7052a17750e0","      FMUL R220, R152, R184","23","0","23","270336","8650752","8650752","32","32","0","-","-","-","0","0","0","0","0","0","0","0","-","0","0","0","0","0","0","0","0","0","0","0","0","0","0","0","0","0","0","0","23","0","0","0","0","0","0","0","0","0","0","0","0","0","0","0","0","0","0","0","0","0","0"
"0x7052a17750f0","      F2FP.F16.F32.PACK_AB R209, R210, R209","25","0","25","270336","8650752","8650752","32","32","0","-","-","-","0","0","0","0","0","0","0","0","-","0","0","0","0","0","0","0","0","0","0","0","0","0","0","0","0","0","0","0","25","0","0","0","0","0","0","0","0","0","0","0","0","0","0","0","0","0","0","0","0","0","0"
"0x7052a1775100","      PRMT R46, R221, 0x5410, R47","667","36","667","270336","8650752","8650752","32","32","0","-","-","-","0","0","0","0","0","0","0","0","-","0","0","0","0","0","0","0","0","56","0","0","0","0","279","0","0","0","0","288","10","0","0","0","34","0","0","4","0","0","0","0","30","0","0","0","0","0","0","0","0","0","2"
"0x7052a1775110","      FMUL R221, R152, R185","22","0","22","270336","8650752","8650752","32","32","0","-","-","-","0","0","0","0","0","0","0","0","-","0","0","0","0","0","0","0","0","0","0","0","0","0","0","0","0","0","0","0","22","0","0","0","0","0","0","0","0","0","0","0","0","0","0","0","0","0","0","0","0","0","0"
"0x7052a1775120","      F2FP.F16.F32.PACK_AB R210, R212, R211","9","0","9","270336","8650752","8650752","32","32","0","-","-","-","0","0","0","0","0","0","0","0","-","0","0","0","0","0","0","0","0","0","0","0","0","0","0","0","0","0","0","0","9","0","0","0","0","0","0","0","0","0","0","0","0","0","0","0","0","0","0","0","0","0","0"
"0x7052a1775130","      HFMA2 R16, R39, R209, R16","19","0","19","270336","8650752","8650752","32","32","0","-","-","-","0","0","0","0","0","0","0","0","-","0","0","0","0","0","0","0","0","0","0","0","0","0","0","0","0","0","0","0","19","0","0","0","0","0","0","0","0","0","0","0","0","0","0","0","0","0","0","0","0","0","0"
"0x7052a1775140","      PRMT R47, R222, 0x5410, R48","17","0","17","270336","8650752","8650752","32","32","0","-","-","-","0","0","0","0","0","0","0","0","-","0","0","0","0","0","0","0","0","0","0","0","0","0","0","0","0","0","0","0","17","0","0","0","0","0","0","0","0","0","0","0","0","0","0","0","0","0","0","0","0","0","0"
"0x7052a1775150","      FMUL R222, R153, R186","25","0","25","270336","8650752","8650752","32","32","0","-","-","-","0","0","0","0","0","0","0","0","-","0","0","0","0","0","0","0","0","0","0","0","0","0","0","0","0","0","0","0","25","0","0","0","0","0","0","0","0","0","0","0","0","0","0","0","0","0","0","0","0","0","0"
"0x7052a1775160","      F2FP.F16.F32.PACK_AB R211, R214, R213","11","0","11","270336","8650752","8650752","32","32","0","-","-","-","0","0","0","0","0","0","0","0","-","0","0","0","0","0","0","0","0","0","0","0","0","0","0","0","0","0","0","0","11","0","0","0","0","0","0","0","0","0","0","0","0","0","0","0","0","0","0","0","0","0","0"
"0x7052a1775170","      FMUL R214, R153, R182","22","0","22","270336","8650752","8650752","32","32","0","-","-","-","0","0","0","0","0","0","0","0","-","0","0","0","0","0","0","0","0","0","0","0","0","0","0","0","0","0","0","0","22","0","0","0","0","0","0","0","0","0","0","0","0","0","0","0","0","0","0","0","0","0","0"
"0x7052a1775180","      PRMT R48, R223, 0x5410, R49","20","0","20","270336","8650752","8650752","32","32","0","-","-","-","0","0","0","0","0","0","0","0","-","0","0","0","0","0","0","0","0","8","0","0","0","0","0","0","0","0","0","0","12","0","0","0","0","0","0","0","0","0","0","0","0","0","0","0","0","0","0","0","0","0","0"
"0x7052a1775190","      FMUL R223, R153, R187","16","0","16","270336","8650752","8650752","32","32","0","-","-","-","0","0","0","0","0","0","0","0","-","0","0","0","0","0","0","0","0","0","0","0","0","0","0","0","0","0","0","0","16","0","0","0","0","0","0","0","0","0","0","0","0","0","0","0","0","0","0","0","0","0","0"
"0x7052a17751a0","      F2FP.F16.F32.PACK_AB R212, R216, R215","18","0","18","270336","8650752","8650752","32","32","0","-","-","-","0","0","0","0","0","0","0","0","-","0","0","0","0","0","0","0","0","0","0","0","0","0","0","0","0","0","0","0","18","0","0","0","0","0","0","0","0","0","0","0","0","0","0","0","0","0","0","0","0","0","0"
"0x7052a17751b0","      FMUL R216, R152, R182","16","0","16","270336","8650752","8650752","32","32","0","-","-","-","0","0","0","0","0","0","0","0","-","0","0","0","0","0","0","0","0","0","0","0","0","0","0","0","0","0","0","0","16","0","0","0","0","0","0","0","0","0","0","0","0","0","0","0","0","0","0","0","0","0","0"
"0x7052a17751c0","      F2FP.F16.F32.PACK_AB R213, R218, R217","18","0","18","270336","8650752","8650752","32","32","0","-","-","-","0","0","0","0","0","0","0","0","-","0","0","0","0","0","0","0","0","0","0","0","0","0","0","0","0","0","0","0","18","0","0","0","0","0","0","0","0","0","0","0","0","0","0","0","0","0","0","0","0","0","0"
"0x7052a17751d0","      FMUL R218, R153, R184","10","0","10","270336","8650752","8650752","32","32","0","-","-","-","0","0","0","0","0","0","0","0","-","0","0","0","0","0","0","0","0","0","0","0","0","0","0","0","0","0","0","0","10","0","0","0","0","0","0","0","0","0","0","0","0","0","0","0","0","0","0","0","0","0","0"
"0x7052a17751e0","      FMUL R215, R153, R183","22","0","22","270336","8650752","8650752","32","32","0","-","-","-","0","0","0","0","0","0","0","0","-","0","0","0","0","0","0","0","0","0","0","0","0","0","0","0","0","0","0","0","22","0","0","0","0","0","0","0","0","0","0","0","0","0","0","0","0","0","0","0","0","0","0"
"0x7052a17751f0","      FMUL R217, R152, R183","22","0","22","270336","8650752","8650752","32","32","0","-","-","-","0","0","0","0","0","0","0","0","-","0","0","0","0","0","0","0","0","0","0","0","0","0","0","0","0","0","0","0","22","0","0","0","0","0","0","0","0","0","0","0","0","0","0","0","0","0","0","0","0","0","0"
"0x7052a1775200","      LOP3.LUT R224, R50, 0xffff, RZ, 0xc0, !PT","18","0","18","270336","8650752","8650752","32","32","0","-","-","-","0","0","0","0","0","0","0","0","-","0","0","0","0","0","0","0","0","0","0","0","0","0","0","0","0","0","0","0","18","0","0","0","0","0","0","0","0","0","0","0","0","0","0","0","0","0","0","0","0","0","0"
"0x7052a1775210","      HFMA2 R19, R42, R210, R19","19","0","19","270336","8650752","8650752","32","32","0","-","-","-","0","0","0","0","0","0","0","0","-","0","0","0","0","0","0","0","0","0","0","0","0","0","0","0","0","0","0","0","19","0","0","0","0","0","0","0","0","0","0","0","0","0","0","0","0","0","0","0","0","0","0"
"0x7052a1775220","      PRMT R50, R50, 0x7732, RZ","15","0","15","270336","8650752","8650752","32","32","0","-","-","-","0","0","0","0","0","0","0","0","-","0","0","0","0","0","0","0","0","0","0","0","0","0","0","0","0","0","0","0","15","0","0","0","0","0","0","0","0","0","0","0","0","0","0","0","0","0","0","0","0","0","0"
"0x7052a1775230","      HFMA2 R18, R41, R211, R18","25","0","25","270336","8650752","8650752","32","32","0","-","-","-","0","0","0","0","0","0","0","0","-","0","0","0","0","0","0","0","0","0","0","0","0","0","0","0","0","0","0","0","25","0","0","0","0","0","0","0","0","0","0","0","0","0","0","0","0","0","0","0","0","0","0"
"0x7052a1775240","      F2FP.F16.F32.PACK_AB R214, R215, R214","14","0","14","270336","8650752","8650752","32","32","0","-","-","-","0","0","0","0","0","0","0","0","-","0","0","0","0","0","0","0","0","0","0","0","0","0","0","0","0","0","0","0","14","0","0","0","0","0","0","0","0","0","0","0","0","0","0","0","0","0","0","0","0","0","0"
"0x7052a1775250","      FMUL R215, R152, R187","19","0","19","270336","8650752","8650752","32","32","0","-","-","-","0","0","0","0","0","0","0","0","-","0","0","0","0","0","0","0","0","0","0","0","0","0","0","0","0","0","0","0","19","0","0","0","0","0","0","0","0","0","0","0","0","0","0","0","0","0","0","0","0","0","0"
"0x7052a1775260","      F2FP.F16.F32.PACK_AB R216, R217, R216","13","0","13","270336","8650752","8650752","32","32","0","-","-","-","0","0","0","0","0","0","0","0","-","0","0","0","0","0","0","0","0","0","0","0","0","0","0","0","0","0","0","0","13","0","0","0","0","0","0","0","0","0","0","0","0","0","0","0","0","0","0","0","0","0","0"
"0x7052a1775270","      FMUL R217, R153, R189","17","0","17","270336","8650752","8650752","32","32","0","-","-","-","0","0","0","0","0","0","0","0","-","0","0","0","0","0","0","0","0","0","0","0","0","0","0","0","0","0","0","0","17","0","0","0","0","0","0","0","0","0","0","0","0","0","0","0","0","0","0","0","0","0","0"
"0x7052a1775280","      F2FP.F16.F32.PACK_AB R218, R219, R218","46","1","46","270336","8650752","8650752","32","32","0","-","-","-","0","0","0","0","0","0","0","0","-","0","0","0","0","0","0","0","0","4","0","0","0","0","12","0","0","0","2","16","12","0","0","0","0","0","0","0","0","0","0","0","0","0","0","0","1","0","0","0","0","0","0"
"0x7052a1775290","      FMUL R219, R152, R189","18","0","18","270336","8650752","8650752","32","32","0","-","-","-","0","0","0","0","0","0","0","0","-","0","0","0","0","0","0","0","0","0","0","0","0","0","0","0","0","0","0","0","18","0","0","0","0","0","0","0","0","0","0","0","0","0","0","0","0","0","0","0","0","0","0"
"0x7052a17752a0","      F2FP.F16.F32.PACK_AB R220, R221, R220","13","0","13","270336","8650752","8650752","32","32","0","-","-","-","0","0","0","0","0","0","0","0","-","0","0","0","0","0","0","0","0","0","0","0","0","0","0","0","0","0","0","0","13","0","0","0","0","0","0","0","0","0","0","0","0","0","0","0","0","0","0","0","0","0","0"
"0x7052a17752b0","      FMUL R221, R153, R191","20","0","20","270336","8650752","8650752","32","32","0","-","-","-","0","0","0","0","0","0","0","0","-","0","0","0","0","0","0","0","0","0","0","0","0","0","0","0","0","0","0","0","20","0","0","0","0","0","0","0","0","0","0","0","0","0","0","0","0","0","0","0","0","0","0"
"0x7052a17752c0","      F2FP.F16.F32.PACK_AB R222, R223, R222","38","0","38","270336","8650752","8650752","32","32","0","-","-","-","0","0","0","0","0","0","0","0","-","0","0","0","0","0","0","0","0","17","0","0","0","0","0","0","0","0","0","0","21","0","0","0","0","0","0","0","0","0","0","0","0","0","0","0","0","0","0","0","0","0","0"
"0x7052a17752d0","      FMUL R223, R152, R191","13","0","13","270336","8650752","8650752","32","32","0","-","-","-","0","0","0","0","0","0","0","0","-","0","0","0","0","0","0","0","0","0","0","0","0","0","0","0","0","0","0","0","13","0","0","0","0","0","0","0","0","0","0","0","0","0","0","0","0","0","0","0","0","0","0"
"0x7052a17752e0","      PLOP3.LUT P5, PT, PT, PT, UP0, 0x80, 0x0","14","0","14","270336","8650752","8650752","32","32","0","-","-","-","0","0","0","0","0","0","0","0","-","0","0","0","0","0","0","0","0","0","0","0","0","0","0","0","0","0","0","0","14","0","0","0","0","0","0","0","0","0","0","0","0","0","0","0","0","0","0","0","0","0","0"
"0x7052a17752f0","      HFMA2 R13, R44, R212, R13","14","0","14","270336","8650752","8650752","32","32","0","-","-","-","0","0","0","0","0","0","0","0","-","0","0","0","0","0","0","0","0","0","0","0","0","0","0","0","0","0","0","0","14","0","0","0","0","0","0","0","0","0","0","0","0","0","0","0","0","0","0","0","0","0","0"
"0x7052a1775300","      PRMT R49, R224, 0x5410, R50","29","0","29","270336","8650752","8650752","32","32","0","-","-","-","0","0","0","0","0","0","0","0","-","0","0","0","0","0","0","0","0","0","0","0","0","0","2","0","0","0","0","2","25","0","0","0","0","0","0","0","0","0","0","0","0","0","0","0","0","0","0","0","0","0","0"
"0x7052a1775310","      IMAD.MOV.U32 R224, RZ, RZ, R214","10","0","10","270336","8650752","8650752","32","32","0","-","-","-","0","0","0","0","0","0","0","0","-","0","0","0","0","0","0","0","0","0","0","0","0","0","0","0","0","0","0","0","10","0","0","0","0","0","0","0","0","0","0","0","0","0","0","0","0","0","0","0","0","0","0"
"0x7052a1775320","      PRMT R50, R225, 0x5410, R226","17","0","17","270336","8650752","8650752","32","32","0","-","-","-","0","0","0","0","0","0","0","0","-","0","0","0","0","0","0","0","0","0","0","0","0","0","0","0","0","0","0","0","17","0","0","0","0","0","0","0","0","0","0","0","0","0","0","0","0","0","0","0","0","0","0"
"0x7052a1775330","      IMAD.MOV.U32 R225, RZ, RZ, R216","18","0","18","270336","8650752","8650752","32","32","0","-","-","-","0","0","0","0","0","0","0","0","-","0","0","0","0","0","0","0","0","0","0","0","0","0","0","0","0","0","0","0","18","0","0","0","0","0","0","0","0","0","0","0","0","0","0","0","0","0","0","0","0","0","0"
"0x7052a1775340","      PRMT R229, R229, 0x5410, R230","20","0","20","270336","8650752","8650752","32","32","0","-","-","-","0","0","0","0","0","0","0","0","-","0","0","0","0","0","0","0","0","0","0","0","0","0","0","0","0","0","0","0","20","0","0","0","0","0","0","0","0","0","0","0","0","0","0","0","0","0","0","0","0","0","0"
"0x7052a1775350","      IMAD.MOV.U32 R226, RZ, RZ, R218","21","0","21","270336","8650752","8650752","32","32","0","-","-","-","0","0","0","0","0","0","0","0","-","0","0","0","0","0","0","0","0","0","0","0","0","0","0","0","0","0","0","0","21","0","0","0","0","0","0","0","0","0","0","0","0","0","0","0","0","0","0","0","0","0","0"
"0x7052a1775360","      FMUL R218, R152, R188","224","3","224","270336","8650752","8650752","32","32","0","-","-","-","0","0","0","0","0","0","0","0","-","0","0","0","0","0","0","0","0","1","0","0","0","0","64","0","0","0","0","119","20","0","0","0","20","0","0","0","0","0","0","0","3","0","0","0","0","0","0","0","0","0","0"
"0x7052a1775370","      IMAD.MOV.U32 R230, RZ, RZ, R220","29","0","29","270336","8650752","8650752","32","32","0","-","-","-","0","0","0","0","0","0","0","0","-","0","0","0","0","0","0","0","0","3","0","0","0","0","0","0","0","0","0","0","26","0","0","0","0","0","0","0","0","0","0","0","0","0","0","0","0","0","0","0","0","0","0"
"0x7052a1775380","      FMUL R220, R153, R190","291","8","291","270336","8650752","8650752","32","32","0","-","-","-","0","0","0","0","0","0","0","0","-","0","0","0","0","0","0","0","0","21","0","0","0","0","39","0","0","0","0","206","13","0","0","0","12","0","0","5","0","0","0","0","0","0","0","0","0","0","0","0","0","0","3"
"0x7052a1775390","      IMAD.MOV.U32 R232, RZ, RZ, R222","27","0","27","270336","8650752","8650752","32","32","0","-","-","-","0","0","0","0","0","0","0","0","-","0","0","0","0","0","0","0","0","11","0","0","0","0","0","0","0","0","0","0","16","0","0","0","0","0","0","0","0","0","0","0","0","0","0","0","0","0","0","0","0","0","0"
"0x7052a17753a0","      FMUL R222, R152, R190","286","4","286","270336","8650752","8650752","32","32","0","-","-","-","0","0","0","0","0","0","0","0","-","0","0","0","0","0","0","0","0","4","0","0","0","0","45","0","0","0","0","209","15","0","0","0","13","0","0","0","0","0","0","0","0","0","0","0","0","0","0","0","0","0","4"
"0x7052a17753b0","      FMUL R216, R153, R188","17","0","17","270336","8650752","8650752","32","32","0","-","-","-","0","0","0","0","0","0","0","0","-","0","0","0","0","0","0","0","0","1","0","0","0","0","0","0","0","0","0","0","16","0","0","0","0","0","0","0","0","0","0","0","0","0","0","0","0","0","0","0","0","0","0"
"0x7052a17753c0","      FMUL R214, R152, R186","7","0","7","270336","8650752","8650752","32","32","0","-","-","-","0","0","0","0","0","0","0","0","-","0","0","0","0","0","0","0","0","0","0","0","0","0","0","0","0","0","0","0","7","0","0","0","0","0","0","0","0","0","0","0","0","0","0","0","0","0","0","0","0","0","0"
"0x7052a17753d0","      F2FP.F16.F32.PACK_AB R218, R219, R218","27","0","27","270336","8650752","8650752","32","32","0","-","-","-","0","0","0","0","0","0","0","0","-","0","0","0","0","0","0","0","0","4","0","0","0","0","0","0","0","0","0","0","23","0","0","0","0","0","0","0","0","0","0","0","0","0","0","0","0","0","0","0","0","0","0"
"0x7052a17753e0","      HFMA2 R12, R43, R213, R12","17","0","17","270336","8650752","8650752","32","32","0","-","-","-","0","0","0","0","0","0","0","0","-","0","0","0","0","0","0","0","0","0","0","0","0","0","0","0","0","0","0","0","17","0","0","0","0","0","0","0","0","0","0","0","0","0","0","0","0","0","0","0","0","0","0"
"0x7052a17753f0","      F2FP.F16.F32.PACK_AB R220, R221, R220","21","0","21","270336","8650752","8650752","32","32","0","-","-","-","0","0","0","0","0","0","0","0","-","0","0","0","0","0","0","0","0","9","0","0","0","0","0","0","0","0","0","0","12","0","0","0","0","0","0","0","0","0","0","0","0","0","0","0","0","0","0","0","0","0","0"
"0x7052a1775400","      HFMA2 R15, R46, R224, R15","27","0","27","270336","8650752","8650752","32","32","0","-","-","-","0","0","0","0","0","0","0","0","-","0","0","0","0","0","0","0","0","0","0","0","0","0","0","0","0","0","0","0","27","0","0","0","0","0","0","0","0","0","0","0","0","0","0","0","0","0","0","0","0","0","0"
"0x7052a1775410","      F2FP.F16.F32.PACK_AB R214, R215, R214","24","0","24","270336","8650752","8650752","32","32","0","-","-","-","0","0","0","0","0","0","0","0","-","0","0","0","0","0","0","0","0","0","0","0","0","0","0","0","0","0","0","0","24","0","0","0","0","0","0","0","0","0","0","0","0","0","0","0","0","0","0","0","0","0","0"
"0x7052a1775420","      HFMA2 R14, R45, R225, R14","9","0","9","270336","8650752","8650752","32","32","0","-","-","-","0","0","0","0","0","0","0","0","-","0","0","0","0","0","0","0","0","0","0","0","0","0","0","0","0","0","0","0","9","0","0","0","0","0","0","0","0","0","0","0","0","0","0","0","0","0","0","0","0","0","0"
"0x7052a1775430","      F2FP.F16.F32.PACK_AB R216, R217, R216","16","0","16","270336","8650752","8650752","32","32","0","-","-","-","0","0","0","0","0","0","0","0","-","0","0","0","0","0","0","0","0","0","0","0","0","0","0","0","0","0","0","0","16","0","0","0","0","0","0","0","0","0","0","0","0","0","0","0","0","0","0","0","0","0","0"
"0x7052a1775440","      HFMA2 R9, R48, R226, R9","9","0","9","270336","8650752","8650752","32","32","0","-","-","-","0","0","0","0","0","0","0","0","-","0","0","0","0","0","0","0","0","0","0","0","0","0","0","0","0","0","0","0","9","0","0","0","0","0","0","0","0","0","0","0","0","0","0","0","0","0","0","0","0","0","0"
"0x7052a1775450","      F2FP.F16.F32.PACK_AB R222, R223, R222","28","0","28","270336","8650752","8650752","32","32","0","-","-","-","0","0","0","0","0","0","0","0","-","0","0","0","0","0","0","0","0","10","0","0","0","0","0","0","0","0","0","0","18","0","0","0","0","0","0","0","0","0","0","0","0","0","0","0","0","0","0","0","0","0","0"
"0x7052a1775460","      HFMA2 R8, R47, R230, R8","24","0","24","270336","8650752","8650752","32","32","0","-","-","-","0","0","0","0","0","0","0","0","-","0","0","0","0","0","0","0","0","0","0","0","0","0","0","0","0","0","0","0","24","0","0","0","0","0","0","0","0","0","0","0","0","0","0","0","0","0","0","0","0","0","0"
"0x7052a1775470","      IADD3 R149, P3, R149, 0x40, RZ","17","0","17","270336","8650752","8650752","32","32","0","-","-","-","0","0","0","0","0","0","0","0","-","0","0","0","0","0","0","0","0","0","0","0","0","0","0","0","0","0","0","0","17","0","0","0","0","0","0","0","0","0","0","0","0","0","0","0","0","0","0","0","0","0","0"
"0x7052a1775480","      HFMA2 R11, R50, R232, R11","18","0","18","270336","8650752","8650752","32","32","0","-","-","-","0","0","0","0","0","0","0","0","-","0","0","0","0","0","0","0","0","0","0","0","0","0","0","0","0","0","0","0","18","0","0","0","0","0","0","0","0","0","0","0","0","0","0","0","0","0","0","0","0","0","0"
"0x7052a1775490","      IADD3 R166, P4, R166, 0x40, RZ","26","0","26","270336","8650752","8650752","32","32","0","-","-","-","0","0","0","0","0","0","0","0","-","0","0","0","0","0","0","0","0","12","0","0","0","0","0","0","0","0","0","0","14","0","0","0","0","0","0","0","0","0","0","0","0","0","0","0","0","0","0","0","0","0","0"
"0x7052a17754a0","      HFMA2 R10, R49, R214, R10","21","0","21","270336","8650752","8650752","32","32","0","-","-","-","0","0","0","0","0","0","0","0","-","0","0","0","0","0","0","0","0","0","0","0","0","0","0","0","0","0","0","0","21","0","0","0","0","0","0","0","0","0","0","0","0","0","0","0","0","0","0","0","0","0","0"
"0x7052a17754b0","      IADD3 R164, P0, R164, 0x40, RZ","28","0","28","270336","8650752","8650752","32","32","0","-","-","-","0","0","0","0","0","0","0","0","-","0","0","0","0","0","0","0","0","12","0","0","0","0","0","0","0","0","0","0","16","0","0","0","0","0","0","0","0","0","0","0","0","0","0","0","0","0","0","0","0","0","0"
"0x7052a17754c0","      HFMA2 R5, R228, R216, R5","27","0","27","270336","8650752","8650752","32","32","0","-","-","-","0","0","0","0","0","0","0","0","-","0","0","0","0","0","0","0","0","0","0","0","0","0","0","0","0","0","0","0","27","0","0","0","0","0","0","0","0","0","0","0","0","0","0","0","0","0","0","0","0","0","0"
"0x7052a17754d0","      IMAD.X R150, RZ, RZ, R150, P3","379","84","379","270336","8650752","8650752","32","32","0","-","-","-","0","0","0","0","0","0","0","0","-","0","0","0","0","0","0","0","0","19","0","0","0","0","159","0","0","0","0","174","12","0","0","0","15","0","0","12","0","0","0","0","57","0","0","0","0","0","0","0","0","0","15"
"0x7052a17754e0","      HFMA2 R4, R227, R218, R4","39","17","39","270336","8650752","8650752","32","32","0","-","-","-","0","0","0","0","0","0","0","0","-","0","0","0","0","0","0","0","0","0","0","0","0","0","1","0","0","0","0","0","14","0","0","0","24","0","0","0","0","0","0","0","0","0","0","0","0","0","0","0","0","0","17"
"0x7052a17754f0","      IMAD.X R167, RZ, RZ, R167, P4","32","17","32","270336","8650752","8650752","32","32","0","-","-","-","0","0","0","0","0","0","0","0","-","0","0","0","0","0","0","0","0","0","0","0","0","0","0","0","0","0","0","0","9","0","0","0","23","0","0","0","0","0","0","0","0","0","0","0","0","0","0","0","0","0","17"
"0x7052a1775500","      HFMA2 R7, R54, R220, R7","28","9","28","270336","8650752","8650752","32","32","0","-","-","-","0","0","0","0","0","0","0","0","-","0","0","0","0","0","0","0","0","0","0","0","0","0","0","0","0","0","0","0","19","0","0","0","9","0","0","0","0","0","0","0","0","0","0","0","0","0","0","0","0","0","9"
"0x7052a1775510","      HFMA2 R6, R229, R222, R6","36","16","36","270336","8650752","8650752","32","32","0","-","-","-","0","0","0","0","0","0","0","0","-","0","0","0","0","0","0","0","0","0","0","0","0","0","0","0","0","0","0","0","20","0","0","0","16","0","0","0","0","0","0","0","0","0","0","0","0","0","0","0","0","0","16"
"0x7052a1775520","@P5   BRA 0x7052a1775e50","19","0","19","270336","8650752","4460544","32","16","0","-","-","-","0","0","0","0","0","0","0","0","-","0","0","0","0","0","0","0","0","0","0","0","0","0","0","0","0","0","0","0","19","0","0","0","0","0","0","0","0","0","0","0","0","0","0","0","0","0","0","0","0","0","0"
"0x7052a1775530","      IMAD.MOV.U32 R2, RZ, RZ, R106","103","36","103","130944","4190208","4190208","32","32","0","-","-","-","0","0","0","0","0","0","0","0","-","0","0","0","0","0","0","0","0","0","0","0","0","0","16","0","0","0","0","6","19","0","0","0","62","0","0","0","0","0","0","0","9","0","0","0","0","0","0","0","0","0","27"
"0x7052a1775540","      LDG.E R152, desc[UR18][R82.64+0x4]","5","0","5","130944","4190208","4190208","32","32","0","Global","Load","32","1047552","0","0","0","0","523776","1047552","523776","","0","0","0","0","0","0","0","0","0","0","0","0","0","0","0","0","0","0","0","5","0","0","0","0","0","0","0","0","0","0","0","0","0","0","0","0","0","0","0","0","0","0"
"0x7052a1775550","      IMAD.MOV.U32 R3, RZ, RZ, R107","8","0","8","130944","4190208","4190208","32","32","0","-","-","-","0","0","0","0","0","0","0","0","-","0","0","0","0","0","0","0","0","0","0","0","0","0","0","0","0","0","0","0","8","0","0","0","0","0","0","0","0","0","0","0","0","0","0","0","0","0","0","0","0","0","0"
"0x7052a1775560","      LDG.E R153, desc[UR18][R84.64+0x4]","38","8","38","130944","4190208","4190208","32","32","0","Global","Load","32","1047552","0","0","0","0","523776","1047552","523776","","0","0","0","0","0","0","0","0","0","0","0","0","0","0","0","0","0","0","19","8","0","0","0","11","0","0","0","0","0","0","0","0","0","0","0","0","0","0","0","0","0","8"
"0x7052a1775570","      LDG.E R168, desc[UR18][R2.64+0x4]","40","19","40","130944","4190208","4190208","32","32","0","Global","Load","32","130944","0","0","0","0","0","130944","130944","","0","0","0","0","0","0","0","0","0","0","0","0","0","0","0","0","0","0","0","15","0","0","0","25","0","0","0","0","0","0","0","0","0","0","0","0","0","0","0","0","0","19"
"0x7052a1775580","      LDG.E R154, desc[UR18][R86.64+0x4]","24","9","24","130944","4190208","4190208","32","32","0","Global","Load","32","130944","0","0","0","0","0","130944","130944","","0","0","0","0","0","0","0","0","0","0","0","0","0","0","0","0","0","0","0","9","0","0","0","15","0","0","0","0","0","0","0","0","0","0","0","0","0","0","0","0","0","9"
"0x7052a1775590","      LDG.E R155, desc[UR18][R88.64+0x4]","39","22","39","130944","4190208","4190208","32","32","0","Global","Load","32","130944","0","0","0","0","0","130944","130944","","0","0","0","0","0","0","0","0","0","0","0","0","0","0","0","0","0","0","0","9","0","0","0","30","0","0","0","0","0","0","0","0","0","0","0","0","0","0","0","0","0","22"
"0x7052a17755a0","      IMAD.MOV.U32 R2, RZ, RZ, R108","101","76","101","130944","4190208","4190208","32","32","0","-","-","-","0","0","0","0","0","0","0","0","-","0","0","0","0","0","0","0","0","0","0","0","0","96","0","0","0","0","0","0","5","0","0","0","0","0","0","0","0","0","0","76","0","0","0","0","0","0","0","0","0","0","0"
"0x7052a17755b0","      IMAD.MOV.U32 R3, RZ, RZ, R109","24","13","24","130944","4190208","4190208","32","32","0","-","-","-","0","0","0","0","0","0","0","0","-","0","0","0","0","0","0","0","0","0","0","0","0","0","0","0","0","0","0","0","11","0","0","0","13","0","0","0","0","0","0","0","0","0","0","0","0","0","0","0","0","0","13"
"0x7052a17755c0","      LDG.E R156, desc[UR18][R90.64+0x4]","9","0","9","130944","4190208","4190208","32","32","0","Global","Load","32","130944","0","0","0","0","0","130944","130944","","0","0","0","0","0","0","0","0","0","0","0","0","0","0","0","0","0","0","0","9","0","0","0","0","0","0","0","0","0","0","0","0","0","0","0","0","0","0","0","0","0","0"
"0x7052a17755d0","      LDG.E R171, desc[UR18][R2.64+0x4]","36","13","36","130944","4190208","4190208","32","32","0","Global","Load","32","130944","0","0","0","0","0","130944","130944","","0","0","0","0","0","0","0","0","0","0","0","0","0","0","0","0","0","0","4","9","0","0","0","23","0","0","0","0","0","0","0","0","0","0","0","0","0","0","0","0","0","13"
"0x7052a17755e0","      LDG.E R157, desc[UR18][R92.64+0x4]","49","31","49","130944","4190208","4190208","32","32","0","Global","Load","32","130944","0","0","0","0","0","130944","130944","","0","0","0","0","0","0","0","0","0","0","0","15","0","0","0","0","0","0","0","10","0","0","0","24","0","0","0","0","0","15","0","0","0","0","0","0","0","0","0","0","0","16"
"0x7052a17755f0","      LDG.E R158, desc[UR18][R94.64+0x4]","78","61","78","130944","4190208","4190208","32","32","0","Global","Load","32","130944","0","0","0","0","0","130944","130944","","0","0","0","0","0","0","0","0","0","0","0","38","0","0","0","0","0","0","1","9","0","0","0","30","0","0","0","0","0","38","0","0","0","0","0","0","0","0","0","0","0","23"
"0x7052a1775600","      IMAD.MOV.U32 R2, RZ, RZ, R110","912","883","912","130944","4190208","4190208","32","32","0","-","-","-","0","0","0","0","0","0","0","0","-","0","0","0","0","0","0","0","0","0","0","0","0","902","0","0","0","0","0","2","8","0","0","0","0","0","0","0","0","0","0","883","0","0","0","0","0","0","0","0","0","0","0"
"0x7052a1775610","      IMAD.MOV.U32 R3, RZ, RZ, R111","20","8","20","130944","4190208","4190208","32","32","0","-","-","-","0","0","0","0","0","0","0","0","-","0","0","0","0","0","0","0","0","0","0","0","0","0","0","0","0","0","0","1","10","0","0","0","9","0","0","0","0","0","0","0","0","0","0","0","0","0","0","0","0","0","8"
"0x7052a1775620","      LDG.E R159, desc[UR18][R96.64+0x4]","6","0","6","130944","4190208","4190208","32","32","0","Global","Load","32","130944","0","0","0","0","0","130944","130944","","0","0","0","0","0","0","0","0","0","0","0","0","0","0","0","0","0","0","0","6","0","0","0","0","0","0","0","0","0","0","0","0","0","0","0","0","0","0","0","0","0","0"
"0x7052a1775630","      LDG.E R172, desc[UR18][R2.64+0x4]","23","15","23","130944","4190208","4190208","32","32","0","Global","Load","32","130944","0","0","0","0","0","130944","130944","","0","0","0","0","0","0","0","0","0","0","0","0","0","0","0","0","0","0","1","4","0","0","0","18","0","0","0","0","0","0","0","0","0","0","0","0","0","0","0","0","0","15"
"0x7052a1775640","      LDG.E R160, desc[UR18][R98.64+0x4]","32","26","32","130944","4190208","4190208","32","32","0","Global","Load","32","130944","0","0","0","0","0","130944","130944","","0","0","0","0","0","0","0","0","0","0","0","1","0","0","0","0","0","0","0","4","0","0","0","27","0","0","0","0","0","1","0","0","0","0","0","0","0","0","0","0","0","25"
"0x7052a1775650","      LDG.E R161, desc[UR18][R100.64+0x4]","46","26","46","130944","4190208","4190208","32","32","0","Global","Load","32","130944","0","0","0","0","0","130944","130944","","0","0","0","0","0","0","0","0","0","0","0","0","0","0","0","0","0","0","0","14","0","0","0","32","0","0","0","0","0","0","0","0","0","0","0","0","0","0","0","0","0","26"
"0x7052a1775660","      IMAD.MOV.U32 R2, RZ, RZ, R112","201","163","201","130944","4190208","4190208","32","32","0","-","-","-","0","0","0","0","0","0","0","0","-","0","0","0","0","0","0","0","0","0","0","0","0","196","0","0","0","0","0","0","5","0","0","0","0","0","0","0","0","0","0","163","0","0","0","0","0","0","0","0","0","0","0"
"0x7052a1775670","      IMAD.MOV.U32 R3, RZ, RZ, R113","26","14","26","130944","4190208","4190208","32","32","0","-","-","-","0","0","0","0","0","0","0","0","-","0","0","0","0","0","0","0","0","0","0","0","0","0","0","0","0","0","0","0","12","0","0","0","14","0","0","0","0","0","0","0","0","0","0","0","0","0","0","0","0","0","14"
"0x7052a1775680","      LDG.E R162, desc[UR18][R102.64+0x4]","12","0","12","130944","4190208","4190208","32","32","0","Global","Load","32","130944","0","0","0","0","0","130944","130944","","0","0","0","0","0","0","0","0","0","0","0","0","0","0","0","0","0","0","0","12","0","0","0","0","0","0","0","0","0","0","0","0","0","0","0","0","0","0","0","0","0","0"
"0x7052a1775690","      LDG.E R173, desc[UR18][R2.64+0x4]","26","18","26","130944","4190208","4190208","32","32","0","Global","Load","32","130944","0","0","0","0","0","130944","130944","","0","0","0","0","0","0","0","0","0","0","0","0","0","0","0","0","0","0","1","4","0","0","0","21","0","0","0","0","0","0","0","0","0","0","0","0","0","0","0","0","0","18"
"0x7052a17756a0","      LDG.E R163, desc[UR18][R104.64+0x4]","27","19","27","130944","4190208","4190208","32","32","0","Global","Load","32","130944","0","0","0","0","0","130944","130944","","0","0","0","0","0","0","0","0","0","0","0","0","0","0","0","0","0","0","0","6","0","0","0","21","0","0","0","0","0","0","0","0","0","0","0","0","0","0","0","0","0","19"
"0x7052a17756b0","      IMAD.MOV.U32 R2, RZ, RZ, R114","178","148","178","130944","4190208","4190208","32","32","0","-","-","-","0","0","0","0","0","0","0","0","-","0","0","0","0","0","0","0","0","0","0","0","0","175","0","0","0","0","0","0","3","0","0","0","0","0","0","0","0","0","0","148","0","0","0","0","0","0","0","0","0","0","0"
"0x7052a17756c0","      IMAD.MOV.U32 R3, RZ, RZ, R115","17","11","17","130944","4190208","4190208","32","32","0","-","-","-","0","0","0","0","0","0","0","0","-","0","0","0","0","0","0","0","0","0","0","0","0","0","0","0","0","0","0","0","6","0","0","0","11","0","0","0","0","0","0","0","0","0","0","0","0","0","0","0","0","0","11"
"0x7052a17756d0","      LDG.E R174, desc[UR18][R2.64+0x4]","40","35","40","130944","4190208","4190208","32","32","0","Global","Load","32","130944","0","0","0","0","0","130944","130944","","0","0","0","0","0","0","0","0","0","0","0","0","0","0","0","0","0","0","0","5","0","0","0","35","0","0","0","0","0","0","0","0","0","0","0","0","0","0","0","0","0","35"
"0x7052a17756e0","      IMAD.MOV.U32 R2, RZ, RZ, R116","98","67","98","130944","4190208","4190208","32","32","0","-","-","-","0","0","0","0","0","0","0","0","-","0","0","0","0","0","0","0","0","0","0","0","0","81","0","0","0","0","0","0","9","0","0","0","8","0","0","0","0","0","0","62","0","0","0","0","0","0","0","0","0","0","5"
"0x7052a17756f0","      IMAD.MOV.U32 R3, RZ, RZ, R117","15","8","15","130944","4190208","4190208","32","32","0","-","-","-","0","0","0","0","0","0","0","0","-","0","0","0","0","0","0","0","0","0","0","0","0","0","0","0","0","0","0","0","7","0","0","0","8","0","0","0","0","0","0","0","0","0","0","0","0","0","0","0","0","0","8"
"0x7052a1775700","      LDG.E R175, desc[UR18][R2.64+0x4]","37","28","37","130944","4190208","4190208","32","32","0","Global","Load","32","130944","0","0","0","0","0","130944","130944","","0","0","0","0","0","0","0","0","0","0","0","0","0","0","0","0","0","0","0","7","0","0","0","30","0","0","0","0","0","0","0","0","0","0","0","0","0","0","0","0","0","28"
"0x7052a1775710","      IMAD.MOV.U32 R2, RZ, RZ, R118","75","40","75","130944","4190208","4190208","32","32","0","-","-","-","0","0","0","0","0","0","0","0","-","0","0","0","0","0","0","0","0","0","0","0","0","56","0","0","0","0","0","0","9","0","0","0","10","0","0","0","0","0","0","35","0","0","0","0","0","0","0","0","0","0","5"
"0x7052a1775720","      IMAD.MOV.U32 R3, RZ, RZ, R119","14","10","14","130944","4190208","4190208","32","32","0","-","-","-","0","0","0","0","0","0","0","0","-","0","0","0","0","0","0","0","0","0","0","0","0","0","0","0","0","0","0","0","4","0","0","0","10","0","0","0","0","0","0","0","0","0","0","0","0","0","0","0","0","0","10"
"0x7052a1775730","      LDG.E R176, desc[UR18][R2.64+0x4]","40","32","40","130944","4190208","4190208","32","32","0","Global","Load","32","130944","0","0","0","0","0","130944","130944","","0","0","0","0","0","0","0","0","0","0","0","0","0","0","0","0","0","0","0","7","0","0","0","33","0","0","0","0","0","0","0","0","0","0","0","0","0","0","0","0","0","32"
"0x7052a1775740","      IMAD.MOV.U32 R2, RZ, RZ, R120","89","57","89","130944","4190208","4190208","32","32","0","-","-","-","0","0","0","0","0","0","0","0","-","0","0","0","0","0","0","0","0","0","0","0","0","73","0","0","0","0","0","0","7","0","0","0","9","0","0","0","0","0","0","51","0","0","0","0","0","0","0","0","0","0","6"
"0x7052a1775750","      IMAD.MOV.U32 R3, RZ, RZ, R121","22","10","22","130944","4190208","4190208","32","32","0","-","-","-","0","0","0","0","0","0","0","0","-","0","0","0","0","0","0","0","0","0","0","0","0","0","0","0","0","0","0","0","12","0","0","0","10","0","0","0","0","0","0","0","0","0","0","0","0","0","0","0","0","0","10"
"0x7052a1775760","      LDG.E R177, desc[UR18][R2.64+0x4]","39","29","39","130944","4190208","4190208","32","32","0","Global","Load","32","130944","0","0","0","0","0","130944","130944","","0","0","0","0","0","0","0","0","0","0","0","0","0","0","0","0","0","0","0","8","0","0","0","31","0","0","0","0","0","0","0","0","0","0","0","0","0","0","0","0","0","29"
"0x7052a1775770","      IMAD.MOV.U32 R2, RZ, RZ, R122","75","56","75","130944","4190208","4190208","32","32","0","-","-","-","0","0","0","0","0","0","0","0","-","0","0","0","0","0","0","0","0","0","0","0","0","55","0","0","0","0","0","0","5","0","0","0","15","0","0","0","0","0","0","47","0","0","0","0","0","0","0","0","0","0","9"
"0x7052a1775780","      IMAD.MOV.U32 R3, RZ, RZ, R123","22","7","22","130944","4190208","4190208","32","32","0","-","-","-","0","0","0","0","0","0","0","0","-","0","0","0","0","0","0","0","0","0","0","0","0","0","0","0","0","0","0","0","15","0","0","0","7","0","0","0","0","0","0","0","0","0","0","0","0","0","0","0","0","0","7"
"0x7052a1775790","      LDG.E R178, desc[UR18][R2.64+0x4]","43","32","43","130944","4190208","4190208","32","32","0","Global","Load","32","130944","0","0","0","0","0","130944","130944","","0","0","0","0","0","0","0","0","0","0","0","0","0","0","0","0","0","0","0","7","0","0","0","36","0","0","0","0","0","0","0","0","0","0","0","0","0","0","0","0","0","32"
"0x7052a17757a0","      IMAD.MOV.U32 R2, RZ, RZ, R124","64","38","64","130944","4190208","4190208","32","32","0","-","-","-","0","0","0","0","0","0","0","0","-","0","0","0","0","0","0","0","0","0","0","0","0","48","0","0","0","0","0","0","12","0","0","0","4","0","0","0","0","0","0","36","0","0","0","0","0","0","0","0","0","0","2"
"0x7052a17757b0","      IMAD.MOV.U32 R3, RZ, RZ, R125","14","9","14","130944","4190208","4190208","32","32","0","-","-","-","0","0","0","0","0","0","0","0","-","0","0","0","0","0","0","0","0","0","0","0","0","0","0","0","0","0","0","0","5","0","0","0","9","0","0","0","0","0","0","0","0","0","0","0","0","0","0","0","0","0","9"
"0x7052a17757c0","      LDG.E R179, desc[UR18][R2.64+0x4]","46","30","46","130944","4190208","4190208","32","32","0","Global","Load","32","130944","0","0","0","0","0","130944","130944","","0","0","0","0","0","0","0","0","0","0","0","0","0","0","0","0","0","0","0","12","0","0","0","34","0","0","0","0","0","0","0","0","0","0","0","0","0","0","0","0","0","30"
"0x7052a17757d0","      IMAD.MOV.U32 R2, RZ, RZ, R126","66","39","66","130944","4190208","4190208","32","32","0","-","-","-","0","0","0","0","0","0","0","0","-","0","0","0","0","0","0","0","0","0","0","0","0","54","0","0","0","0","0","0","7","0","0","0","5","0","0","0","0","0","0","36","0","0","0","0","0","0","0","0","0","0","3"
"0x7052a17757e0","      IMAD.MOV.U32 R3, RZ, RZ, R127","19","9","19","130944","4190208","4190208","32","32","0","-","-","-","0","0","0","0","0","0","0","0","-","0","0","0","0","0","0","0","0","0","0","0","0","0","0","0","0","0","0","0","10","0","0","0","9","0","0","0","0","0","0","0","0","0","0","0","0","0","0","0","0","0","9"
"0x7052a17757f0","      LDG.E R180, desc[UR18][R2.64+0x4]","48","36","48","130944","4190208","4190208","32","32","0","Global","Load","32","130944","0","0","0","0","0","130944","130944","","0","0","0","0","0","0","0","0","0","0","0","0","0","0","0","0","0","0","0","10","0","0","0","38","0","0","0","0","0","0","0","0","0","0","0","0","0","0","0","0","0","36"
"0x7052a1775800","      IMAD.MOV.U32 R2, RZ, RZ, R128","73","46","73","130944","4190208","4190208","32","32","0","-","-","-","0","0","0","0","0","0","0","0","-","0","0","0","0","0","0","0","0","0","0","0","0","63","0","0","0","0","0","0","6","0","0","0","4","0","0","0","0","0","0","43","0","0","0","0","0","0","0","0","0","0","3"
"0x7052a1775810","      IMAD.MOV.U32 R3, RZ, RZ, R129","22","10","22","130944","4190208","4190208","32","32","0","-","-","-","0","0","0","0","0","0","0","0","-","0","0","0","0","0","0","0","0","0","0","0","0","0","0","0","0","0","0","0","12","0","0","0","10","0","0","0","0","0","0","0","0","0","0","0","0","0","0","0","0","0","10"
"0x7052a1775820","      LDG.E R181, desc[UR18][R2.64+0x4]","31","23","31","130944","4190208","4190208","32","32","0","Global","Load","32","130944","0","0","0","0","0","130944","130944","","0","0","0","0","0","0","0","0","0","0","0","0","0","0","0","0","0","0","0","6","0","0","0","25","0","0","0","0","0","0","0","0","0","0","0","0","0","0","0","0","0","23"
"0x7052a1775830","      IMAD.MOV.U32 R2, RZ, RZ, R130","82","48","82","130944","4190208","4190208","32","32","0","-","-","-","0","0","0","0","0","0","0","0","-","0","0","0","0","0","0","0","0","0","0","0","0","64","0","0","0","0","0","0","11","0","0","0","7","0","0","0","0","0","0","45","0","0","0","0","0","0","0","0","0","0","3"
"0x7052a1775840","      IMAD.MOV.U32 R3, RZ, RZ, R131","14","7","14","130944","4190208","4190208","32","32","0","-","-","-","0","0","0","0","0","0","0","0","-","0","0","0","0","0","0","0","0","0","0","0","0","0","0","0","0","0","0","0","7","0","0","0","7","0","0","0","0","0","0","0","0","0","0","0","0","0","0","0","0","0","7"
"0x7052a1775850","      LDG.E R182, desc[UR18][R2.64+0x4]","40","30","40","130944","4190208","4190208","32","32","0","Global","Load","32","130944","0","0","0","0","0","130944","130944","","0","0","0","0","0","0","0","0","0","0","0","0","0","0","0","0","0","0","0","7","0","0","0","33","0","0","0","0","0","0","0","0","0","0","0","0","0","0","0","0","0","30"
"0x7052a1775860","      IMAD.MOV.U32 R2, RZ, RZ, R132","87","50","87","130944","4190208","4190208","32","32","0","-","-","-","0","0","0","0","0","0","0","0","-","0","0","0","0","0","0","0","0","0","0","0","0","68","0","0","0","0","0","0","13","0","0","0","6","0","0","0","0","0","0","46","0","0","0","0","0","0","0","0","0","0","4"
"0x7052a1775870","      IMAD.MOV.U32 R3, RZ, RZ, R133","24","11","24","130944","4190208","4190208","32","32","0","-","-","-","0","0","0","0","0","0","0","0","-","0","0","0","0","0","0","0","0","0","0","0","0","0","0","0","0","0","0","0","13","0","0","0","11","0","0","0","0","0","0","0","0","0","0","0","0","0","0","0","0","0","11"
"0x7052a1775880","      LDG.E R183, desc[UR18][R2.64+0x4]","37","27","37","130944","4190208","4190208","32","32","0","Global","Load","32","130944","0","0","0","0","0","130944","130944","","0","0","0","0","0","0","0","0","0","0","0","0","0","0","0","0","0","0","0","9","0","0","0","28","0","0","0","0","0","0","0","0","0","0","0","0","0","0","0","0","0","27"
"0x7052a1775890","      IMAD.MOV.U32 R2, RZ, RZ, R134","83","52","83","130944","4190208","4190208","32","32","0","-","-","-","0","0","0","0","0","0","0","0","-","0","0","0","0","0","0","0","0","0","0","0","0","69","0","0","0","0","0","0","8","0","0","0","6","0","0","0","0","0","0","49","0","0","0","0","0","0","0","0","0","0","3"
"0x7052a17758a0","      IMAD.MOV.U32 R3, RZ, RZ, R135","15","6","15","130944","4190208","4190208","32","32","0","-","-","-","0","0","0","0","0","0","0","0","-","0","0","0","0","0","0","0","0","0","0","0","0","0","0","0","0","0","0","0","9","0","0","0","6","0","0","0","0","0","0","0","0","0","0","0","0","0","0","0","0","0","6"
"0x7052a17758b0","      LDG.E R184, desc[UR18][R2.64+0x4]","55","38","55","130944","4190208","4190208","32","32","0","Global","Load","32","130944","0","0","0","0","0","130944","130944","","0","0","0","0","0","0","0","0","0","0","0","0","0","0","0","0","0","0","0","15","0","0","0","40","0","0","0","0","0","0","0","0","0","0","0","0","0","0","0","0","0","38"
"0x7052a17758c0","      IMAD.MOV.U32 R2, RZ, RZ, R136","72","44","72","130944","4190208","4190208","32","32","0","-","-","-","0","0","0","0","0","0","0","0","-","0","0","0","0","0","0","0","0","0","0","0","0","61","0","0","0","0","0","0","5","0","0","0","6","0","0","0","0","0","0","41","0","0","0","0","0","0","0","0","0","0","3"
"0x7052a17758d0","      IMAD.MOV.U32 R3, RZ, RZ, R137","17","6","17","130944","4190208","4190208","32","32","0","-","-","-","0","0","0","0","0","0","0","0","-","0","0","0","0","0","0","0","0","0","0","0","0","0","0","0","0","0","0","0","11","0","0","0","6","0","0","0","0","0","0","0","0","0","0","0","0","0","0","0","0","0","6"
"0x7052a17758e0","      LDG.E R185, desc[UR18][R2.64+0x4]","39","27","39","130944","4190208","4190208","32","32","0","Global","Load","32","130944","0","0","0","0","0","130944","130944","","0","0","0","0","0","0","0","0","0","0","0","0","0","0","0","0","0","0","0","6","0","0","0","33","0","0","0","0","0","0","0","0","0","0","0","0","0","0","0","0","0","27"
"0x7052a17758f0","      IMAD.MOV.U32 R2, RZ, RZ, R138","71","48","71","130944","4190208","4190208","32","32","0","-","-","-","0","0","0","0","0","0","0","0","-","0","0","0","0","0","0","0","0","0","0","0","0","58","0","0","0","0","0","0","7","0","0","0","6","0","0","0","0","0","0","45","0","0","0","0","0","0","0","0","0","0","3"
"0x7052a1775900","      IMAD.MOV.U32 R3, RZ, RZ, R139","8","6","8","130944","4190208","4190208","32","32","0","-","-","-","0","0","0","0","0","0","0","0","-","0","0","0","0","0","0","0","0","0","0","0","0","0","0","0","0","0","0","0","2","0","0","0","6","0","0","0","0","0","0","0","0","0","0","0","0","0","0","0","0","0","6"
"0x7052a1775910","      LDG.E R186, desc[UR18][R2.64+0x4]","37","26","37","130944","4190208","4190208","32","32","0","Global","Load","32","130944","0","0","0","0","0","130944","130944","","0","0","0","0","0","0","0","0","0","0","0","0","0","0","0","0","0","0","0","9","0","0","0","28","0","0","0","0","0","0","0","0","0","0","0","0","0","0","0","0","0","26"
"0x7052a1775920","      IMAD.MOV.U32 R2, RZ, RZ, R140","85","53","85","130944","4190208","4190208","32","32","0","-","-","-","0","0","0","0","0","0","0","0","-","0","0","0","0","0","0","0","0","0","0","0","0","68","0","0","0","0","0","0","13","0","0","0","4","0","0","0","0","0","0","49","0","0","0","0","0","0","0","0","0","0","4"
"0x7052a1775930","      IMAD.MOV.U32 R3, RZ, RZ, R141","14","8","14","130944","4190208","4190208","32","32","0","-","-","-","0","0","0","0","0","0","0","0","-","0","0","0","0","0","0","0","0","0","0","0","0","0","0","0","0","0","0","0","6","0","0","0","8","0","0","0","0","0","0","0","0","0","0","0","0","0","0","0","0","0","8"
"0x7052a1775940","      LDG.E R187, desc[UR18][R2.64+0x4]","36","33","36","130944","4190208","4190208","32","32","0","Global","Load","32","130944","0","0","0","0","0","130944","130944","","0","0","0","0","0","0","0","0","0","0","0","0","0","0","0","0","0","0","0","3","0","0","0","33","0","0","0","0","0","0","0","0","0","0","0","0","0","0","0","0","0","33"
"0x7052a1775950","      IMAD.MOV.U32 R2, RZ, RZ, R142","89","59","89","130944","4190208","4190208","32","32","0","-","-","-","0","0","0","0","0","0","0","0","-","0","0","0","0","0","0","0","0","0","0","0","0","74","0","0","0","0","0","0","6","0","0","0","9","0","0","0","0","0","0","56","0","0","0","0","0","0","0","0","0","0","3"
"0x7052a1775960","      IMAD.MOV.U32 R3, RZ, RZ, R143","11","6","11","130944","4190208","4190208","32","32","0","-","-","-","0","0","0","0","0","0","0","0","-","0","0","0","0","0","0","0","0","0","0","0","0","0","0","0","0","0","0","0","5","0","0","0","6","0","0","0","0","0","0","0","0","0","0","0","0","0","0","0","0","0","6"
"0x7052a1775970","      LDG.E R188, desc[UR18][R2.64+0x4]","43","33","43","130944","4190208","4190208","32","32","0","Global","Load","32","130944","0","0","0","0","0","130944","130944","","0","0","0","0","0","0","0","0","0","0","0","0","0","0","0","0","0","0","0","9","0","0","0","34","0","0","0","0","0","0","0","0","0","0","0","0","0","0","0","0","0","33"
"0x7052a1775980","      IMAD.MOV.U32 R2, RZ, RZ, R144","98","61","98","130944","4190208","4190208","32","32","0","-","-","-","0","0","0","0","0","0","0","0","-","0","0","0","0","0","0","0","0","0","0","0","0","85","0","0","0","0","0","0","8","0","0","0","5","0","0","0","0","0","0","59","0","0","0","0","0","0","0","0","0","0","2"
"0x7052a1775990","      IMAD.MOV.U32 R3, RZ, RZ, R145","11","5","11","130944","4190208","4190208","32","32","0","-","-","-","0","0","0","0","0","0","0","0","-","0","0","0","0","0","0","0","0","0","0","0","0","0","0","0","0","0","0","0","6","0","0","0","5","0","0","0","0","0","0","0","0","0","0","0","0","0","0","0","0","0","5"
"0x7052a17759a0","      LDG.E R189, desc[UR18][R2.64+0x4]","50","38","50","130944","4190208","4190208","32","32","0","Global","Load","32","130944","0","0","0","0","0","130944","130944","","0","0","0","0","0","0","0","0","0","0","0","0","0","0","0","0","0","0","0","9","0","0","0","41","0","0","0","0","0","0","0","0","0","0","0","0","0","0","0","0","0","38"
"0x7052a17759b0","      IMAD.MOV.U32 R2, RZ, RZ, R146","80","56","80","130944","4190208","4190208","32","32","0","-","-","-","0","0","0","0","0","0","0","0","-","0","0","0","0","0","0","0","0","0","0","0","0","66","0","0","0","0","0","0","6","0","0","0","8","0","0","0","0","0","0","53","0","0","0","0","0","0","0","0","0","0","3"
"0x7052a17759c0","      IMAD.MOV.U32 R3, RZ, RZ, R147","22","11","22","130944","4190208","4190208","32","32","0","-","-","-","0","0","0","0","0","0","0","0","-","0","0","0","0","0","0","0","0","0","0","0","0","0","0","0","0","0","0","0","11","0","0","0","11","0","0","0","0","0","0","0","0","0","0","0","0","0","0","0","0","0","11"
"0x7052a17759d0","      LDG.E R190, desc[UR18][R2.64+0x4]","34","27","34","130944","4190208","4190208","32","32","0","Global","Load","32","130944","0","0","0","0","0","130944","130944","","0","0","0","0","0","0","0","0","0","0","0","0","0","0","0","0","0","0","0","6","0","0","0","28","0","0","0","0","0","0","0","0","0","0","0","0","0","0","0","0","0","27"
"0x7052a17759e0","      IMAD.MOV.U32 R2, RZ, RZ, R148","75","42","75","130944","4190208","4190208","32","32","0","-","-","-","0","0","0","0","0","0","0","0","-","0","0","0","0","0","0","0","0","0","0","0","0","62","0","0","0","0","0","0","6","0","0","0","7","0","0","0","0","0","0","38","0","0","0","0","0","0","0","0","0","0","4"
"0x7052a17759f0","      IMAD.MOV.U32 R3, RZ, RZ, R151","25","8","25","130944","4190208","4190208","32","32","0","-","-","-","0","0","0","0","0","0","0","0","-","0","0","0","0","0","0","0","0","0","0","0","0","0","0","0","0","0","0","3","10","0","0","0","12","0","0","0","0","0","0","0","0","0","0","0","0","0","0","0","0","0","8"
"0x7052a1775a00","      LDG.E R191, desc[UR18][R2.64+0x4]","53","18","53","130944","4190208","4190208","32","32","0","Global","Load","32","130944","0","0","0","0","0","130944","130944","","0","0","0","0","0","0","0","0","0","0","0","0","0","0","0","0","0","0","13","7","0","0","0","33","0","0","0","0","0","0","0","0","0","0","0","0","0","0","0","0","0","18"
"0x7052a1775a10","      IADD3 R82, P4, R82, 0x4, RZ","9","0","9","130944","4190208","4190208","32","32","0","-","-","-","0","0","0","0","0","0","0","0","-","0","0","0","0","0","0","0","0","0","0","0","0","0","0","0","0","0","0","0","9","0","0","0","0","0","0","0","0","0","0","0","0","0","0","0","0","0","0","0","0","0","0"
"0x7052a1775a20","      IADD3 R84, P5, R84, 0x4, RZ","12","0","12","130944","4190208","4190208","32","32","0","-","-","-","0","0","0","0","0","0","0","0","-","0","0","0","0","0","0","0","0","0","0","0","0","0","0","0","0","0","0","0","9","0","0","0","3","0","0","0","0","0","0","0","0","0","0","0","0","0","0","0","0","0","0"
"0x7052a1775a30","      IADD3 R86, P6, R86, 0x4, RZ","46","8","46","130944","4190208","4190208","32","32","0","-","-","-","0","0","0","0","0","0","0","0","-","0","0","0","0","0","0","0","0","0","0","0","0","0","24","0","0","0","0","12","5","0","0","0","5","0","0","0","0","0","0","0","6","0","0","0","0","0","0","0","0","0","2"
"0x7052a1775a40","      IMAD.X R83, RZ, RZ, R83, P4","6","0","6","130944","4190208","4190208","32","32","0","-","-","-","0","0","0","0","0","0","0","0","-","0","0","0","0","0","0","0","0","0","0","0","0","0","0","0","0","0","0","0","6","0","0","0","0","0","0","0","0","0","0","0","0","0","0","0","0","0","0","0","0","0","0"
"0x7052a1775a50","      IADD3 R88, P3, R88, 0x4, RZ","7","0","7","130944","4190208","4190208","32","32","0","-","-","-","0","0","0","0","0","0","0","0","-","0","0","0","0","0","0","0","0","0","0","0","0","0","0","0","0","0","0","0","7","0","0","0","0","0","0","0","0","0","0","0","0","0","0","0","0","0","0","0","0","0","0"
"0x7052a1775a60","      IMAD.X R85, RZ, RZ, R85, P5","5","0","5","130944","4190208","4190208","32","32","0","-","-","-","0","0","0","0","0","0","0","0","-","0","0","0","0","0","0","0","0","0","0","0","0","0","0","0","0","0","0","0","5","0","0","0","0","0","0","0","0","0","0","0","0","0","0","0","0","0","0","0","0","0","0"
"0x7052a1775a70","      IADD3 R90, P4, R90, 0x4, RZ","9","0","9","130944","4190208","4190208","32","32","0","-","-","-","0","0","0","0","0","0","0","0","-","0","0","0","0","0","0","0","0","0","0","0","0","0","0","0","0","0","0","0","9","0","0","0","0","0","0","0","0","0","0","0","0","0","0","0","0","0","0","0","0","0","0"
"0x7052a1775a80","      IADD3 R92, P5, R92, 0x4, RZ","155","15","155","130944","4190208","4190208","32","32","0","-","-","-","0","0","0","0","0","0","0","0","-","0","0","0","0","0","0","0","0","0","0","0","0","0","75","0","0","0","0","69","6","0","0","0","5","0","0","0","0","0","0","0","11","0","0","0","0","0","0","0","0","0","4"
"0x7052a1775a90","      IMAD.X R87, RZ, RZ, R87, P6","10","0","10","130944","4190208","4190208","32","32","0","-","-","-","0","0","0","0","0","0","0","0","-","0","0","0","0","0","0","0","0","0","0","0","0","0","0","0","0","0","0","0","10","0","0","0","0","0","0","0","0","0","0","0","0","0","0","0","0","0","0","0","0","0","0"
"0x7052a1775aa0","      IADD3 R94, P6, R94, 0x4, RZ","7","0","7","130944","4190208","4190208","32","32","0","-","-","-","0","0","0","0","0","0","0","0","-","0","0","0","0","0","0","0","0","0","0","0","0","0","0","0","0","0","0","0","7","0","0","0","0","0","0","0","0","0","0","0","0","0","0","0","0","0","0","0","0","0","0"
"0x7052a1775ab0","      IMAD.X R89, RZ, RZ, R89, P3","8","0","8","130944","4190208","4190208","32","32","0","-","-","-","0","0","0","0","0","0","0","0","-","0","0","0","0","0","0","0","0","0","0","0","0","0","0","0","0","0","0","0","8","0","0","0","0","0","0","0","0","0","0","0","0","0","0","0","0","0","0","0","0","0","0"
"0x7052a1775ac0","      IADD3 R96, P3, R96, 0x4, RZ","7","0","7","130944","4190208","4190208","32","32","0","-","-","-","0","0","0","0","0","0","0","0","-","0","0","0","0","0","0","0","0","0","0","0","0","0","0","0","0","0","0","0","7","0","0","0","0","0","0","0","0","0","0","0","0","0","0","0","0","0","0","0","0","0","0"
"0x7052a1775ad0","      IMAD.X R91, RZ, RZ, R91, P4","7","0","7","130944","4190208","4190208","32","32","0","-","-","-","0","0","0","0","0","0","0","0","-","0","0","0","0","0","0","0","0","0","0","0","0","0","0","0","0","0","0","0","7","0","0","0","0","0","0","0","0","0","0","0","0","0","0","0","0","0","0","0","0","0","0"
"0x7052a1775ae0","      IADD3 R98, P4, R98, 0x4, RZ","8","0","8","130944","4190208","4190208","32","32","0","-","-","-","0","0","0","0","0","0","0","0","-","0","0","0","0","0","0","0","0","0","0","0","0","0","0","0","0","0","0","0","8","0","0","0","0","0","0","0","0","0","0","0","0","0","0","0","0","0","0","0","0","0","0"
"0x7052a1775af0","      IMAD.X R93, RZ, RZ, R93, P5","7","0","7","130944","4190208","4190208","32","32","0","-","-","-","0","0","0","0","0","0","0","0","-","0","0","0","0","0","0","0","0","0","0","0","0","0","0","0","0","0","0","0","7","0","0","0","0","0","0","0","0","0","0","0","0","0","0","0","0","0","0","0","0","0","0"
"0x7052a1775b00","      IADD3 R100, P5, R100, 0x4, RZ","8","0","8","130944","4190208","4190208","32","32","0","-","-","-","0","0","0","0","0","0","0","0","-","0","0","0","0","0","0","0","0","0","0","0","0","0","0","0","0","0","0","0","8","0","0","0","0","0","0","0","0","0","0","0","0","0","0","0","0","0","0","0","0","0","0"
"0x7052a1775b10","      IMAD.X R95, RZ, RZ, R95, P6","10","0","10","130944","4190208","4190208","32","32","0","-","-","-","0","0","0","0","0","0","0","0","-","0","0","0","0","0","0","0","0","0","0","0","0","0","0","0","0","0","0","0","10","0","0","0","0","0","0","0","0","0","0","0","0","0","0","0","0","0","0","0","0","0","0"
"0x7052a1775b20","      IADD3 R102, P6, R102, 0x4, RZ","8","0","8","130944","4190208","4190208","32","32","0","-","-","-","0","0","0","0","0","0","0","0","-","0","0","0","0","0","0","0","0","0","0","0","0","0","0","0","0","0","0","0","8","0","0","0","0","0","0","0","0","0","0","0","0","0","0","0","0","0","0","0","0","0","0"
"0x7052a1775b30","      IMAD.X R97, RZ, RZ, R97, P3","5","0","5","130944","4190208","4190208","32","32","0","-","-","-","0","0","0","0","0","0","0","0","-","0","0","0","0","0","0","0","0","0","0","0","0","0","0","0","0","0","0","0","5","0","0","0","0","0","0","0","0","0","0","0","0","0","0","0","0","0","0","0","0","0","0"
"0x7052a1775b40","      IADD3 R104, P3, R104, 0x4, RZ","14","0","14","130944","4190208","4190208","32","32","0","-","-","-","0","0","0","0","0","0","0","0","-","0","0","0","0","0","0","0","0","0","0","0","0","0","0","0","0","0","0","0","14","0","0","0","0","0","0","0","0","0","0","0","0","0","0","0","0","0","0","0","0","0","0"
"0x7052a1775b50","      IMAD.X R99, RZ, RZ, R99, P4","8","0","8","130944","4190208","4190208","32","32","0","-","-","-","0","0","0","0","0","0","0","0","-","0","0","0","0","0","0","0","0","0","0","0","0","0","0","0","0","0","0","0","8","0","0","0","0","0","0","0","0","0","0","0","0","0","0","0","0","0","0","0","0","0","0"
"0x7052a1775b60","      IADD3 R106, P4, R106, 0x4, RZ","7","0","7","130944","4190208","4190208","32","32","0","-","-","-","0","0","0","0","0","0","0","0","-","0","0","0","0","0","0","0","0","0","0","0","0","0","0","0","0","0","0","0","7","0","0","0","0","0","0","0","0","0","0","0","0","0","0","0","0","0","0","0","0","0","0"
"0x7052a1775b70","      IMAD.X R101, RZ, RZ, R101, P5","6","0","6","130944","4190208","4190208","32","32","0","-","-","-","0","0","0","0","0","0","0","0","-","0","0","0","0","0","0","0","0","0","0","0","0","0","0","0","0","0","0","0","6","0","0","0","0","0","0","0","0","0","0","0","0","0","0","0","0","0","0","0","0","0","0"
"0x7052a1775b80","      IADD3 R108, P5, R108, 0x4, RZ","13","0","13","130944","4190208","4190208","32","32","0","-","-","-","0","0","0","0","0","0","0","0","-","0","0","0","0","0","0","0","0","0","0","0","0","0","3","0","0","0","0","4","6","0","0","0","0","0","0","0","0","0","0","0","0","0","0","0","0","0","0","0","0","0","0"
"0x7052a1775b90","      IMAD.X R103, RZ, RZ, R103, P6","4","0","4","130944","4190208","4190208","32","32","0","-","-","-","0","0","0","0","0","0","0","0","-","0","0","0","0","0","0","0","0","0","0","0","0","0","0","0","0","0","0","0","4","0","0","0","0","0","0","0","0","0","0","0","0","0","0","0","0","0","0","0","0","0","0"
"0x7052a1775ba0","      IADD3 R110, P6, R110, 0x4, RZ","8","0","8","130944","4190208","4190208","32","32","0","-","-","-","0","0","0","0","0","0","0","0","-","0","0","0","0","0","0","0","0","0","0","0","0","0","0","0","0","0","0","0","8","0","0","0","0","0","0","0","0","0","0","0","0","0","0","0","0","0","0","0","0","0","0"
"0x7052a1775bb0","      IMAD.X R105, RZ, RZ, R105, P3","9","0","9","130944","4190208","4190208","32","32","0","-","-","-","0","0","0","0","0","0","0","0","-","0","0","0","0","0","0","0","0","0","0","0","0","0","0","0","0","0","0","0","9","0","0","0","0","0","0","0","0","0","0","0","0","0","0","0","0","0","0","0","0","0","0"
"0x7052a1775bc0","      IADD3 R112, P3, R112, 0x4, RZ","9","0","9","130944","4190208","4190208","32","32","0","-","-","-","0","0","0","0","0","0","0","0","-","0","0","0","0","0","0","0","0","0","0","0","0","0","0","0","0","0","0","0","9","0","0","0","0","0","0","0","0","0","0","0","0","0","0","0","0","0","0","0","0","0","0"
"0x7052a1775bd0","      IMAD.X R107, RZ, RZ, R107, P4","3","0","3","130944","4190208","4190208","32","32","0","-","-","-","0","0","0","0","0","0","0","0","-","0","0","0","0","0","0","0","0","0","0","0","0","0","0","0","0","0","0","0","3","0","0","0","0","0","0","0","0","0","0","0","0","0","0","0","0","0","0","0","0","0","0"
"0x7052a1775be0","      IADD3 R114, P4, R114, 0x4, RZ","3","0","3","130944","4190208","4190208","32","32","0","-","-","-","0","0","0","0","0","0","0","0","-","0","0","0","0","0","0","0","0","0","0","0","0","0","0","0","0","0","0","0","3","0","0","0","0","0","0","0","0","0","0","0","0","0","0","0","0","0","0","0","0","0","0"
"0x7052a1775bf0","      IMAD.X R109, RZ, RZ, R109, P5","5","0","5","130944","4190208","4190208","32","32","0","-","-","-","0","0","0","0","0","0","0","0","-","0","0","0","0","0","0","0","0","0","0","0","0","0","0","0","0","0","0","0","5","0","0","0","0","0","0","0","0","0","0","0","0","0","0","0","0","0","0","0","0","0","0"
"0x7052a1775c00","      IADD3 R116, P5, R116, 0x4, RZ","80","0","80","130944","4190208","4190208","32","32","0","-","-","-","0","0","0","0","0","0","0","0","-","0","0","0","0","0","0","0","0","0","0","0","0","0","36","0","0","0","4","31","9","0","0","0","0","0","0","0","0","0","0","0","0","0","0","0","0","0","0","0","0","0","0"
"0x7052a1775c10","      IMAD.X R111, RZ, RZ, R111, P6","10","0","10","130944","4190208","4190208","32","32","0","-","-","-","0","0","0","0","0","0","0","0","-","0","0","0","0","0","0","0","0","0","0","0","0","0","0","0","0","0","0","0","10","0","0","0","0","0","0","0","0","0","0","0","0","0","0","0","0","0","0","0","0","0","0"
"0x7052a1775c20","      IADD3 R118, P6, R118, 0x4, RZ","9","0","9","130944","4190208","4190208","32","32","0","-","-","-","0","0","0","0","0","0","0","0","-","0","0","0","0","0","0","0","0","0","0","0","0","0","0","0","0","0","0","0","9","0","0","0","0","0","0","0","0","0","0","0","0","0","0","0","0","0","0","0","0","0","0"
"0x7052a1775c30","      IMAD.X R113, RZ, RZ, R113, P3","7","0","7","130944","4190208","4190208","32","32","0","-","-","-","0","0","0","0","0","0","0","0","-","0","0","0","0","0","0","0","0","0","0","0","0","0","0","0","0","0","0","0","7","0","0","0","0","0","0","0","0","0","0","0","0","0","0","0","0","0","0","0","0","0","0"
"0x7052a1775c40","      IADD3 R120, P3, R120, 0x4, RZ","9","0","9","130944","4190208","4190208","32","32","0","-","-","-","0","0","0","0","0","0","0","0","-","0","0","0","0","0","0","0","0","0","0","0","0","0","0","0","0","0","0","0","9","0","0","0","0","0","0","0","0","0","0","0","0","0","0","0","0","0","0","0","0","0","0"
"0x7052a1775c50","      IMAD.X R115, RZ, RZ, R115, P4","10","0","10","130944","4190208","4190208","32","32","0","-","-","-","0","0","0","0","0","0","0","0","-","0","0","0","0","0","0","0","0","0","0","0","0","0","0","0","0","0","0","0","10","0","0","0","0","0","0","0","0","0","0","0","0","0","0","0","0","0","0","0","0","0","0"
"0x7052a1775c60","      IADD3 R122, P4, R122, 0x4, RZ","11","0","11","130944","4190208","4190208","32","32","0","-","-","-","0","0","0","0","0","0","0","0","-","0","0","0","0","0","0","0","0","0","0","0","0","0","0","0","0","0","0","0","11","0","0","0","0","0","0","0","0","0","0","0","0","0","0","0","0","0","0","0","0","0","0"
"0x7052a1775c70","      IMAD.X R117, RZ, RZ, R117, P5","6","0","6","130944","4190208","4190208","32","32","0","-","-","-","0","0","0","0","0","0","0","0","-","0","0","0","0","0","0","0","0","0","0","0","0","0","0","0","0","0","0","0","6","0","0","0","0","0","0","0","0","0","0","0","0","0","0","0","0","0","0","0","0","0","0"
"0x7052a1775c80","      IADD3 R124, P5, R124, 0x4, RZ","42","0","42","130944","4190208","4190208","32","32","0","-","-","-","0","0","0","0","0","0","0","0","-","0","0","0","0","0","0","0","0","0","0","0","0","0","17","0","0","0","1","14","10","0","0","0","0","0","0","0","0","0","0","0","0","0","0","0","0","0","0","0","0","0","0"
"0x7052a1775c90","      IMAD.X R119, RZ, RZ, R119, P6","8","0","8","130944","4190208","4190208","32","32","0","-","-","-","0","0","0","0","0","0","0","0","-","0","0","0","0","0","0","0","0","0","0","0","0","0","0","0","0","0","0","0","8","0","0","0","0","0","0","0","0","0","0","0","0","0","0","0","0","0","0","0","0","0","0"
"0x7052a1775ca0","      IADD3 R126, P6, R126, 0x4, RZ","4","0","4","130944","4190208","4190208","32","32","0","-","-","-","0","0","0","0","0","0","0","0","-","0","0","0","0","0","0","0","0","0","0","0","0","0","0","0","0","0","0","0","4","0","0","0","0","0","0","0","0","0","0","0","0","0","0","0","0","0","0","0","0","0","0"
"0x7052a1775cb0","      IMAD.X R121, RZ, RZ, R121, P3","8","0","8","130944","4190208","4190208","32","32","0","-","-","-","0","0","0","0","0","0","0","0","-","0","0","0","0","0","0","0","0","0","0","0","0","0","0","0","0","0","0","0","8","0","0","0","0","0","0","0","0","0","0","0","0","0","0","0","0","0","0","0","0","0","0"
"0x7052a1775cc0","      IADD3 R128, P3, R128, 0x4, RZ","13","0","13","130944","4190208","4190208","32","32","0","-","-","-","0","0","0","0","0","0","0","0","-","0","0","0","0","0","0","0","0","0","0","0","0","0","0","0","0","0","0","0","13","0","0","0","0","0","0","0","0","0","0","0","0","0","0","0","0","0","0","0","0","0","0"
"0x7052a1775cd0","      IMAD.X R123, RZ, RZ, R123, P4","6","0","6","130944","4190208","4190208","32","32","0","-","-","-","0","0","0","0","0","0","0","0","-","0","0","0","0","0","0","0","0","0","0","0","0","0","0","0","0","0","0","0","6","0","0","0","0","0","0","0","0","0","0","0","0","0","0","0","0","0","0","0","0","0","0"
"0x7052a1775ce0","      IADD3 R130, P4, R130, 0x4, RZ","10","0","10","130944","4190208","4190208","32","32","0","-","-","-","0","0","0","0","0","0","0","0","-","0","0","0","0","0","0","0","0","0","0","0","0","0","0","0","0","0","0","0","10","0","0","0","0","0","0","0","0","0","0","0","0","0","0","0","0","0","0","0","0","0","0"
"0x7052a1775cf0","      IMAD.X R125, RZ, RZ, R125, P5","9","0","9","130944","4190208","4190208","32","32","0","-","-","-","0","0","0","0","0","0","0","0","-","0","0","0","0","0","0","0","0","0","0","0","0","0","0","0","0","0","0","0","9","0","0","0","0","0","0","0","0","0","0","0","0","0","0","0","0","0","0","0","0","0","0"
"0x7052a1775d00","      IADD3 R132, P5, R132, 0x4, RZ","11","0","11","130944","4190208","4190208","32","32","0","-","-","-","0","0","0","0","0","0","0","0","-","0","0","0","0","0","0","0","0","0","0","0","0","0","1","0","0","0","0","5","5","0","0","0","0","0","0","0","0","0","0","0","0","0","0","0","0","0","0","0","0","0","0"
"0x7052a1775d10","      IMAD.X R127, RZ, RZ, R127, P6","8","0","8","130944","4190208","4190208","32","32","0","-","-","-","0","0","0","0","0","0","0","0","-","0","0","0","0","0","0","0","0","0","0","0","0","0","0","0","0","0","0","0","8","0","0","0","0","0","0","0","0","0","0","0","0","0","0","0","0","0","0","0","0","0","0"
"0x7052a1775d20","      IADD3 R134, P6, R134, 0x4, RZ","11","0","11","130944","4190208","4190208","32","32","0","-","-","-","0","0","0","0","0","0","0","0","-","0","0","0","0","0","0","0","0","0","0","0","0","0","0","0","0","0","0","0","11","0","0","0","0","0","0","0","0","0","0","0","0","0","0","0","0","0","0","0","0","0","0"
"0x7052a1775d30","      IMAD.X R129, RZ, RZ, R129, P3","12","0","12","130944","4190208","4190208","32","32","0","-","-","-","0","0","0","0","0","0","0","0","-","0","0","0","0","0","0","0","0","0","0","0","0","0","0","0","0","0","0","0","12","0","0","0","0","0","0","0","0","0","0","0","0","0","0","0","0","0","0","0","0","0","0"
"0x7052a1775d40","      IADD3 R136, P3, R136, 0x4, RZ","4","0","4","130944","4190208","4190208","32","32","0","-","-","-","0","0","0","0","0","0","0","0","-","0","0","0","0","0","0","0","0","0","0","0","0","0","0","0","0","0","0","0","4","0","0","0","0","0","0","0","0","0","0","0","0","0","0","0","0","0","0","0","0","0","0"
"0x7052a1775d50","      IMAD.X R131, RZ, RZ, R131, P4","8","0","8","130944","4190208","4190208","32","32","0","-","-","-","0","0","0","0","0","0","0","0","-","0","0","0","0","0","0","0","0","0","0","0","0","0","0","0","0","0","0","0","8","0","0","0","0","0","0","0","0","0","0","0","0","0","0","0","0","0","0","0","0","0","0"
"0x7052a1775d60","      IADD3 R138, P4, R138, 0x4, RZ","4","0","4","130944","4190208","4190208","32","32","0","-","-","-","0","0","0","0","0","0","0","0","-","0","0","0","0","0","0","0","0","0","0","0","0","0","0","0","0","0","0","0","4","0","0","0","0","0","0","0","0","0","0","0","0","0","0","0","0","0","0","0","0","0","0"
"0x7052a1775d70","      IMAD.X R133, RZ, RZ, R133, P5","8","0","8","130944","4190208","4190208","32","32","0","-","-","-","0","0","0","0","0","0","0","0","-","0","0","0","0","0","0","0","0","0","0","0","0","0","0","0","0","0","0","0","8","0","0","0","0","0","0","0","0","0","0","0","0","0","0","0","0","0","0","0","0","0","0"
"0x7052a1775d80","      IADD3 R140, P5, R140, 0x4, RZ","11","0","11","130944","4190208","4190208","32","32","0","-","-","-","0","0","0","0","0","0","0","0","-","0","0","0","0","0","0","0","0","0","0","0","0","0","2","0","0","0","0","3","6","0","0","0","0","0","0","0","0","0","0","0","0","0","0","0","0","0","0","0","0","0","0"
"0x7052a1775d90","      IMAD.X R135, RZ, RZ, R135, P6","6","0","6","130944","4190208","4190208","32","32","0","-","-","-","0","0","0","0","0","0","0","0","-","0","0","0","0","0","0","0","0","0","0","0","0","0","0","0","0","0","0","0","6","0","0","0","0","0","0","0","0","0","0","0","0","0","0","0","0","0","0","0","0","0","0"
"0x7052a1775da0","      IADD3 R142, P6, R142, 0x4, RZ","12","0","12","130944","4190208","4190208","32","32","0","-","-","-","0","0","0","0","0","0","0","0","-","0","0","0","0","0","0","0","0","0","0","0","0","0","0","0","0","0","0","0","12","0","0","0","0","0","0","0","0","0","0","0","0","0","0","0","0","0","0","0","0","0","0"
"0x7052a1775db0","      IMAD.X R137, RZ, RZ, R137, P3","5","0","5","130944","4190208","4190208","32","32","0","-","-","-","0","0","0","0","0","0","0","0","-","0","0","0","0","0","0","0","0","0","0","0","0","0","0","0","0","0","0","0","5","0","0","0","0","0","0","0","0","0","0","0","0","0","0","0","0","0","0","0","0","0","0"
"0x7052a1775dc0","      IADD3 R144, P3, R144, 0x4, RZ","9","0","9","130944","4190208","4190208","32","32","0","-","-","-","0","0","0","0","0","0","0","0","-","0","0","0","0","0","0","0","0","0","0","0","0","0","0","0","0","0","0","0","9","0","0","0","0","0","0","0","0","0","0","0","0","0","0","0","0","0","0","0","0","0","0"
"0x7052a1775dd0","      IMAD.X R139, RZ, RZ, R139, P4","9","0","9","130944","4190208","4190208","32","32","0","-","-","-","0","0","0","0","0","0","0","0","-","0","0","0","0","0","0","0","0","0","0","0","0","0","0","0","0","0","0","0","9","0","0","0","0","0","0","0","0","0","0","0","0","0","0","0","0","0","0","0","0","0","0"
"0x7052a1775de0","      IADD3 R146, P4, R146, 0x4, RZ","11","0","11","130944","4190208","4190208","32","32","0","-","-","-","0","0","0","0","0","0","0","0","-","0","0","0","0","0","0","0","0","0","0","0","0","0","0","0","0","0","0","0","11","0","0","0","0","0","0","0","0","0","0","0","0","0","0","0","0","0","0","0","0","0","0"
"0x7052a1775df0","      IMAD.X R141, RZ, RZ, R141, P5","7","0","7","130944","4190208","4190208","32","32","0","-","-","-","0","0","0","0","0","0","0","0","-","0","0","0","0","0","0","0","0","0","0","0","0","0","0","0","0","0","0","0","7","0","0","0","0","0","0","0","0","0","0","0","0","0","0","0","0","0","0","0","0","0","0"
"0x7052a1775e00","      IADD3 R148, P5, R148, 0x4, RZ","5","0","5","130944","4190208","4190208","32","32","0","-","-","-","0","0","0","0","0","0","0","0","-","0","0","0","0","0","0","0","0","0","0","0","0","0","0","0","0","0","0","0","5","0","0","0","0","0","0","0","0","0","0","0","0","0","0","0","0","0","0","0","0","0","0"
"0x7052a1775e10","      IMAD.X R143, RZ, RZ, R143, P6","6","0","6","130944","4190208","4190208","32","32","0","-","-","-","0","0","0","0","0","0","0","0","-","0","0","0","0","0","0","0","0","0","0","0","0","0","0","0","0","0","0","0","6","0","0","0","0","0","0","0","0","0","0","0","0","0","0","0","0","0","0","0","0","0","0"
"0x7052a1775e20","      IMAD.X R145, RZ, RZ, R145, P3","171","22","171","130944","4190208","4190208","32","32","0","-","-","-","0","0","0","0","0","0","0","0","-","0","0","0","0","0","0","0","0","0","0","0","0","0","77","0","0","0","0","74","11","0","0","0","9","0","0","0","0","0","0","0","16","0","0","0","0","0","0","0","0","0","6"
"0x7052a1775e30","      IMAD.X R147, RZ, RZ, R147, P4","50","17","50","130944","4190208","4190208","32","32","0","-","-","-","0","0","0","0","0","0","0","0","-","0","0","0","0","0","0","0","0","0","0","0","0","0","12","0","0","0","0","13","8","0","0","0","17","0","0","0","0","0","0","0","2","0","0","0","0","0","0","0","0","0","15"
"0x7052a1775e40","      IMAD.X R151, RZ, RZ, R151, P5","19","8","19","130944","4190208","4190208","32","32","0","-","-","-","0","0","0","0","0","0","0","0","-","0","0","0","0","0","0","0","0","0","0","0","0","0","0","0","0","0","0","0","11","0","0","0","8","0","0","0","0","0","0","0","0","0","0","0","0","0","0","0","0","0","8"
"0x7052a1775e50","      UMOV UR4, UR8","212","133","212","270336","8650752","8650752","32","32","0","-","-","-","0","0","0","0","0","0","0","0","-","0","0","0","0","0","0","0","25","0","0","0","0","0","0","0","0","0","118","8","12","0","0","0","49","0","13","0","0","0","0","0","0","0","0","0","99","0","0","0","0","0","21"
"0x7052a1775e60","      IMAD.X R169, RZ, RZ, R169, P0","11","0","11","270336","8650752","8650752","32","32","0","-","-","-","0","0","0","0","0","0","0","0","-","0","0","0","0","0","0","0","0","0","0","0","0","0","0","0","0","0","0","0","11","0","0","0","0","0","0","0","0","0","0","0","0","0","0","0","0","0","0","0","0","0","0"
"0x7052a1775e70","      IMAD.X R170, RZ, RZ, R170, P1","29","10","29","270336","8650752","8650752","32","32","0","-","-","-","0","0","0","0","0","0","0","0","-","0","0","0","0","0","0","0","0","0","0","0","0","0","0","0","0","0","0","0","18","0","0","0","11","0","0","0","0","0","0","0","0","0","0","0","0","0","0","0","0","0","10"
"0x7052a1775e80","@P2   BRA 0x7052a17741a0","31","11","31","270336","8650752","8515584","32","31","0","-","-","-","0","0","0","0","0","0","0","0","-","0","0","0","0","0","0","0","0","0","0","0","0","0","0","0","0","0","13","1","17","0","0","0","0","0","0","0","0","0","0","0","0","0","0","0","11","0","0","0","0","0","0"
"0x7052a1775e90","      IMAD.SHL.U32 R2, R197, 0x80, RZ","75","50","75","4224","135168","135168","32","32","0","-","-","-","0","0","0","0","0","0","0","0","-","0","0","0","0","0","0","0","0","0","0","0","0","0","0","0","0","0","0","0","11","0","0","0","64","0","0","0","0","0","0","0","0","0","0","0","0","0","0","0","0","0","50"
"0x7052a1775ea0","      DEPBAR.LE SB0, 0x0","0","0","0","4224","135168","135168","32","32","0","-","-","-","0","0","0","0","0","0","0","0","-","0","0","0","0","0","0","0","0","0","0","0","0","0","0","0","0","0","0","0","0","0","0","0","0","0","0","0","0","0","0","0","0","0","0","0","0","0","0","0","0","0","0"
"0x7052a1775eb0","      IMAD.SHL.U32 R24, R197, 0x40, RZ","1","1","1","4224","135168","135168","32","32","0","-","-","-","0","0","0","0","0","0","0","0","-","0","0","0","0","0","0","0","0","0","0","0","0","0","0","0","0","0","0","0","0","0","0","0","1","0","0","0","0","0","0","0","0","0","0","0","0","0","0","0","0","0","1"
"0x7052a1775ec0","      LOP3.LUT R82, R197, 0x10, RZ, 0xc0, !PT","0","0","0","4224","135168","135168","32","32","0","-","-","-","0","0","0","0","0","0","0","0","-","0","0","0","0","0","0","0","0","0","0","0","0","0","0","0","0","0","0","0","0","0","0","0","0","0","0","0","0","0","0","0","0","0","0","0","0","0","0","0","0","0","0"
"0x7052a1775ed0","      IMAD.SHL.U32 R73, R197, 0x8, RZ","0","0","0","4224","135168","135168","32","32","0","-","-","-","0","0","0","0","0","0","0","0","-","0","0","0","0","0","0","0","0","0","0","0","0","0","0","0","0","0","0","0","0","0","0","0","0","0","0","0","0","0","0","0","0","0","0","0","0","0","0","0","0","0","0"
"0x7052a1775ee0","      LOP3.LUT R3, R2, 0x780, RZ, 0xc0, !PT","0","0","0","4224","135168","135168","32","32","0","-","-","-","0","0","0","0","0","0","0","0","-","0","0","0","0","0","0","0","0","0","0","0","0","0","0","0","0","0","0","0","0","0","0","0","0","0","0","0","0","0","0","0","0","0","0","0","0","0","0","0","0","0","0"
"0x7052a1775ef0","      ULDC UR4, c[0x0][0x23c]","0","0","0","4224","135168","135168","32","32","0","-","-","-","0","0","0","0","0","0","0","0","-","0","0","0","0","0","0","0","0","0","0","0","0","0","0","0","0","0","0","0","0","0","0","0","0","0","0","0","0","0","0","0","0","0","0","0","0","0","0","0","0","0","0"
"0x7052a1775f00","      SHF.R.U32.HI R2, RZ, 0x3, R69","0","0","0","4224","135168","135168","32","32","0","-","-","-","0","0","0","0","0","0","0","0","-","0","0","0","0","0","0","0","0","0","0","0","0","0","0","0","0","0","0","0","0","0","0","0","0","0","0","0","0","0","0","0","0","0","0","0","0","0","0","0","0","0","0"
"0x7052a1775f10","      VIADD R28, R73, 0x1800","1","0","1","4224","135168","135168","32","32","0","-","-","-","0","0","0","0","0","0","0","0","-","0","0","0","0","0","0","0","0","0","0","0","0","0","0","0","0","0","0","0","1","0","0","0","0","0","0","0","0","0","0","0","0","0","0","0","0","0","0","0","0","0","0"
"0x7052a1775f20","      LOP3.LUT R24, R24, 0x1800, RZ, 0xc0, !PT","0","0","0","4224","135168","135168","32","32","0","-","-","-","0","0","0","0","0","0","0","0","-","0","0","0","0","0","0","0","0","0","0","0","0","0","0","0","0","0","0","0","0","0","0","0","0","0","0","0","0","0","0","0","0","0","0","0","0","0","0","0","0","0","0"
"0x7052a1775f30","      IMAD R51, R75, UR4, RZ","0","0","0","4224","135168","135168","32","32","0","-","-","-","0","0","0","0","0","0","0","0","-","0","0","0","0","0","0","0","0","0","0","0","0","0","0","0","0","0","0","0","0","0","0","0","0","0","0","0","0","0","0","0","0","0","0","0","0","0","0","0","0","0","0"
"0x7052a1775f40","      LEA.HI R3, R82, R3, RZ, 0x1f","0","0","0","4224","135168","135168","32","32","0","-","-","-","0","0","0","0","0","0","0","0","-","0","0","0","0","0","0","0","0","0","0","0","0","0","0","0","0","0","0","0","0","0","0","0","0","0","0","0","0","0","0","0","0","0","0","0","0","0","0","0","0","0","0"
"0x7052a1775f50","      IMAD R53, R76, UR4, RZ","0","0","0","4224","135168","135168","32","32","0","-","-","-","0","0","0","0","0","0","0","0","-","0","0","0","0","0","0","0","0","0","0","0","0","0","0","0","0","0","0","0","0","0","0","0","0","0","0","0","0","0","0","0","0","0","0","0","0","0","0","0","0","0","0"
"0x7052a1775f60","      LOP3.LUT R49, R197, 0x80, RZ, 0xc0, !PT","1","0","1","4224","135168","135168","32","32","0","-","-","-","0","0","0","0","0","0","0","0","-","0","0","0","0","0","0","0","0","0","0","0","0","0","0","0","0","0","0","0","1","0","0","0","0","0","0","0","0","0","0","0","0","0","0","0","0","0","0","0","0","0","0"
"0x7052a1775f70","      LOP3.LUT R2, R2, 0x7f8, RZ, 0xc0, !PT","5","0","5","4224","135168","135168","32","32","0","-","-","-","0","0","0","0","0","0","0","0","-","0","0","0","0","0","0","0","0","0","0","0","0","0","3","0","0","0","0","2","0","0","0","0","0","0","0","0","0","0","0","0","0","0","0","0","0","0","0","0","0","0","0"
"0x7052a1775f80","      IMAD.IADD R24, R3, 0x1, R24","0","0","0","4224","135168","135168","32","32","0","-","-","-","0","0","0","0","0","0","0","0","-","0","0","0","0","0","0","0","0","0","0","0","0","0","0","0","0","0","0","0","0","0","0","0","0","0","0","0","0","0","0","0","0","0","0","0","0","0","0","0","0","0","0"
"0x7052a1775f90","      LOP3.LUT R26, R68, 0x3000, RZ, 0xfc, !PT","1","0","1","4224","135168","135168","32","32","0","-","-","-","0","0","0","0","0","0","0","0","-","0","0","0","0","0","0","0","0","0","0","0","0","0","0","0","0","0","0","0","1","0","0","0","0","0","0","0","0","0","0","0","0","0","0","0","0","0","0","0","0","0","0"
"0x7052a1775fa0","      SHF.R.U32.HI R28, RZ, 0x3, R28","1","0","1","4224","135168","135168","32","32","0","-","-","-","0","0","0","0","0","0","0","0","-","0","0","0","0","0","0","0","0","0","0","0","0","0","0","0","0","0","0","0","1","0","0","0","0","0","0","0","0","0","0","0","0","0","0","0","0","0","0","0","0","0","0"
"0x7052a1775fb0","      VIADD R3, R2, UR6","1","0","1","4224","135168","135168","32","32","0","-","-","-","0","0","0","0","0","0","0","0","-","0","0","0","0","0","0","0","0","0","0","0","0","0","0","0","0","0","0","0","1","0","0","0","0","0","0","0","0","0","0","0","0","0","0","0","0","0","0","0","0","0","0"
"0x7052a1775fc0","      LOP3.LUT R2, R68, 0x1000, RZ, 0xfc, !PT","0","0","0","4224","135168","135168","32","32","0","-","-","-","0","0","0","0","0","0","0","0","-","0","0","0","0","0","0","0","0","0","0","0","0","0","0","0","0","0","0","0","0","0","0","0","0","0","0","0","0","0","0","0","0","0","0","0","0","0","0","0","0","0","0"
"0x7052a1775fd0","      IMAD R24, R49, 0x40, R24","0","0","0","4224","135168","135168","32","32","0","-","-","-","0","0","0","0","0","0","0","0","-","0","0","0","0","0","0","0","0","0","0","0","0","0","0","0","0","0","0","0","0","0","0","0","0","0","0","0","0","0","0","0","0","0","0","0","0","0","0","0","0","0","0"
"0x7052a1775fe0","      SHF.R.U32.HI R26, RZ, 0x3, R26","1","0","1","4224","135168","135168","32","32","0","-","-","-","0","0","0","0","0","0","0","0","-","0","0","0","0","0","0","0","0","0","0","0","0","0","0","0","0","0","0","0","1","0","0","0","0","0","0","0","0","0","0","0","0","0","0","0","0","0","0","0","0","0","0"
"0x7052a1775ff0","      LOP3.LUT R28, R28, 0x3f0, RZ, 0xc0, !PT","0","0","0","4224","135168","135168","32","32","0","-","-","-","0","0","0","0","0","0","0","0","-","0","0","0","0","0","0","0","0","0","0","0","0","0","0","0","0","0","0","0","0","0","0","0","0","0","0","0","0","0","0","0","0","0","0","0","0","0","0","0","0","0","0"
"0x7052a1776000","      IMAD R27, R24, 0x2, R3","0","0","0","4224","135168","135168","32","32","0","-","-","-","0","0","0","0","0","0","0","0","-","0","0","0","0","0","0","0","0","0","0","0","0","0","0","0","0","0","0","0","0","0","0","0","0","0","0","0","0","0","0","0","0","0","0","0","0","0","0","0","0","0","0"
"0x7052a1776010","      BAR.SYNC.DEFER_BLOCKING 0x0","0","0","0","4224","135168","135168","32","32","0","-","-","-","0","0","0","0","0","0","0","0","-","0","0","0","0","0","0","0","0","0","0","0","0","0","0","0","0","0","0","0","0","0","0","0","0","0","0","0","0","0","0","0","0","0","0","0","0","0","0","0","0","0","0"
"0x7052a1776020","      LOP3.LUT R24, R68, 0x2800, RZ, 0xfc, !PT","0","0","0","4224","135168","135168","32","32","0","-","-","-","0","0","0","0","0","0","0","0","-","0","0","0","0","0","0","0","0","0","0","0","0","0","0","0","0","0","0","0","0","0","0","0","0","0","0","0","0","0","0","0","0","0","0","0","0","0","0","0","0","0","0"
"0x7052a1776030","      SHF.R.U32.HI R3, RZ, 0x3, R2","3","0","3","4224","135168","135168","32","32","0","-","-","-","0","0","0","0","0","0","0","0","-","0","0","0","0","0","0","0","0","0","0","0","0","0","2","0","0","0","0","0","1","0","0","0","0","0","0","0","0","0","0","0","0","0","0","0","0","0","0","0","0","0","0"
"0x7052a1776040","      VIADD R2, R73, 0x3800","0","0","0","4224","135168","135168","32","32","0","-","-","-","0","0","0","0","0","0","0","0","-","0","0","0","0","0","0","0","0","0","0","0","0","0","0","0","0","0","0","0","0","0","0","0","0","0","0","0","0","0","0","0","0","0","0","0","0","0","0","0","0","0","0"
"0x7052a1776050","      SHF.R.U32.HI R25, RZ, 0x3, R24","0","0","0","4224","135168","135168","32","32","0","-","-","-","0","0","0","0","0","0","0","0","-","0","0","0","0","0","0","0","0","0","0","0","0","0","0","0","0","0","0","0","0","0","0","0","0","0","0","0","0","0","0","0","0","0","0","0","0","0","0","0","0","0","0"
"0x7052a1776060","      VIADD R24, R73, 0x2000","0","0","0","4224","135168","135168","32","32","0","-","-","-","0","0","0","0","0","0","0","0","-","0","0","0","0","0","0","0","0","0","0","0","0","0","0","0","0","0","0","0","0","0","0","0","0","0","0","0","0","0","0","0","0","0","0","0","0","0","0","0","0","0","0"
"0x7052a1776070","      LOP3.LUT R3, R3, 0x2f0, RZ, 0xc0, !PT","0","0","0","4224","135168","135168","32","32","0","-","-","-","0","0","0","0","0","0","0","0","-","0","0","0","0","0","0","0","0","0","0","0","0","0","0","0","0","0","0","0","0","0","0","0","0","0","0","0","0","0","0","0","0","0","0","0","0","0","0","0","0","0","0"
"0x7052a1776080","      VIADD R28, R28, UR6","0","0","0","4224","135168","135168","32","32","0","-","-","-","0","0","0","0","0","0","0","0","-","0","0","0","0","0","0","0","0","0","0","0","0","0","0","0","0","0","0","0","0","0","0","0","0","0","0","0","0","0","0","0","0","0","0","0","0","0","0","0","0","0","0"
"0x7052a1776090","      SHF.R.U32.HI R2, RZ, 0x3, R2","0","0","0","4224","135168","135168","32","32","0","-","-","-","0","0","0","0","0","0","0","0","-","0","0","0","0","0","0","0","0","0","0","0","0","0","0","0","0","0","0","0","0","0","0","0","0","0","0","0","0","0","0","0","0","0","0","0","0","0","0","0","0","0","0"
"0x7052a17760a0","      SHF.R.U32.HI R24, RZ, 0x3, R24","0","0","0","4224","135168","135168","32","32","0","-","-","-","0","0","0","0","0","0","0","0","-","0","0","0","0","0","0","0","0","0","0","0","0","0","0","0","0","0","0","0","0","0","0","0","0","0","0","0","0","0","0","0","0","0","0","0","0","0","0","0","0","0","0"
"0x7052a17760b0","      VIADD R3, R3, UR6","0","0","0","4224","135168","135168","32","32","0","-","-","-","0","0","0","0","0","0","0","0","-","0","0","0","0","0","0","0","0","0","0","0","0","0","0","0","0","0","0","0","0","0","0","0","0","0","0","0","0","0","0","0","0","0","0","0","0","0","0","0","0","0","0"
"0x7052a17760c0","      LOP3.LUT R25, R25, 0x5f0, RZ, 0xc0, !PT","0","0","0","4224","135168","135168","32","32","0","-","-","-","0","0","0","0","0","0","0","0","-","0","0","0","0","0","0","0","0","0","0","0","0","0","0","0","0","0","0","0","0","0","0","0","0","0","0","0","0","0","0","0","0","0","0","0","0","0","0","0","0","0","0"
"0x7052a17760d0","      IMAD R28, R73, 0x2, R28","0","0","0","4224","135168","135168","32","32","0","-","-","-","0","0","0","0","0","0","0","0","-","0","0","0","0","0","0","0","0","0","0","0","0","0","0","0","0","0","0","0","0","0","0","0","0","0","0","0","0","0","0","0","0","0","0","0","0","0","0","0","0","0","0"
"0x7052a17760e0","      LOP3.LUT R26, R26, 0x6f0, RZ, 0xc0, !PT","0","0","0","4224","135168","135168","32","32","0","-","-","-","0","0","0","0","0","0","0","0","-","0","0","0","0","0","0","0","0","0","0","0","0","0","0","0","0","0","0","0","0","0","0","0","0","0","0","0","0","0","0","0","0","0","0","0","0","0","0","0","0","0","0"
"0x7052a17760f0","      LOP3.LUT R2, R2, 0x7f0, RZ, 0xc0, !PT","3","0","3","4224","135168","135168","32","32","0","-","-","-","0","0","0","0","0","0","0","0","-","0","0","0","0","0","0","0","0","0","0","0","0","0","1","0","0","0","0","2","0","0","0","0","0","0","0","0","0","0","0","0","0","0","0","0","0","0","0","0","0","0","0"
"0x7052a1776100","      LOP3.LUT R24, R24, 0x4f0, RZ, 0xc0, !PT","0","0","0","4224","135168","135168","32","32","0","-","-","-","0","0","0","0","0","0","0","0","-","0","0","0","0","0","0","0","0","0","0","0","0","0","0","0","0","0","0","0","0","0","0","0","0","0","0","0","0","0","0","0","0","0","0","0","0","0","0","0","0","0","0"
"0x7052a1776110","      VIADD R29, R26, UR6","1","0","1","4224","135168","135168","32","32","0","-","-","-","0","0","0","0","0","0","0","0","-","0","0","0","0","0","0","0","0","0","0","0","0","0","0","0","0","0","0","0","1","0","0","0","0","0","0","0","0","0","0","0","0","0","0","0","0","0","0","0","0","0","0"
"0x7052a1776120","      LOP3.LUT R54, R73, 0x7f8, RZ, 0xc0, !PT","0","0","0","4224","135168","135168","32","32","0","-","-","-","0","0","0","0","0","0","0","0","-","0","0","0","0","0","0","0","0","0","0","0","0","0","0","0","0","0","0","0","0","0","0","0","0","0","0","0","0","0","0","0","0","0","0","0","0","0","0","0","0","0","0"
"0x7052a1776130","      VIADD R2, R2, UR6","0","0","0","4224","135168","135168","32","32","0","-","-","-","0","0","0","0","0","0","0","0","-","0","0","0","0","0","0","0","0","0","0","0","0","0","0","0","0","0","0","0","0","0","0","0","0","0","0","0","0","0","0","0","0","0","0","0","0","0","0","0","0","0","0"
"0x7052a1776140","      PLOP3.LUT P0, PT, PT, PT, UP3, 0x80, 0x0","0","0","0","4224","135168","135168","32","32","0","-","-","-","0","0","0","0","0","0","0","0","-","0","0","0","0","0","0","0","0","0","0","0","0","0","0","0","0","0","0","0","0","0","0","0","0","0","0","0","0","0","0","0","0","0","0","0","0","0","0","0","0","0","0"
"0x7052a1776150","      STSM.16.M88.4 [R27], R64","0","0","0","4224","135168","135168","32","32","0","Shared","Store","128","0","4","0","16896","16896","0","0","0","-","0","0","0","0","0","0","0","0","0","0","0","0","0","0","0","0","0","0","0","0","0","0","0","0","0","0","0","0","0","0","0","0","0","0","0","0","0","0","0","0","0","0"
"0x7052a1776160","      LOP3.LUT R48, R197, 0xf0, RZ, 0xc0, !PT","1","0","1","4224","135168","135168","32","32","0","-","-","-","0","0","0","0","0","0","0","0","-","0","0","0","0","0","0","0","0","0","0","0","0","0","0","0","0","0","0","0","1","0","0","0","0","0","0","0","0","0","0","0","0","0","0","0","0","0","0","0","0","0","0"
"0x7052a1776170","      IMAD R40, R54, 0x2, R29","0","0","0","4224","135168","135168","32","32","0","-","-","-","0","0","0","0","0","0","0","0","-","0","0","0","0","0","0","0","0","0","0","0","0","0","0","0","0","0","0","0","0","0","0","0","0","0","0","0","0","0","0","0","0","0","0","0","0","0","0","0","0","0","0"
"0x7052a1776180","      STSM.16.M88.4 [R27+0x20], R60","1","0","1","4224","135168","135168","32","32","0","Shared","Store","128","0","4","0","16896","16896","0","0","0","-","0","0","0","0","0","0","0","0","0","0","0","0","0","0","0","0","0","0","0","0","0","0","0","1","0","0","0","0","0","0","0","0","0","0","0","0","0","0","0","0","0","0"
"0x7052a1776190","      IMAD R44, R73, 0x2, R2","0","0","0","4224","135168","135168","32","32","0","-","-","-","0","0","0","0","0","0","0","0","-","0","0","0","0","0","0","0","0","0","0","0","0","0","0","0","0","0","0","0","0","0","0","0","0","0","0","0","0","0","0","0","0","0","0","0","0","0","0","0","0","0","0"
"0x7052a17761a0","      VIADD R55, R48, UR6","3","1","3","4224","135168","135168","32","32","0","-","-","-","0","0","0","0","0","0","0","0","-","0","0","0","0","0","0","0","0","0","0","0","0","0","2","0","0","0","0","1","0","0","0","0","0","0","0","0","0","0","0","0","1","0","0","0","0","0","0","0","0","0","0"
"0x7052a17761b0","      STSM.16.M88.4 [R27+0x40], R56","0","0","0","4224","135168","135168","32","32","0","Shared","Store","128","0","4","0","16896","16896","0","0","0","-","0","0","0","0","0","0","0","0","0","0","0","0","0","0","0","0","0","0","0","0","0","0","0","0","0","0","0","0","0","0","0","0","0","0","0","0","0","0","0","0","0","0"
"0x7052a17761c0","      IMAD R48, R54, 0x2, R55","0","0","0","4224","135168","135168","32","32","0","-","-","-","0","0","0","0","0","0","0","0","-","0","0","0","0","0","0","0","0","0","0","0","0","0","0","0","0","0","0","0","0","0","0","0","0","0","0","0","0","0","0","0","0","0","0","0","0","0","0","0","0","0","0"
"0x7052a17761d0","      STSM.16.M88.4 [R27+0x60], R20","0","0","0","4224","135168","135168","32","32","0","Shared","Store","128","0","4","0","16896","16896","0","0","0","-","0","0","0","0","0","0","0","0","0","0","0","0","0","0","0","0","0","0","0","0","0","0","0","0","0","0","0","0","0","0","0","0","0","0","0","0","0","0","0","0","0","0"
"0x7052a17761e0","      STSM.16.M88.4 [R27+0x80], R16","0","0","0","4224","135168","135168","32","32","0","Shared","Store","128","0","4","0","16896","16896","0","0","0","-","0","0","0","0","0","0","0","0","0","0","0","0","0","0","0","0","0","0","0","0","0","0","0","0","0","0","0","0","0","0","0","0","0","0","0","0","0","0","0","0","0","0"
"0x7052a17761f0","      STSM.16.M88.4 [R27+0xa0], R12","0","0","0","4224","135168","135168","32","32","0","Shared","Store","128","0","4","0","16896","16896","0","0","0","-","0","0","0","0","0","0","0","0","0","0","0","0","0","0","0","0","0","0","0","0","0","0","0","0","0","0","0","0","0","0","0","0","0","0","0","0","0","0","0","0","0","0"
"0x7052a1776200","      STSM.16.M88.4 [R27+0xc0], R8","5","5","5","4224","135168","135168","32","32","0","Shared","Store","128","0","4","0","16896","16896","0","0","0","-","0","0","0","0","0","0","0","0","0","0","0","0","0","0","0","5","0","0","0","0","0","0","0","0","0","0","0","0","0","0","0","0","0","5","0","0","0","0","0","0","0","0"
"0x7052a1776210","      STSM.16.M88.4 [R27+0xe0], R4","4","4","4","4224","135168","135168","32","32","0","Shared","Store","128","0","4","0","16896","16896","0","0","0","-","0","0","0","0","0","0","0","0","0","0","0","0","0","0","0","0","0","0","0","0","0","0","0","4","0","0","0","0","0","0","0","0","0","0","0","0","0","0","0","0","0","4"
"0x7052a1776220","      BAR.SYNC.DEFER_BLOCKING 0x0","0","0","0","4224","135168","135168","32","32","0","-","-","-","0","0","0","0","0","0","0","0","-","0","0","0","0","0","0","0","0","0","0","0","0","0","0","0","0","0","0","0","0","0","0","0","0","0","0","0","0","0","0","0","0","0","0","0","0","0","0","0","0","0","0"
"0x7052a1776230","      VIADD R27, R25, UR6","38","35","38","4224","135168","135168","32","32","0","-","-","-","0","0","0","0","0","0","0","0","-","0","0","0","0","0","0","0","0","0","0","0","0","0","0","0","0","0","0","0","0","38","0","0","0","0","0","0","0","0","0","0","0","0","0","0","0","0","0","35","0","0","0"
"0x7052a1776240","      VIADD R25, R24, UR6","1","1","1","4224","135168","135168","32","32","0","-","-","-","0","0","0","0","0","0","0","0","-","0","0","0","0","0","0","0","0","0","0","0","0","0","0","0","0","0","0","0","0","0","0","0","1","0","0","0","0","0","0","0","0","0","0","0","0","0","0","0","0","0","1"
"0x7052a1776250","      IMAD R24, R54, 0x2, R3","0","0","0","4224","135168","135168","32","32","0","-","-","-","0","0","0","0","0","0","0","0","-","0","0","0","0","0","0","0","0","0","0","0","0","0","0","0","0","0","0","0","0","0","0","0","0","0","0","0","0","0","0","0","0","0","0","0","0","0","0","0","0","0","0"
"0x7052a1776260","      IMAD R36, R54, 0x2, R27","0","0","0","4224","135168","135168","32","32","0","-","-","-","0","0","0","0","0","0","0","0","-","0","0","0","0","0","0","0","0","0","0","0","0","0","0","0","0","0","0","0","0","0","0","0","0","0","0","0","0","0","0","0","0","0","0","0","0","0","0","0","0","0","0"
"0x7052a1776270","      LDC.64 R2, c[0x0][0x220]","0","0","0","4224","135168","135168","32","32","0","-","-","-","0","0","0","0","0","0","0","0","-","0","0","0","0","0","0","0","0","0","0","0","0","0","0","0","0","0","0","0","0","0","0","0","0","0","0","0","0","0","0","0","0","0","0","0","0","0","0","0","0","0","0"
"0x7052a1776280","      IMAD R32, R54, 0x2, R25","0","0","0","4224","135168","135168","32","32","0","-","-","-","0","0","0","0","0","0","0","0","-","0","0","0","0","0","0","0","0","0","0","0","0","0","0","0","0","0","0","0","0","0","0","0","0","0","0","0","0","0","0","0","0","0","0","0","0","0","0","0","0","0","0"
"0x7052a1776290","      LDS.128 R24, [R24+0x2000]","1","1","1","4224","135168","135168","32","32","0","Shared","Load","128","0","4","0","16896","16896","0","0","0","-","0","0","0","0","0","0","0","0","0","0","0","0","0","0","0","0","0","0","0","0","0","0","0","1","0","0","0","0","0","0","0","0","0","0","0","0","0","0","0","0","0","1"
"0x7052a17762a0","      LDS.128 R28, [R28+0x3000]","0","0","0","4224","135168","135168","32","32","0","Shared","Load","128","0","4","0","16896","16896","0","0","0","-","0","0","0","0","0","0","0","0","0","0","0","0","0","0","0","0","0","0","0","0","0","0","0","0","0","0","0","0","0","0","0","0","0","0","0","0","0","0","0","0","0","0"
"0x7052a17762b0","      LDS.128 R32, [R32+0x4000]","1","0","1","4224","135168","135168","32","32","0","Shared","Load","128","0","4","0","16896","16896","0","0","0","-","0","0","0","0","0","0","0","0","0","0","0","0","0","0","0","0","0","0","0","0","0","0","0","1","0","0","0","0","0","0","0","0","0","0","0","0","0","0","0","0","0","0"
"0x7052a17762c0","      LDS.128 R36, [R36+0x5000]","2","1","2","4224","135168","135168","32","32","0","Shared","Load","128","0","4","0","16896","16896","0","0","0","-","0","0","0","0","0","0","0","0","0","0","0","0","0","0","0","0","0","0","0","0","0","0","0","2","0","0","0","0","0","0","0","0","0","0","0","0","0","0","0","0","0","1"
"0x7052a17762d0","      LDS.128 R40, [R40+0x6000]","0","0","0","4224","135168","135168","32","32","0","Shared","Load","128","0","4","0","16896","16896","0","0","0","-","0","0","0","0","0","0","0","0","0","0","0","0","0","0","0","0","0","0","0","0","0","0","0","0","0","0","0","0","0","0","0","0","0","0","0","0","0","0","0","0","0","0"
"0x7052a17762e0","      IMAD.WIDE R50, R51, 0x2, R2","3","3","3","4224","135168","135168","32","32","0","-","-","-","0","0","0","0","0","0","0","0","-","0","0","0","0","0","0","0","0","0","0","0","0","0","2","0","0","0","0","0","0","1","0","0","0","0","0","0","0","0","0","0","2","0","0","0","0","0","0","1","0","0","0"
"0x7052a17762f0","      LDS.128 R44, [R44+0x7000]","1","1","1","4224","135168","135168","32","32","0","Shared","Load","128","0","4","0","16896","16896","0","0","0","-","0","0","0","0","0","0","0","0","0","0","0","0","0","0","0","0","0","0","0","0","0","0","0","1","0","0","0","0","0","0","0","0","0","0","0","0","0","0","0","0","0","1"
"0x7052a1776300","      IMAD.WIDE R52, R53, 0x2, R2","0","0","0","4224","135168","135168","32","32","0","-","-","-","0","0","0","0","0","0","0","0","-","0","0","0","0","0","0","0","0","0","0","0","0","0","0","0","0","0","0","0","0","0","0","0","0","0","0","0","0","0","0","0","0","0","0","0","0","0","0","0","0","0","0"
"0x7052a1776310","      IMAD.WIDE R50, R72, 0x2, R50","0","0","0","4224","135168","135168","32","32","0","-","-","-","0","0","0","0","0","0","0","0","-","0","0","0","0","0","0","0","0","0","0","0","0","0","0","0","0","0","0","0","0","0","0","0","0","0","0","0","0","0","0","0","0","0","0","0","0","0","0","0","0","0","0"
"0x7052a1776320","      IMAD.WIDE R52, R72, 0x2, R52","1","0","1","4224","135168","135168","32","32","0","-","-","-","0","0","0","0","0","0","0","0","-","0","0","0","0","0","0","0","0","0","0","0","0","0","0","0","0","0","0","0","0","0","0","0","1","0","0","0","0","0","0","0","0","0","0","0","0","0","0","0","0","0","0"
"0x7052a1776330","@!P0  BRA 0x7052a17763d0","36","32","36","4224","135168","0","32","0","0","-","-","-","0","0","0","0","0","0","0","0","-","0","0","0","0","0","0","0","0","0","0","0","0","0","0","0","0","0","0","0","0","36","0","0","0","0","0","0","0","0","0","0","0","0","0","0","0","0","0","32","0","0","0"
"0x7052a1776340","      LOP3.LUT R55, R68, 0x800, RZ, 0xfc, !PT","1","1","1","4224","135168","135168","32","32","0","-","-","-","0","0","0","0","0","0","0","0","-","0","0","0","0","0","0","0","0","0","0","0","0","0","0","0","0","0","0","0","0","0","0","0","1","0","0","0","0","0","0","0","0","0","0","0","0","0","0","0","0","0","1"
"0x7052a1776350","      LDS.128 R84, [R48]","1","0","1","4224","135168","135168","32","32","0","Shared","Load","128","0","4","0","16896","16896","0","0","0","-","0","0","0","0","0","0","0","0","0","0","0","0","0","0","0","0","0","0","0","1","0","0","0","0","0","0","0","0","0","0","0","0","0","0","0","0","0","0","0","0","0","0"
"0x7052a1776360","      SHF.R.U32.HI R55, RZ, 0x3, R55","0","0","0","4224","135168","135168","32","32","0","-","-","-","0","0","0","0","0","0","0","0","-","0","0","0","0","0","0","0","0","0","0","0","0","0","0","0","0","0","0","0","0","0","0","0","0","0","0","0","0","0","0","0","0","0","0","0","0","0","0","0","0","0","0"
"0x7052a1776370","      LOP3.LUT R55, R55, 0x1f0, RZ, 0xc0, !PT","0","0","0","4224","135168","135168","32","32","0","-","-","-","0","0","0","0","0","0","0","0","-","0","0","0","0","0","0","0","0","0","0","0","0","0","0","0","0","0","0","0","0","0","0","0","0","0","0","0","0","0","0","0","0","0","0","0","0","0","0","0","0","0","0"
"0x7052a1776380","      VIADD R55, R55, UR6","5","4","5","4224","135168","135168","32","32","0","-","-","-","0","0","0","0","0","0","0","0","-","0","0","0","0","0","0","0","0","0","0","0","0","0","0","0","0","0","0","0","1","0","0","0","4","0","0","0","0","0","0","0","0","0","0","0","0","0","0","0","0","0","4"
"0x7052a1776390","      IMAD R55, R54, 0x2, R55","2","1","2","4224","135168","135168","32","32","0","-","-","-","0","0","0","0","0","0","0","0","-","0","0","0","0","0","0","0","0","0","0","0","0","0","0","0","0","0","0","0","1","0","0","0","1","0","0","0","0","0","0","0","0","0","0","0","0","0","0","0","0","0","1"
"0x7052a17763a0","      LDS.128 R88, [R55+0x1000]","0","0","0","4224","135168","135168","32","32","0","Shared","Load","128","0","4","0","16896","16896","0","0","0","-","0","0","0","0","0","0","0","0","0","0","0","0","0","0","0","0","0","0","0","0","0","0","0","0","0","0","0","0","0","0","0","0","0","0","0","0","0","0","0","0","0","0"
"0x7052a17763b0","      STG.E.128 desc[UR18][R50.64], R84","31","29","31","4224","135168","135168","32","32","0","Global","Store","128","16896","0","0","0","0","0","67584","67584","","0","0","0","0","0","0","0","0","0","0","0","0","0","0","0","0","0","0","0","0","30","0","0","1","0","0","0","0","0","0","0","0","0","0","0","0","0","0","28","0","0","1"
"0x7052a17763c0","      STG.E.128 desc[UR18][R52.64], R88","5","4","5","4224","135168","135168","32","32","0","Global","Store","128","16896","0","0","0","0","0","67584","67584","","0","0","0","0","0","0","0","0","0","0","0","0","0","0","0","0","0","0","0","0","4","0","0","1","0","0","0","0","0","0","0","0","0","0","0","0","0","0","3","0","0","1"
"0x7052a17763d0","      PLOP3.LUT P0, PT, PT, PT, UP3, 0x80, 0x0","1","0","1","4224","135168","135168","32","32","0","-","-","-","0","0","0","0","0","0","0","0","-","0","0","0","0","0","0","0","0","0","0","0","0","0","0","0","0","0","0","0","1","0","0","0","0","0","0","0","0","0","0","0","0","0","0","0","0","0","0","0","0","0","0"
"0x7052a17763e0","      IMAD R51, R77, UR4, RZ","6","5","6","4224","135168","135168","32","32","0","-","-","-","0","0","0","0","0","0","0","0","-","0","0","0","0","0","0","0","0","0","0","0","0","6","0","0","0","0","0","0","0","0","0","0","0","0","0","0","0","0","0","5","0","0","0","0","0","0","0","0","0","0","0"
"0x7052a17763f0","      IMAD R75, R79, UR4, RZ","0","0","0","4224","135168","135168","32","32","0","-","-","-","0","0","0","0","0","0","0","0","-","0","0","0","0","0","0","0","0","0","0","0","0","0","0","0","0","0","0","0","0","0","0","0","0","0","0","0","0","0","0","0","0","0","0","0","0","0","0","0","0","0","0"
"0x7052a1776400","      IMAD R53, R74, UR4, RZ","2","0","2","4224","135168","135168","32","32","0","-","-","-","0","0","0","0","0","0","0","0","-","0","0","0","0","0","0","0","0","0","0","0","0","0","0","0","0","0","0","0","2","0","0","0","0","0","0","0","0","0","0","0","0","0","0","0","0","0","0","0","0","0","0"
"0x7052a1776410","      IMAD R55, R78, UR4, RZ","0","0","0","4224","135168","135168","32","32","0","-","-","-","0","0","0","0","0","0","0","0","-","0","0","0","0","0","0","0","0","0","0","0","0","0","0","0","0","0","0","0","0","0","0","0","0","0","0","0","0","0","0","0","0","0","0","0","0","0","0","0","0","0","0"
"0x7052a1776420","      IMAD R77, R80, UR4, RZ","1","0","1","4224","135168","135168","32","32","0","-","-","-","0","0","0","0","0","0","0","0","-","0","0","0","0","0","0","0","0","0","0","0","0","0","0","0","0","0","0","0","1","0","0","0","0","0","0","0","0","0","0","0","0","0","0","0","0","0","0","0","0","0","0"
"0x7052a1776430","      IMAD R79, R81, UR4, RZ","1","0","1","4224","135168","135168","32","32","0","-","-","-","0","0","0","0","0","0","0","0","-","0","0","0","0","0","0","0","0","0","0","0","0","0","0","0","0","0","0","0","1","0","0","0","0","0","0","0","0","0","0","0","0","0","0","0","0","0","0","0","0","0","0"
"0x7052a1776440","      IMAD.WIDE R50, R51, 0x2, R2","0","0","0","4224","135168","135168","32","32","0","-","-","-","0","0","0","0","0","0","0","0","-","0","0","0","0","0","0","0","0","0","0","0","0","0","0","0","0","0","0","0","0","0","0","0","0","0","0","0","0","0","0","0","0","0","0","0","0","0","0","0","0","0","0"
"0x7052a1776450","      IMAD.WIDE R52, R53, 0x2, R2","0","0","0","4224","135168","135168","32","32","0","-","-","-","0","0","0","0","0","0","0","0","-","0","0","0","0","0","0","0","0","0","0","0","0","0","0","0","0","0","0","0","0","0","0","0","0","0","0","0","0","0","0","0","0","0","0","0","0","0","0","0","0","0","0"
"0x7052a1776460","      IMAD.WIDE R54, R55, 0x2, R2","1","0","1","4224","135168","135168","32","32","0","-","-","-","0","0","0","0","0","0","0","0","-","0","0","0","0","0","0","0","0","0","0","0","0","0","0","0","0","0","0","0","0","0","0","0","1","0","0","0","0","0","0","0","0","0","0","0","0","0","0","0","0","0","0"
"0x7052a1776470","      IMAD.WIDE R74, R75, 0x2, R2","0","0","0","4224","135168","135168","32","32","0","-","-","-","0","0","0","0","0","0","0","0","-","0","0","0","0","0","0","0","0","0","0","0","0","0","0","0","0","0","0","0","0","0","0","0","0","0","0","0","0","0","0","0","0","0","0","0","0","0","0","0","0","0","0"
"0x7052a1776480","      IMAD.WIDE R76, R77, 0x2, R2","5","0","5","4224","135168","135168","32","32","0","-","-","-","0","0","0","0","0","0","0","0","-","0","0","0","0","0","0","0","0","0","0","0","0","0","0","0","0","0","0","0","3","0","0","0","2","0","0","0","0","0","0","0","0","0","0","0","0","0","0","0","0","0","0"
"0x7052a1776490","      IMAD.WIDE R78, R79, 0x2, R2","1","0","1","4224","135168","135168","32","32","0","-","-","-","0","0","0","0","0","0","0","0","-","0","0","0","0","0","0","0","0","0","0","0","0","0","0","0","0","0","0","0","0","0","0","0","1","0","0","0","0","0","0","0","0","0","0","0","0","0","0","0","0","0","0"
"0x7052a17764a0","      IMAD.WIDE R50, R72, 0x2, R50","3","1","3","4224","135168","135168","32","32","0","-","-","-","0","0","0","0","0","0","0","0","-","0","0","0","0","0","0","0","0","0","0","0","0","0","2","0","0","0","0","1","0","0","0","0","0","0","0","0","0","0","0","0","1","0","0","0","0","0","0","0","0","0","0"
"0x7052a17764b0","      IMAD.WIDE R52, R72, 0x2, R52","2","0","2","4224","135168","135168","32","32","0","-","-","-","0","0","0","0","0","0","0","0","-","0","0","0","0","0","0","0","0","0","0","0","0","0","1","0","0","0","0","0","0","0","0","0","1","0","0","0","0","0","0","0","0","0","0","0","0","0","0","0","0","0","0"
"0x7052a17764c0","      IMAD.WIDE R54, R72, 0x2, R54","1","0","1","4224","135168","135168","32","32","0","-","-","-","0","0","0","0","0","0","0","0","-","0","0","0","0","0","0","0","0","0","0","0","0","0","0","0","0","0","0","0","1","0","0","0","0","0","0","0","0","0","0","0","0","0","0","0","0","0","0","0","0","0","0"
"0x7052a17764d0","      IMAD.WIDE R74, R72, 0x2, R74","2","0","2","4224","135168","135168","32","32","0","-","-","-","0","0","0","0","0","0","0","0","-","0","0","0","0","0","0","0","0","0","0","0","0","0","0","0","0","0","0","0","2","0","0","0","0","0","0","0","0","0","0","0","0","0","0","0","0","0","0","0","0","0","0"
"0x7052a17764e0","      IMAD.WIDE R76, R72, 0x2, R76","2","1","2","4224","135168","135168","32","32","0","-","-","-","0","0","0","0","0","0","0","0","-","0","0","0","0","0","0","0","0","0","0","0","0","0","0","0","0","0","0","0","0","0","0","0","2","0","0","0","0","0","0","0","0","0","0","0","0","0","0","0","0","0","1"
"0x7052a17764f0","      IMAD.WIDE R78, R72, 0x2, R78","2","1","2","4224","135168","135168","32","32","0","-","-","-","0","0","0","0","0","0","0","0","-","0","0","0","0","0","0","0","0","0","0","0","0","0","0","0","0","0","0","0","0","0","0","0","2","0","0","0","0","0","0","0","0","0","0","0","0","0","0","0","0","0","1"
"0x7052a1776500","@!P0  BRA 0x7052a1776550","0","0","0","4224","135168","0","32","0","0","-","-","-","0","0","0","0","0","0","0","0","-","0","0","0","0","0","0","0","0","0","0","0","0","0","0","0","0","0","0","0","0","0","0","0","0","0","0","0","0","0","0","0","0","0","0","0","0","0","0","0","0","0","0"
"0x7052a1776510","      PLOP3.LUT P0, PT, PT, PT, UP3, 0x80, 0x0","6","5","6","4224","135168","135168","32","32","0","-","-","-","0","0","0","0","0","0","0","0","-","0","0","0","0","0","0","0","0","0","0","0","0","0","0","0","0","0","0","0","1","0","0","0","5","0","0","0","0","0","0","0","0","0","0","0","0","0","0","0","0","0","5"
"0x7052a1776520","      STG.E.128 desc[UR18][R50.64], R24","0","0","0","4224","135168","135168","32","32","0","Global","Store","128","16896","0","0","0","0","0","67584","67584","","0","0","0","0","0","0","0","0","0","0","0","0","0","0","0","0","0","0","0","0","0","0","0","0","0","0","0","0","0","0","0","0","0","0","0","0","0","0","0","0","0","0"
"0x7052a1776530","@!P0  BRA 0x7052a1776580","2","0","2","4224","135168","0","32","0","0","-","-","-","0","0","0","0","0","0","0","0","-","0","0","0","0","0","0","0","0","0","0","0","0","0","0","0","0","0","0","0","0","0","0","0","2","0","0","0","0","0","0","0","0","0","0","0","0","0","0","0","0","0","0"
"0x7052a1776540","      STG.E.128 desc[UR18][R52.64], R28","1","1","1","4224","135168","135168","32","32","0","Global","Store","128","16896","0","0","0","0","0","67584","67584","","0","0","0","0","0","0","0","0","0","0","0","0","0","0","0","0","0","0","0","0","0","0","0","1","0","0","0","0","0","0","0","0","0","0","0","0","0","0","0","0","0","1"
"0x7052a1776550","      PLOP3.LUT P0, PT, PT, PT, UP3, 0x80, 0x0","0","0","0","4224","135168","135168","32","32","0","-","-","-","0","0","0","0","0","0","0","0","-","0","0","0","0","0","0","0","0","0","0","0","0","0","0","0","0","0","0","0","0","0","0","0","0","0","0","0","0","0","0","0","0","0","0","0","0","0","0","0","0","0","0"
"0x7052a1776560","@!P0  BRA 0x7052a17765b0","0","0","0","4224","135168","0","32","0","0","-","-","-","0","0","0","0","0","0","0","0","-","0","0","0","0","0","0","0","0","0","0","0","0","0","0","0","0","0","0","0","0","0","0","0","0","0","0","0","0","0","0","0","0","0","0","0","0","0","0","0","0","0","0"
"0x7052a1776570","      STG.E.128 desc[UR18][R54.64], R32","2","1","2","4224","135168","135168","32","32","0","Global","Store","128","16896","0","0","0","0","0","67584","67584","","0","0","0","0","0","0","0","0","0","0","0","0","0","0","0","0","0","0","0","1","0","0","0","1","0","0","0","0","0","0","0","0","0","0","0","0","0","0","0","0","0","1"
"0x7052a1776580","      PLOP3.LUT P0, PT, PT, PT, UP3, 0x80, 0x0","0","0","0","4224","135168","135168","32","32","0","-","-","-","0","0","0","0","0","0","0","0","-","0","0","0","0","0","0","0","0","0","0","0","0","0","0","0","0","0","0","0","0","0","0","0","0","0","0","0","0","0","0","0","0","0","0","0","0","0","0","0","0","0","0"
"0x7052a1776590","@!P0  BRA 0x7052a17765e0","5","3","5","4224","135168","0","32","0","0","-","-","-","0","0","0","0","0","0","0","0","-","0","0","0","0","0","0","0","0","0","0","0","0","0","0","0","0","0","0","0","1","0","0","0","4","0","0","0","0","0","0","0","0","0","0","0","0","0","0","0","0","0","3"
"0x7052a17765a0","      STG.E.128 desc[UR18][R74.64], R36","0","0","0","4224","135168","135168","32","32","0","Global","Store","128","16896","0","0","0","0","0","67584","67584","","0","0","0","0","0","0","0","0","0","0","0","0","0","0","0","0","0","0","0","0","0","0","0","0","0","0","0","0","0","0","0","0","0","0","0","0","0","0","0","0","0","0"
"0x7052a17765b0","      PLOP3.LUT P0, PT, PT, PT, UP3, 0x80, 0x0","3","0","3","4224","135168","135168","32","32","0","-","-","-","0","0","0","0","0","0","0","0","-","0","0","0","0","0","0","0","0","0","0","0","0","0","0","0","0","0","0","0","2","0","0","0","1","0","0","0","0","0","0","0","0","0","0","0","0","0","0","0","0","0","0"
"0x7052a17765c0","@!P0  BRA 0x7052a1776600","5","4","5","4224","135168","0","32","0","0","-","-","-","0","0","0","0","0","0","0","0","-","0","0","0","0","0","0","0","0","0","0","0","0","0","0","0","0","0","0","0","0","0","0","0","5","0","0","0","0","0","0","0","0","0","0","0","0","0","0","0","0","0","4"
"0x7052a17765d0","      STG.E.128 desc[UR18][R76.64], R40","0","0","0","4224","135168","135168","32","32","0","Global","Store","128","16896","0","0","0","0","0","67584","67584","","0","0","0","0","0","0","0","0","0","0","0","0","0","0","0","0","0","0","0","0","0","0","0","0","0","0","0","0","0","0","0","0","0","0","0","0","0","0","0","0","0","0"
"0x7052a17765e0","      PLOP3.LUT P0, PT, PT, PT, UP3, 0x80, 0x0","0","0","0","4224","135168","135168","32","32","0","-","-","-","0","0","0","0","0","0","0","0","-","0","0","0","0","0","0","0","0","0","0","0","0","0","0","0","0","0","0","0","0","0","0","0","0","0","0","0","0","0","0","0","0","0","0","0","0","0","0","0","0","0","0"
"0x7052a17765f0","@P0   STG.E.128 desc[UR18][R78.64], R44","3","2","3","4224","135168","135168","32","32","0","Global","Store","128","16896","0","0","0","0","0","67584","67584","","0","0","0","0","0","0","0","0","0","0","0","0","0","0","0","0","0","0","0","0","0","0","0","3","0","0","0","0","0","0","0","0","0","0","0","0","0","0","0","0","0","2"
"0x7052a1776600","      I2FP.F32.U32 R24, UR12","83","78","83","4224","135168","135168","32","32","0","-","-","-","0","0","0","0","0","0","0","0","-","0","0","0","0","0","0","0","0","0","0","0","0","83","0","0","0","0","0","0","0","0","0","0","0","0","0","0","0","0","0","78","0","0","0","0","0","0","0","0","0","0","0"
"0x7052a1776610","      IMAD.MOV.U32 R25, RZ, RZ, 0x41000000","1","0","1","4224","135168","135168","32","32","0","-","-","-","0","0","0","0","0","0","0","0","-","0","0","0","0","0","0","0","0","0","0","0","0","0","0","0","0","0","0","0","1","0","0","0","0","0","0","0","0","0","0","0","0","0","0","0","0","0","0","0","0","0","0"
"0x7052a1776620","      UISETP.GE.U32.AND UP0, UPT, UR12, 0x19e, UPT","1","0","1","4224","135168","135168","32","32","0","-","-","-","0","0","0","0","0","0","0","0","-","0","0","0","0","0","0","0","0","0","0","0","0","0","0","0","0","0","0","0","1","0","0","0","0","0","0","0","0","0","0","0","0","0","0","0","0","0","0","0","0","0","0"
"0x7052a1776630","      FFMA R24, R24, R25, 1","1","0","1","4224","135168","135168","32","32","0","-","-","-","0","0","0","0","0","0","0","0","-","0","0","0","0","0","0","0","0","0","0","0","0","0","0","0","0","0","0","0","1","0","0","0","0","0","0","0","0","0","0","0","0","0","0","0","0","0","0","0","0","0","0"
"0x7052a1776640","      MUFU.SQRT R24, R24","4","4","4","4224","135168","135168","32","32","0","-","-","-","0","0","0","0","0","0","0","0","-","0","0","0","0","0","0","0","0","0","0","0","0","0","0","0","0","0","0","0","0","0","0","0","4","0","0","0","0","0","0","0","0","0","0","0","0","0","0","0","0","0","4"
"0x7052a1776650","      FADD R25, R24, -1","4","4","4","4224","135168","135168","32","32","0","-","-","-","0","0","0","0","0","0","0","0","-","0","0","0","0","0","0","0","0","0","0","0","0","0","0","0","0","0","0","0","0","4","0","0","0","0","0","0","0","0","0","0","0","0","0","0","0","0","0","4","0","0","0"
"0x7052a1776660","      FMUL R25, R25, 0.5","1","0","1","4224","135168","135168","32","32","0","-","-","-","0","0","0","0","0","0","0","0","-","0","0","0","0","0","0","0","0","0","0","0","0","0","0","0","0","0","0","0","1","0","0","0","0","0","0","0","0","0","0","0","0","0","0","0","0","0","0","0","0","0","0"
"0x7052a1776670","      F2I.FTZ.FLOOR.NTZ R28, R25","0","0","0","4224","135168","135168","32","32","0","-","-","-","0","0","0","0","0","0","0","0","-","0","0","0","0","0","0","0","0","0","0","0","0","0","0","0","0","0","0","0","0","0","0","0","0","0","0","0","0","0","0","0","0","0","0","0","0","0","0","0","0","0","0"
"0x7052a1776680","      IMAD R26, R28, R28, R28","6","6","6","4224","135168","135168","32","32","0","-","-","-","0","0","0","0","0","0","0","0","-","0","0","0","0","0","0","0","0","0","0","0","0","0","0","0","0","0","0","0","0","6","0","0","0","0","0","0","0","0","0","0","0","0","0","0","0","0","0","6","0","0","0"
"0x7052a1776690","      LEA.HI R26, R26, R26, RZ, 0x1","0","0","0","4224","135168","135168","32","32","0","-","-","-","0","0","0","0","0","0","0","0","-","0","0","0","0","0","0","0","0","0","0","0","0","0","0","0","0","0","0","0","0","0","0","0","0","0","0","0","0","0","0","0","0","0","0","0","0","0","0","0","0","0","0"
"0x7052a17766a0","      SHF.R.S32.HI R26, RZ, 0x1, R26","0","0","0","4224","135168","135168","32","32","0","-","-","-","0","0","0","0","0","0","0","0","-","0","0","0","0","0","0","0","0","0","0","0","0","0","0","0","0","0","0","0","0","0","0","0","0","0","0","0","0","0","0","0","0","0","0","0","0","0","0","0","0","0","0"
"0x7052a17766b0","      IADD3 R27, -R26, UR12, RZ","1","0","1","4224","135168","135168","32","32","0","-","-","-","0","0","0","0","0","0","0","0","-","0","0","0","0","0","0","0","0","0","0","0","0","0","0","0","0","0","0","0","1","0","0","0","0","0","0","0","0","0","0","0","0","0","0","0","0","0","0","0","0","0","0"
"0x7052a17766c0","      ISETP.GE.AND P0, PT, R27, R28, PT","1","1","1","4224","135168","135168","32","32","0","-","-","-","0","0","0","0","0","0","0","0","-","0","0","0","0","0","0","0","0","0","0","0","0","0","0","0","0","0","0","0","0","0","0","0","1","0","0","0","0","0","0","0","0","0","0","0","0","0","0","0","0","0","1"
"0x7052a17766d0","@P0   BRA 0x7052a1777d30","3","3","3","4224","135168","8192","32","1","0","-","-","-","0","0","0","0","0","0","0","0","-","0","0","0","0","0","0","0","0","0","0","0","0","0","0","0","0","0","0","0","0","0","0","0","3","0","0","0","0","0","0","0","0","0","0","0","0","0","0","0","0","0","3"
"0x7052a17766e0","      LDC R39, c[0x0][0x22c]","0","0","0","3968","126976","126976","32","32","0","-","-","-","0","0","0","0","0","0","0","0","-","0","0","0","0","0","0","0","0","0","0","0","0","0","0","0","0","0","0","0","0","0","0","0","0","0","0","0","0","0","0","0","0","0","0","0","0","0","0","0","0","0","0"
"0x7052a17766f0","      LEA.HI R30, R197, 0x30, RZ, 0x1c","0","0","0","3968","126976","126976","32","32","0","-","-","-","0","0","0","0","0","0","0","0","-","0","0","0","0","0","0","0","0","0","0","0","0","0","0","0","0","0","0","0","0","0","0","0","0","0","0","0","0","0","0","0","0","0","0","0","0","0","0","0","0","0","0"
"0x7052a1776700","      IMAD.SHL.U32 R31, R27, 0x80, RZ","0","0","0","3968","126976","126976","32","32","0","-","-","-","0","0","0","0","0","0","0","0","-","0","0","0","0","0","0","0","0","0","0","0","0","0","0","0","0","0","0","0","0","0","0","0","0","0","0","0","0","0","0","0","0","0","0","0","0","0","0","0","0","0","0"
"0x7052a1776710","      SHF.R.U32.HI R34, RZ, 0x4, R197","0","0","0","3968","126976","126976","32","32","0","-","-","-","0","0","0","0","0","0","0","0","-","0","0","0","0","0","0","0","0","0","0","0","0","0","0","0","0","0","0","0","0","0","0","0","0","0","0","0","0","0","0","0","0","0","0","0","0","0","0","0","0","0","0"
"0x7052a1776720","      LEA.HI R36, R197, 0x70, RZ, 0x1c","0","0","0","3968","126976","126976","32","32","0","-","-","-","0","0","0","0","0","0","0","0","-","0","0","0","0","0","0","0","0","0","0","0","0","0","0","0","0","0","0","0","0","0","0","0","0","0","0","0","0","0","0","0","0","0","0","0","0","0","0","0","0","0","0"
"0x7052a1776730","      IMAD.IADD R27, R30, 0x1, R31","1","0","1","3968","126976","126976","32","32","0","-","-","-","0","0","0","0","0","0","0","0","-","0","0","0","0","0","0","0","0","0","0","0","0","0","0","0","0","0","0","0","1","0","0","0","0","0","0","0","0","0","0","0","0","0","0","0","0","0","0","0","0","0","0"
"0x7052a1776740","      SGXT.U32 R34, R34, 0x4","0","0","0","3968","126976","126976","32","32","0","-","-","-","0","0","0","0","0","0","0","0","-","0","0","0","0","0","0","0","0","0","0","0","0","0","0","0","0","0","0","0","0","0","0","0","0","0","0","0","0","0","0","0","0","0","0","0","0","0","0","0","0","0","0"
"0x7052a1776750","      LDC R40, c[0x0][0x228]","0","0","0","3968","126976","126976","32","32","0","-","-","-","0","0","0","0","0","0","0","0","-","0","0","0","0","0","0","0","0","0","0","0","0","0","0","0","0","0","0","0","0","0","0","0","0","0","0","0","0","0","0","0","0","0","0","0","0","0","0","0","0","0","0"
"0x7052a1776760","      SHF.R.U32.HI R49, RZ, 0x1, R49","0","0","0","3968","126976","126976","32","32","0","-","-","-","0","0","0","0","0","0","0","0","-","0","0","0","0","0","0","0","0","0","0","0","0","0","0","0","0","0","0","0","0","0","0","0","0","0","0","0","0","0","0","0","0","0","0","0","0","0","0","0","0","0","0"
"0x7052a1776770","      IMAD.IADD R36, R36, 0x1, R31","1","0","1","3968","126976","126976","32","32","0","-","-","-","0","0","0","0","0","0","0","0","-","0","0","0","0","0","0","0","0","0","0","0","0","0","0","0","0","0","0","0","1","0","0","0","0","0","0","0","0","0","0","0","0","0","0","0","0","0","0","0","0","0","0"
"0x7052a1776780","      IABS R30, R27","0","0","0","3968","126976","126976","32","32","0","-","-","-","0","0","0","0","0","0","0","0","-","0","0","0","0","0","0","0","0","0","0","0","0","0","0","0","0","0","0","0","0","0","0","0","0","0","0","0","0","0","0","0","0","0","0","0","0","0","0","0","0","0","0"
"0x7052a1776790","      LOP3.LUT R37, R31, R34, RZ, 0xfc, !PT","2","0","2","3968","126976","126976","32","32","0","-","-","-","0","0","0","0","0","0","0","0","-","0","0","0","0","0","0","0","0","0","0","0","0","0","0","0","0","0","0","0","2","0","0","0","0","0","0","0","0","0","0","0","0","0","0","0","0","0","0","0","0","0","0"
"0x7052a17767a0","      ISETP.GE.AND P1, PT, R27, RZ, PT","1","0","1","3968","126976","126976","32","32","0","-","-","-","0","0","0","0","0","0","0","0","-","0","0","0","0","0","0","0","0","0","0","0","0","0","0","0","0","0","0","0","1","0","0","0","0","0","0","0","0","0","0","0","0","0","0","0","0","0","0","0","0","0","0"
"0x7052a17767b0","      LOP3.LUT R27, R197, 0x20, RZ, 0xc0, !PT","1","1","1","3968","126976","126976","32","32","0","-","-","-","0","0","0","0","0","0","0","0","-","0","0","0","0","0","0","0","0","0","0","0","0","0","0","0","0","0","0","0","0","0","0","0","1","0","0","0","0","0","0","0","0","0","0","0","0","0","0","0","0","0","1"
"0x7052a17767c0","      LOP3.LUT R35, R31, 0x10, R34, 0xfe, !PT","0","0","0","3968","126976","126976","32","32","0","-","-","-","0","0","0","0","0","0","0","0","-","0","0","0","0","0","0","0","0","0","0","0","0","0","0","0","0","0","0","0","0","0","0","0","0","0","0","0","0","0","0","0","0","0","0","0","0","0","0","0","0","0","0"
"0x7052a17767d0","      SHF.R.U32.HI R27, RZ, 0x1, R27","0","0","0","3968","126976","126976","32","32","0","-","-","-","0","0","0","0","0","0","0","0","-","0","0","0","0","0","0","0","0","0","0","0","0","0","0","0","0","0","0","0","0","0","0","0","0","0","0","0","0","0","0","0","0","0","0","0","0","0","0","0","0","0","0"
"0x7052a17767e0","      LOP3.LUT R33, R31, 0x20, R34, 0xfe, !PT","0","0","0","3968","126976","126976","32","32","0","-","-","-","0","0","0","0","0","0","0","0","-","0","0","0","0","0","0","0","0","0","0","0","0","0","0","0","0","0","0","0","0","0","0","0","0","0","0","0","0","0","0","0","0","0","0","0","0","0","0","0","0","0","0"
"0x7052a17767f0","      IABS R43, R39","0","0","0","3968","126976","126976","32","32","0","-","-","-","0","0","0","0","0","0","0","0","-","0","0","0","0","0","0","0","0","0","0","0","0","0","0","0","0","0","0","0","0","0","0","0","0","0","0","0","0","0","0","0","0","0","0","0","0","0","0","0","0","0","0"
"0x7052a1776800","      LOP3.LUT R44, R31, 0x60, R34, 0xfe, !PT","4","3","4","3968","126976","126976","32","32","0","-","-","-","0","0","0","0","0","0","0","0","-","0","0","0","0","0","0","0","0","0","0","0","0","2","0","0","0","0","0","0","1","0","0","0","1","0","0","0","0","0","0","2","0","0","0","0","0","0","0","0","0","0","1"
"0x7052a1776810","      I2F.RP R26, R43","0","0","0","3968","126976","126976","32","32","0","-","-","-","0","0","0","0","0","0","0","0","-","0","0","0","0","0","0","0","0","0","0","0","0","0","0","0","0","0","0","0","0","0","0","0","0","0","0","0","0","0","0","0","0","0","0","0","0","0","0","0","0","0","0"
"0x7052a1776820","      LOP3.LUT R45, R31, 0x50, R34, 0xfe, !PT","0","0","0","3968","126976","126976","32","32","0","-","-","-","0","0","0","0","0","0","0","0","-","0","0","0","0","0","0","0","0","0","0","0","0","0","0","0","0","0","0","0","0","0","0","0","0","0","0","0","0","0","0","0","0","0","0","0","0","0","0","0","0","0","0"
"0x7052a1776830","      LOP3.LUT R34, R31, 0x40, R34, 0xfe, !PT","1","1","1","3968","126976","126976","32","32","0","-","-","-","0","0","0","0","0","0","0","0","-","0","0","0","0","0","0","0","0","0","0","0","0","0","0","0","0","0","0","0","0","0","0","0","1","0","0","0","0","0","0","0","0","0","0","0","0","0","0","0","0","0","1"
"0x7052a1776840","      IABS R31, R33","0","0","0","3968","126976","126976","32","32","0","-","-","-","0","0","0","0","0","0","0","0","-","0","0","0","0","0","0","0","0","0","0","0","0","0","0","0","0","0","0","0","0","0","0","0","0","0","0","0","0","0","0","0","0","0","0","0","0","0","0","0","0","0","0"
"0x7052a1776850","      IABS R38, R40","1","0","1","3968","126976","126976","32","32","0","-","-","-","0","0","0","0","0","0","0","0","-","0","0","0","0","0","0","0","0","0","0","0","0","0","0","0","0","0","0","0","1","0","0","0","0","0","0","0","0","0","0","0","0","0","0","0","0","0","0","0","0","0","0"
"0x7052a1776860","      BAR.SYNC.DEFER_BLOCKING 0x0","0","0","0","3968","126976","126976","32","32","0","-","-","-","0","0","0","0","0","0","0","0","-","0","0","0","0","0","0","0","0","0","0","0","0","0","0","0","0","0","0","0","0","0","0","0","0","0","0","0","0","0","0","0","0","0","0","0","0","0","0","0","0","0","0"
"0x7052a1776870","      ISETP.GE.AND P4, PT, R35, RZ, PT","0","0","0","3968","126976","126976","32","32","0","-","-","-","0","0","0","0","0","0","0","0","-","0","0","0","0","0","0","0","0","0","0","0","0","0","0","0","0","0","0","0","0","0","0","0","0","0","0","0","0","0","0","0","0","0","0","0","0","0","0","0","0","0","0"
"0x7052a1776880","      ISETP.GE.AND P2, PT, R37, RZ, PT","0","0","0","3968","126976","126976","32","32","0","-","-","-","0","0","0","0","0","0","0","0","-","0","0","0","0","0","0","0","0","0","0","0","0","0","0","0","0","0","0","0","0","0","0","0","0","0","0","0","0","0","0","0","0","0","0","0","0","0","0","0","0","0","0"
"0x7052a1776890","      PRMT R52, R21, 0x7632, R52","1","0","1","3968","126976","126976","32","32","0","-","-","-","0","0","0","0","0","0","0","0","-","0","0","0","0","0","0","0","0","0","0","0","0","0","0","0","0","0","0","0","1","0","0","0","0","0","0","0","0","0","0","0","0","0","0","0","0","0","0","0","0","0","0"
"0x7052a17768a0","      MUFU.RCP R26, R26","47","38","47","3968","126976","126976","32","32","0","-","-","-","0","0","0","0","0","0","0","0","-","0","0","0","0","0","0","46","0","0","0","0","0","0","0","0","0","0","0","0","1","0","0","0","0","38","0","0","0","0","0","0","0","0","0","0","0","0","0","0","0","0","0"
"0x7052a17768b0","      PRMT R54, R22, 0x7632, R54","0","0","0","3968","126976","126976","32","32","0","-","-","-","0","0","0","0","0","0","0","0","-","0","0","0","0","0","0","0","0","0","0","0","0","0","0","0","0","0","0","0","0","0","0","0","0","0","0","0","0","0","0","0","0","0","0","0","0","0","0","0","0","0","0"
"0x7052a17768c0","      PRMT R55, R23, 0x7632, R55","0","0","0","3968","126976","126976","32","32","0","-","-","-","0","0","0","0","0","0","0","0","-","0","0","0","0","0","0","0","0","0","0","0","0","0","0","0","0","0","0","0","0","0","0","0","0","0","0","0","0","0","0","0","0","0","0","0","0","0","0","0","0","0","0"
"0x7052a17768d0","      VIADD R24, R26, 0xffffffe","1","1","1","3968","126976","126976","32","32","0","-","-","-","0","0","0","0","0","0","0","0","-","0","0","0","0","0","0","0","0","0","0","0","0","0","0","0","0","0","0","0","0","1","0","0","0","0","0","0","0","0","0","0","0","0","0","0","0","0","0","1","0","0","0"
"0x7052a17768e0","      IMAD.SHL.U32 R26, R28, 0x80, RZ","1","1","1","3968","126976","126976","32","32","0","-","-","-","0","0","0","0","0","0","0","0","-","0","0","0","0","0","0","0","0","0","0","0","0","0","0","0","0","0","0","0","0","0","0","0","1","0","0","0","0","0","0","0","0","0","0","0","0","0","0","0","0","0","1"
"0x7052a17768f0","      F2I.FTZ.U32.TRUNC.NTZ R25, R24","1","0","1","3968","126976","126976","32","32","0","-","-","-","0","0","0","0","0","0","0","0","-","0","0","0","0","0","0","0","0","0","0","0","0","0","0","0","0","0","0","0","1","0","0","0","0","0","0","0","0","0","0","0","0","0","0","0","0","0","0","0","0","0","0"
"0x7052a1776900","      LOP3.LUT R26, R26, 0x78, R73, 0xf8, !PT","2","1","2","3968","126976","126976","32","32","0","-","-","-","0","0","0","0","0","0","0","0","-","0","0","0","0","0","0","0","0","0","0","0","0","0","0","0","0","0","0","0","1","0","0","0","1","0","0","0","0","0","0","0","0","0","0","0","0","0","0","0","0","0","1"
"0x7052a1776910","      IMAD.MOV.U32 R24, RZ, RZ, RZ","3","3","3","3968","126976","126976","32","32","0","-","-","-","0","0","0","0","0","0","0","0","-","0","0","0","0","0","0","0","0","0","0","0","0","0","0","0","0","0","0","0","0","3","0","0","0","0","0","0","0","0","0","0","0","0","0","0","0","0","0","3","0","0","0"
"0x7052a1776920","      IMAD.MOV R32, RZ, RZ, -R25","0","0","0","3968","126976","126976","32","32","0","-","-","-","0","0","0","0","0","0","0","0","-","0","0","0","0","0","0","0","0","0","0","0","0","0","0","0","0","0","0","0","0","0","0","0","0","0","0","0","0","0","0","0","0","0","0","0","0","0","0","0","0","0","0"
"0x7052a1776930","      IMAD R29, R32, R43, RZ","3","2","3","3968","126976","126976","32","32","0","-","-","-","0","0","0","0","0","0","0","0","-","0","0","0","0","0","0","0","0","0","0","0","0","0","0","0","0","0","0","0","0","0","0","0","3","0","0","0","0","0","0","0","0","0","0","0","0","0","0","0","0","0","2"
"0x7052a1776940","      IABS R32, R35","0","0","0","3968","126976","126976","32","32","0","-","-","-","0","0","0","0","0","0","0","0","-","0","0","0","0","0","0","0","0","0","0","0","0","0","0","0","0","0","0","0","0","0","0","0","0","0","0","0","0","0","0","0","0","0","0","0","0","0","0","0","0","0","0"
"0x7052a1776950","      IABS R35, R44","2","2","2","3968","126976","126976","32","32","0","-","-","-","0","0","0","0","0","0","0","0","-","0","0","0","0","0","0","0","0","2","0","0","0","0","0","0","0","0","0","0","0","0","0","0","0","0","0","2","0","0","0","0","0","0","0","0","0","0","0","0","0","0","0"
"0x7052a1776960","      IMAD.HI.U32 R42, R25, R29, R24","0","0","0","3968","126976","126976","32","32","0","-","-","-","0","0","0","0","0","0","0","0","-","0","0","0","0","0","0","0","0","0","0","0","0","0","0","0","0","0","0","0","0","0","0","0","0","0","0","0","0","0","0","0","0","0","0","0","0","0","0","0","0","0","0"
"0x7052a1776970","      SHF.R.U32.HI R25, RZ, 0x2, R197","0","0","0","3968","126976","126976","32","32","0","-","-","-","0","0","0","0","0","0","0","0","-","0","0","0","0","0","0","0","0","0","0","0","0","0","0","0","0","0","0","0","0","0","0","0","0","0","0","0","0","0","0","0","0","0","0","0","0","0","0","0","0","0","0"
"0x7052a1776980","      SHF.R.U32.HI R29, RZ, 0x2, R82","0","0","0","3968","126976","126976","32","32","0","-","-","-","0","0","0","0","0","0","0","0","-","0","0","0","0","0","0","0","0","0","0","0","0","0","0","0","0","0","0","0","0","0","0","0","0","0","0","0","0","0","0","0","0","0","0","0","0","0","0","0","0","0","0"
"0x7052a1776990","      SGXT.U32 R28, R25, 0x2","1","0","1","3968","126976","126976","32","32","0","-","-","-","0","0","0","0","0","0","0","0","-","0","0","0","0","0","0","0","0","0","0","0","0","0","0","0","0","0","0","0","1","0","0","0","0","0","0","0","0","0","0","0","0","0","0","0","0","0","0","0","0","0","0"
"0x7052a17769a0","      IMAD.HI.U32 R24, R42, R30, RZ","1","0","1","3968","126976","126976","32","32","0","-","-","-","0","0","0","0","0","0","0","0","-","0","0","0","0","0","0","0","0","0","0","0","0","0","0","0","0","0","0","0","1","0","0","0","0","0","0","0","0","0","0","0","0","0","0","0","0","0","0","0","0","0","0"
"0x7052a17769b0","      LOP3.LUT R29, R28, R29, RZ, 0xfc, !PT","3","1","3","3968","126976","126976","32","32","0","-","-","-","0","0","0","0","0","0","0","0","-","0","0","0","0","0","0","0","0","1","0","0","0","0","1","0","0","0","0","0","0","0","0","0","1","0","0","1","0","0","0","0","0","0","0","0","0","0","0","0","0","0","0"
"0x7052a17769c0","      IMAD.MOV R25, RZ, RZ, -R24","0","0","0","3968","126976","126976","32","32","0","-","-","-","0","0","0","0","0","0","0","0","-","0","0","0","0","0","0","0","0","0","0","0","0","0","0","0","0","0","0","0","0","0","0","0","0","0","0","0","0","0","0","0","0","0","0","0","0","0","0","0","0","0","0"
"0x7052a17769d0","      LOP3.LUT R24, R197, 0x40, RZ, 0xc0, !PT","0","0","0","3968","126976","126976","32","32","0","-","-","-","0","0","0","0","0","0","0","0","-","0","0","0","0","0","0","0","0","0","0","0","0","0","0","0","0","0","0","0","0","0","0","0","0","0","0","0","0","0","0","0","0","0","0","0","0","0","0","0","0","0","0"
"0x7052a17769e0","      IMAD R30, R43, R25, R30","0","0","0","3968","126976","126976","32","32","0","-","-","-","0","0","0","0","0","0","0","0","-","0","0","0","0","0","0","0","0","0","0","0","0","0","0","0","0","0","0","0","0","0","0","0","0","0","0","0","0","0","0","0","0","0","0","0","0","0","0","0","0","0","0"
"0x7052a17769f0","      IABS R25, R37","0","0","0","3968","126976","126976","32","32","0","-","-","-","0","0","0","0","0","0","0","0","-","0","0","0","0","0","0","0","0","0","0","0","0","0","0","0","0","0","0","0","0","0","0","0","0","0","0","0","0","0","0","0","0","0","0","0","0","0","0","0","0","0","0"
"0x7052a1776a00","      SHF.R.U32.HI R28, RZ, 0x1, R24","2","0","2","3968","126976","126976","32","32","0","-","-","-","0","0","0","0","0","0","0","0","-","0","0","0","0","0","0","0","0","0","0","0","0","0","0","0","0","0","0","1","1","0","0","0","0","0","0","0","0","0","0","0","0","0","0","0","0","0","0","0","0","0","0"
"0x7052a1776a10","      I2F.RP R37, R38","0","0","0","3968","126976","126976","32","32","0","-","-","-","0","0","0","0","0","0","0","0","-","0","0","0","0","0","0","0","0","0","0","0","0","0","0","0","0","0","0","0","0","0","0","0","0","0","0","0","0","0","0","0","0","0","0","0","0","0","0","0","0","0","0"
"0x7052a1776a20","      ISETP.GT.U32.AND P0, PT, R43, R30, PT","2","0","2","3968","126976","126976","32","32","0","-","-","-","0","0","0","0","0","0","0","0","-","0","0","0","0","0","0","0","0","2","0","0","0","0","0","0","0","0","0","0","0","0","0","0","0","0","0","0","0","0","0","0","0","0","0","0","0","0","0","0","0","0","0"
"0x7052a1776a30","      IMAD.HI.U32 R24, R42, R25, RZ","0","0","0","3968","126976","126976","32","32","0","-","-","-","0","0","0","0","0","0","0","0","-","0","0","0","0","0","0","0","0","0","0","0","0","0","0","0","0","0","0","0","0","0","0","0","0","0","0","0","0","0","0","0","0","0","0","0","0","0","0","0","0","0","0"
"0x7052a1776a40","      LOP3.LUT R41, R28, R29, R27, 0xfe, !PT","1","0","1","3968","126976","126976","32","32","0","-","-","-","0","0","0","0","0","0","0","0","-","0","0","0","0","0","0","0","0","0","0","0","0","0","0","0","0","0","0","0","1","0","0","0","0","0","0","0","0","0","0","0","0","0","0","0","0","0","0","0","0","0","0"
"0x7052a1776a50","      IMAD.MOV R24, RZ, RZ, -R24","1","0","1","3968","126976","126976","32","32","0","-","-","-","0","0","0","0","0","0","0","0","-","0","0","0","0","0","0","0","0","0","0","0","0","0","0","0","0","0","0","1","0","0","0","0","0","0","0","0","0","0","0","0","0","0","0","0","0","0","0","0","0","0","0"
"0x7052a1776a60","      IMAD.MOV.U32 R28, RZ, RZ, R32","1","1","1","3968","126976","126976","32","32","0","-","-","-","0","0","0","0","0","0","0","0","-","0","0","0","0","0","0","0","0","0","0","0","0","0","0","0","0","0","0","0","0","0","0","0","1","0","0","0","0","0","0","0","0","0","0","0","0","0","0","0","0","0","1"
"0x7052a1776a70","      IMAD R24, R43, R24, R25","0","0","0","3968","126976","126976","32","32","0","-","-","-","0","0","0","0","0","0","0","0","-","0","0","0","0","0","0","0","0","0","0","0","0","0","0","0","0","0","0","0","0","0","0","0","0","0","0","0","0","0","0","0","0","0","0","0","0","0","0","0","0","0","0"
"0x7052a1776a80","      IMAD.MOV.U32 R29, RZ, RZ, R31","0","0","0","3968","126976","126976","32","32","0","-","-","-","0","0","0","0","0","0","0","0","-","0","0","0","0","0","0","0","0","0","0","0","0","0","0","0","0","0","0","0","0","0","0","0","0","0","0","0","0","0","0","0","0","0","0","0","0","0","0","0","0","0","0"
"0x7052a1776a90","      IABS R31, R34","0","0","0","3968","126976","126976","32","32","0","-","-","-","0","0","0","0","0","0","0","0","-","0","0","0","0","0","0","0","0","0","0","0","0","0","0","0","0","0","0","0","0","0","0","0","0","0","0","0","0","0","0","0","0","0","0","0","0","0","0","0","0","0","0"
"0x7052a1776aa0","      IMAD.HI.U32 R25, R42, R28, RZ","0","0","0","3968","126976","126976","32","32","0","-","-","-","0","0","0","0","0","0","0","0","-","0","0","0","0","0","0","0","0","0","0","0","0","0","0","0","0","0","0","0","0","0","0","0","0","0","0","0","0","0","0","0","0","0","0","0","0","0","0","0","0","0","0"
"0x7052a1776ab0","      ISETP.GT.U32.AND P3, PT, R43, R24, PT","0","0","0","3968","126976","126976","32","32","0","-","-","-","0","0","0","0","0","0","0","0","-","0","0","0","0","0","0","0","0","0","0","0","0","0","0","0","0","0","0","0","0","0","0","0","0","0","0","0","0","0","0","0","0","0","0","0","0","0","0","0","0","0","0"
"0x7052a1776ac0","      MUFU.RCP R37, R37","0","0","0","3968","126976","126976","32","32","0","-","-","-","0","0","0","0","0","0","0","0","-","0","0","0","0","0","0","0","0","0","0","0","0","0","0","0","0","0","0","0","0","0","0","0","0","0","0","0","0","0","0","0","0","0","0","0","0","0","0","0","0","0","0"
"0x7052a1776ad0","      IMAD.HI.U32 R27, R42, R29, RZ","1","0","1","3968","126976","126976","32","32","0","-","-","-","0","0","0","0","0","0","0","0","-","0","0","0","0","0","0","0","0","0","0","0","0","0","0","0","0","0","0","0","0","0","0","0","1","0","0","0","0","0","0","0","0","0","0","0","0","0","0","0","0","0","0"
"0x7052a1776ae0","      IMAD.MOV R25, RZ, RZ, -R25","1","0","1","3968","126976","126976","32","32","0","-","-","-","0","0","0","0","0","0","0","0","-","0","0","0","0","0","0","0","0","0","0","0","0","0","0","0","0","0","0","0","0","0","0","0","1","0","0","0","0","0","0","0","0","0","0","0","0","0","0","0","0","0","0"
"0x7052a1776af0","      IMAD.MOV R32, RZ, RZ, -R27","1","0","1","3968","126976","126976","32","32","0","-","-","-","0","0","0","0","0","0","0","0","-","0","0","0","0","0","0","0","0","0","0","0","0","0","0","0","0","0","0","1","0","0","0","0","0","0","0","0","0","0","0","0","0","0","0","0","0","0","0","0","0","0","0"
"0x7052a1776b00","      IMAD R28, R43, R25, R28","0","0","0","3968","126976","126976","32","32","0","-","-","-","0","0","0","0","0","0","0","0","-","0","0","0","0","0","0","0","0","0","0","0","0","0","0","0","0","0","0","0","0","0","0","0","0","0","0","0","0","0","0","0","0","0","0","0","0","0","0","0","0","0","0"
"0x7052a1776b10","@!P3  IMAD.IADD R24, R24, 0x1, -R43","0","0","0","3968","126976","0","32","0","0","-","-","-","0","0","0","0","0","0","0","0","-","0","0","0","0","0","0","0","0","0","0","0","0","0","0","0","0","0","0","0","0","0","0","0","0","0","0","0","0","0","0","0","0","0","0","0","0","0","0","0","0","0","0"
"0x7052a1776b20","      IMAD.HI.U32 R25, R42, R31, RZ","1","0","1","3968","126976","126976","32","32","0","-","-","-","0","0","0","0","0","0","0","0","-","0","0","0","0","0","0","0","0","0","0","0","0","0","0","0","0","0","0","0","1","0","0","0","0","0","0","0","0","0","0","0","0","0","0","0","0","0","0","0","0","0","0"
"0x7052a1776b30","      ISETP.GT.U32.AND P6, PT, R43, R28, PT","0","0","0","3968","126976","126976","32","32","0","-","-","-","0","0","0","0","0","0","0","0","-","0","0","0","0","0","0","0","0","0","0","0","0","0","0","0","0","0","0","0","0","0","0","0","0","0","0","0","0","0","0","0","0","0","0","0","0","0","0","0","0","0","0"
"0x7052a1776b40","      ISETP.GT.U32.AND P3, PT, R43, R24, PT","0","0","0","3968","126976","126976","32","32","0","-","-","-","0","0","0","0","0","0","0","0","-","0","0","0","0","0","0","0","0","0","0","0","0","0","0","0","0","0","0","0","0","0","0","0","0","0","0","0","0","0","0","0","0","0","0","0","0","0","0","0","0","0","0"
"0x7052a1776b50","      IMAD R29, R43, R32, R29","0","0","0","3968","126976","126976","32","32","0","-","-","-","0","0","0","0","0","0","0","0","-","0","0","0","0","0","0","0","0","0","0","0","0","0","0","0","0","0","0","0","0","0","0","0","0","0","0","0","0","0","0","0","0","0","0","0","0","0","0","0","0","0","0"
"0x7052a1776b60","      IMAD.MOV R32, RZ, RZ, -R25","3","1","3","3968","126976","126976","32","32","0","-","-","-","0","0","0","0","0","0","0","0","-","0","0","0","0","0","0","0","0","0","0","0","0","0","1","0","0","0","0","0","1","0","0","0","1","0","0","0","0","0","0","0","1","0","0","0","0","0","0","0","0","0","0"
"0x7052a1776b70","@!P0  IMAD.IADD R30, R30, 0x1, -R43","1","0","1","3968","126976","0","32","0","0","-","-","-","0","0","0","0","0","0","0","0","-","0","0","0","0","0","0","0","0","0","0","0","0","0","0","0","0","0","0","0","0","0","0","0","1","0","0","0","0","0","0","0","0","0","0","0","0","0","0","0","0","0","0"
"0x7052a1776b80","      ISETP.GE.AND P0, PT, R33, RZ, PT","0","0","0","3968","126976","126976","32","32","0","-","-","-","0","0","0","0","0","0","0","0","-","0","0","0","0","0","0","0","0","0","0","0","0","0","0","0","0","0","0","0","0","0","0","0","0","0","0","0","0","0","0","0","0","0","0","0","0","0","0","0","0","0","0"
"0x7052a1776b90","      IMAD R31, R43, R32, R31","0","0","0","3968","126976","126976","32","32","0","-","-","-","0","0","0","0","0","0","0","0","-","0","0","0","0","0","0","0","0","0","0","0","0","0","0","0","0","0","0","0","0","0","0","0","0","0","0","0","0","0","0","0","0","0","0","0","0","0","0","0","0","0","0"
"0x7052a1776ba0","      IABS R33, R45","0","0","0","3968","126976","126976","32","32","0","-","-","-","0","0","0","0","0","0","0","0","-","0","0","0","0","0","0","0","0","0","0","0","0","0","0","0","0","0","0","0","0","0","0","0","0","0","0","0","0","0","0","0","0","0","0","0","0","0","0","0","0","0","0"
"0x7052a1776bb0","      IMAD.HI.U32 R32, R42, R35, RZ","0","0","0","3968","126976","126976","32","32","0","-","-","-","0","0","0","0","0","0","0","0","-","0","0","0","0","0","0","0","0","0","0","0","0","0","0","0","0","0","0","0","0","0","0","0","0","0","0","0","0","0","0","0","0","0","0","0","0","0","0","0","0","0","0"
"0x7052a1776bc0","      ISETP.GT.U32.AND P5, PT, R43, R30, PT","0","0","0","3968","126976","126976","32","32","0","-","-","-","0","0","0","0","0","0","0","0","-","0","0","0","0","0","0","0","0","0","0","0","0","0","0","0","0","0","0","0","0","0","0","0","0","0","0","0","0","0","0","0","0","0","0","0","0","0","0","0","0","0","0"
"0x7052a1776bd0","@!P3  IMAD.IADD R24, R24, 0x1, -R43","2","1","2","3968","126976","0","32","0","0","-","-","-","0","0","0","0","0","0","0","0","-","0","0","0","0","0","0","0","0","0","0","0","0","0","1","0","0","0","0","1","0","0","0","0","0","0","0","0","0","0","0","0","1","0","0","0","0","0","0","0","0","0","0"
"0x7052a1776be0","      ISETP.GT.U32.AND P3, PT, R43, R31, PT","0","0","0","3968","126976","126976","32","32","0","-","-","-","0","0","0","0","0","0","0","0","-","0","0","0","0","0","0","0","0","0","0","0","0","0","0","0","0","0","0","0","0","0","0","0","0","0","0","0","0","0","0","0","0","0","0","0","0","0","0","0","0","0","0"
"0x7052a1776bf0","      IMAD.HI.U32 R25, R42, R33, RZ","0","0","0","3968","126976","126976","32","32","0","-","-","-","0","0","0","0","0","0","0","0","-","0","0","0","0","0","0","0","0","0","0","0","0","0","0","0","0","0","0","0","0","0","0","0","0","0","0","0","0","0","0","0","0","0","0","0","0","0","0","0","0","0","0"
"0x7052a1776c00","@!P6  IMAD.IADD R28, R28, 0x1, -R43","5","1","5","3968","126976","0","32","0","0","-","-","-","0","0","0","0","0","0","0","0","-","0","0","0","0","0","0","0","0","0","0","0","0","0","5","0","0","0","0","0","0","0","0","0","0","0","0","0","0","0","0","0","1","0","0","0","0","0","0","0","0","0","0"
"0x7052a1776c10","      IMAD.MOV.U32 R27, RZ, RZ, R24","4","1","4","3968","126976","126976","32","32","0","-","-","-","0","0","0","0","0","0","0","0","-","0","0","0","0","0","0","0","0","0","0","0","0","0","2","0","0","0","0","1","1","0","0","0","0","0","0","0","0","0","0","0","1","0","0","0","0","0","0","0","0","0","0"
"0x7052a1776c20","@!P5  IMAD.IADD R30, R30, 0x1, -R43","6","1","6","3968","126976","0","32","0","0","-","-","-","0","0","0","0","0","0","0","0","-","0","0","0","0","0","0","0","0","0","0","0","0","0","2","0","0","0","0","0","0","0","0","0","4","0","0","0","0","0","0","0","0","0","0","0","0","0","0","0","0","0","1"
"0x7052a1776c30","      ISETP.GT.U32.AND P5, PT, R43, R29, PT","0","0","0","3968","126976","126976","32","32","0","-","-","-","0","0","0","0","0","0","0","0","-","0","0","0","0","0","0","0","0","0","0","0","0","0","0","0","0","0","0","0","0","0","0","0","0","0","0","0","0","0","0","0","0","0","0","0","0","0","0","0","0","0","0"
"0x7052a1776c40","      IMAD.MOV R24, RZ, RZ, -R32","1","0","1","3968","126976","126976","32","32","0","-","-","-","0","0","0","0","0","0","0","0","-","0","0","0","0","0","0","0","0","0","0","0","0","0","0","0","0","0","0","0","1","0","0","0","0","0","0","0","0","0","0","0","0","0","0","0","0","0","0","0","0","0","0"
"0x7052a1776c50","      ISETP.GT.U32.AND P6, PT, R43, R28, PT","1","0","1","3968","126976","126976","32","32","0","-","-","-","0","0","0","0","0","0","0","0","-","0","0","0","0","0","0","0","0","1","0","0","0","0","0","0","0","0","0","0","0","0","0","0","0","0","0","0","0","0","0","0","0","0","0","0","0","0","0","0","0","0","0"
"0x7052a1776c60","@!P3  IMAD.IADD R31, R31, 0x1, -R43","0","0","0","3968","126976","0","32","0","0","-","-","-","0","0","0","0","0","0","0","0","-","0","0","0","0","0","0","0","0","0","0","0","0","0","0","0","0","0","0","0","0","0","0","0","0","0","0","0","0","0","0","0","0","0","0","0","0","0","0","0","0","0","0"
"0x7052a1776c70","@!P1  IMAD.MOV R30, RZ, RZ, -R30","1","0","1","3968","126976","0","32","0","0","-","-","-","0","0","0","0","0","0","0","0","-","0","0","0","0","0","0","0","0","0","0","0","0","0","0","0","0","0","0","1","0","0","0","0","0","0","0","0","0","0","0","0","0","0","0","0","0","0","0","0","0","0","0"
"0x7052a1776c80","      ISETP.GE.AND P1, PT, R34, RZ, PT","0","0","0","3968","126976","126976","32","32","0","-","-","-","0","0","0","0","0","0","0","0","-","0","0","0","0","0","0","0","0","0","0","0","0","0","0","0","0","0","0","0","0","0","0","0","0","0","0","0","0","0","0","0","0","0","0","0","0","0","0","0","0","0","0"
"0x7052a1776c90","      IMAD.MOV R34, RZ, RZ, -R25","0","0","0","3968","126976","126976","32","32","0","-","-","-","0","0","0","0","0","0","0","0","-","0","0","0","0","0","0","0","0","0","0","0","0","0","0","0","0","0","0","0","0","0","0","0","0","0","0","0","0","0","0","0","0","0","0","0","0","0","0","0","0","0","0"
"0x7052a1776ca0","      ISETP.GT.U32.AND P3, PT, R43, R31, PT","3","0","3","3968","126976","126976","32","32","0","-","-","-","0","0","0","0","0","0","0","0","-","0","0","0","0","0","0","0","0","2","0","0","0","0","0","0","0","0","0","0","1","0","0","0","0","0","0","0","0","0","0","0","0","0","0","0","0","0","0","0","0","0","0"
"0x7052a1776cb0","@!P2  IMAD.MOV R27, RZ, RZ, -R27","1","0","1","3968","126976","0","32","0","0","-","-","-","0","0","0","0","0","0","0","0","-","0","0","0","0","0","0","0","0","0","0","0","0","0","0","0","0","0","0","0","1","0","0","0","0","0","0","0","0","0","0","0","0","0","0","0","0","0","0","0","0","0","0"
"0x7052a1776cc0","      ISETP.GE.AND P2, PT, R45, RZ, PT","0","0","0","3968","126976","126976","32","32","0","-","-","-","0","0","0","0","0","0","0","0","-","0","0","0","0","0","0","0","0","0","0","0","0","0","0","0","0","0","0","0","0","0","0","0","0","0","0","0","0","0","0","0","0","0","0","0","0","0","0","0","0","0","0"
"0x7052a1776cd0","      IMAD R32, R43, R34, R33","0","0","0","3968","126976","126976","32","32","0","-","-","-","0","0","0","0","0","0","0","0","-","0","0","0","0","0","0","0","0","0","0","0","0","0","0","0","0","0","0","0","0","0","0","0","0","0","0","0","0","0","0","0","0","0","0","0","0","0","0","0","0","0","0"
"0x7052a1776ce0","      SHF.R.U32.HI R34, RZ, 0x3, R195","0","0","0","3968","126976","126976","32","32","0","-","-","-","0","0","0","0","0","0","0","0","-","0","0","0","0","0","0","0","0","0","0","0","0","0","0","0","0","0","0","0","0","0","0","0","0","0","0","0","0","0","0","0","0","0","0","0","0","0","0","0","0","0","0"
"0x7052a1776cf0","      IMAD R33, R43, R24, R35","0","0","0","3968","126976","126976","32","32","0","-","-","-","0","0","0","0","0","0","0","0","-","0","0","0","0","0","0","0","0","0","0","0","0","0","0","0","0","0","0","0","0","0","0","0","0","0","0","0","0","0","0","0","0","0","0","0","0","0","0","0","0","0","0"
"0x7052a1776d00","      SHF.R.U32.HI R25, RZ, 0x3, R196","0","0","0","3968","126976","126976","32","32","0","-","-","-","0","0","0","0","0","0","0","0","-","0","0","0","0","0","0","0","0","0","0","0","0","0","0","0","0","0","0","0","0","0","0","0","0","0","0","0","0","0","0","0","0","0","0","0","0","0","0","0","0","0","0"
"0x7052a1776d10","@!P5  IMAD.IADD R29, R29, 0x1, -R43","0","0","0","3968","126976","0","32","0","0","-","-","-","0","0","0","0","0","0","0","0","-","0","0","0","0","0","0","0","0","0","0","0","0","0","0","0","0","0","0","0","0","0","0","0","0","0","0","0","0","0","0","0","0","0","0","0","0","0","0","0","0","0","0"
"0x7052a1776d20","      LOP3.LUT R45, R34, 0x1ffffff0, RZ, 0xc0, !PT","0","0","0","3968","126976","126976","32","32","0","-","-","-","0","0","0","0","0","0","0","0","-","0","0","0","0","0","0","0","0","0","0","0","0","0","0","0","0","0","0","0","0","0","0","0","0","0","0","0","0","0","0","0","0","0","0","0","0","0","0","0","0","0","0"
"0x7052a1776d30","@!P6  IMAD.IADD R28, R28, 0x1, -R43","0","0","0","3968","126976","0","32","0","0","-","-","-","0","0","0","0","0","0","0","0","-","0","0","0","0","0","0","0","0","0","0","0","0","0","0","0","0","0","0","0","0","0","0","0","0","0","0","0","0","0","0","0","0","0","0","0","0","0","0","0","0","0","0"
"0x7052a1776d40","      ISETP.GT.U32.AND P6, PT, R43, R32, PT","1","0","1","3968","126976","126976","32","32","0","-","-","-","0","0","0","0","0","0","0","0","-","0","0","0","0","0","0","0","0","0","0","0","0","0","0","0","0","0","0","0","1","0","0","0","0","0","0","0","0","0","0","0","0","0","0","0","0","0","0","0","0","0","0"
"0x7052a1776d50","      IMAD.SHL.U32 R24, R197, 0x100, RZ","0","0","0","3968","126976","126976","32","32","0","-","-","-","0","0","0","0","0","0","0","0","-","0","0","0","0","0","0","0","0","0","0","0","0","0","0","0","0","0","0","0","0","0","0","0","0","0","0","0","0","0","0","0","0","0","0","0","0","0","0","0","0","0","0"
"0x7052a1776d60","      ISETP.GT.U32.AND P5, PT, R43, R29, PT","0","0","0","3968","126976","126976","32","32","0","-","-","-","0","0","0","0","0","0","0","0","-","0","0","0","0","0","0","0","0","0","0","0","0","0","0","0","0","0","0","0","0","0","0","0","0","0","0","0","0","0","0","0","0","0","0","0","0","0","0","0","0","0","0"
"0x7052a1776d70","@!P3  IMAD.IADD R31, R31, 0x1, -R43","1","0","1","3968","126976","0","32","0","0","-","-","-","0","0","0","0","0","0","0","0","-","0","0","0","0","0","0","0","0","0","0","0","0","0","0","0","0","0","0","0","1","0","0","0","0","0","0","0","0","0","0","0","0","0","0","0","0","0","0","0","0","0","0"
"0x7052a1776d80","      ISETP.GT.U32.AND P3, PT, R43, R33, PT","0","0","0","3968","126976","126976","32","32","0","-","-","-","0","0","0","0","0","0","0","0","-","0","0","0","0","0","0","0","0","0","0","0","0","0","0","0","0","0","0","0","0","0","0","0","0","0","0","0","0","0","0","0","0","0","0","0","0","0","0","0","0","0","0"
"0x7052a1776d90","      VIADD R37, R37, 0xffffffe","0","0","0","3968","126976","126976","32","32","0","-","-","-","0","0","0","0","0","0","0","0","-","0","0","0","0","0","0","0","0","0","0","0","0","0","0","0","0","0","0","0","0","0","0","0","0","0","0","0","0","0","0","0","0","0","0","0","0","0","0","0","0","0","0"
"0x7052a1776da0","      IABS R34, R36","0","0","0","3968","126976","126976","32","32","0","-","-","-","0","0","0","0","0","0","0","0","-","0","0","0","0","0","0","0","0","0","0","0","0","0","0","0","0","0","0","0","0","0","0","0","0","0","0","0","0","0","0","0","0","0","0","0","0","0","0","0","0","0","0"
"0x7052a1776db0","@!P4  IMAD.MOV R28, RZ, RZ, -R28","0","0","0","3968","126976","0","32","0","0","-","-","-","0","0","0","0","0","0","0","0","-","0","0","0","0","0","0","0","0","0","0","0","0","0","0","0","0","0","0","0","0","0","0","0","0","0","0","0","0","0","0","0","0","0","0","0","0","0","0","0","0","0","0"
"0x7052a1776dc0","      LOP3.LUT R35, R25, 0x1ffffff0, RZ, 0xc0, !PT","0","0","0","3968","126976","126976","32","32","0","-","-","-","0","0","0","0","0","0","0","0","-","0","0","0","0","0","0","0","0","0","0","0","0","0","0","0","0","0","0","0","0","0","0","0","0","0","0","0","0","0","0","0","0","0","0","0","0","0","0","0","0","0","0"
"0x7052a1776dd0","      VIADD R46, R45, UR6","0","0","0","3968","126976","126976","32","32","0","-","-","-","0","0","0","0","0","0","0","0","-","0","0","0","0","0","0","0","0","0","0","0","0","0","0","0","0","0","0","0","0","0","0","0","0","0","0","0","0","0","0","0","0","0","0","0","0","0","0","0","0","0","0"
"0x7052a1776de0","      F2I.FTZ.U32.TRUNC.NTZ R25, R37","1","0","1","3968","126976","126976","32","32","0","-","-","-","0","0","0","0","0","0","0","0","-","0","0","0","0","0","0","0","0","0","0","0","0","0","0","0","0","0","0","0","1","0","0","0","0","0","0","0","0","0","0","0","0","0","0","0","0","0","0","0","0","0","0"
"0x7052a1776df0","@!P1  IMAD.MOV R31, RZ, RZ, -R31","0","0","0","3968","126976","0","32","0","0","-","-","-","0","0","0","0","0","0","0","0","-","0","0","0","0","0","0","0","0","0","0","0","0","0","0","0","0","0","0","0","0","0","0","0","0","0","0","0","0","0","0","0","0","0","0","0","0","0","0","0","0","0","0"
"0x7052a1776e00","      PLOP3.LUT P1, PT, PT, PT, UP1, 0x80, 0x0","0","0","0","3968","126976","126976","32","32","0","-","-","-","0","0","0","0","0","0","0","0","-","0","0","0","0","0","0","0","0","0","0","0","0","0","0","0","0","0","0","0","0","0","0","0","0","0","0","0","0","0","0","0","0","0","0","0","0","0","0","0","0","0","0"
"0x7052a1776e10","@!P6  IMAD.IADD R32, R32, 0x1, -R43","1","0","1","3968","126976","0","32","0","0","-","-","-","0","0","0","0","0","0","0","0","-","0","0","0","0","0","0","0","0","0","0","0","0","0","0","0","0","0","0","0","1","0","0","0","0","0","0","0","0","0","0","0","0","0","0","0","0","0","0","0","0","0","0"
"0x7052a1776e20","      ISETP.GE.AND P6, PT, R44, RZ, PT","0","0","0","3968","126976","126976","32","32","0","-","-","-","0","0","0","0","0","0","0","0","-","0","0","0","0","0","0","0","0","0","0","0","0","0","0","0","0","0","0","0","0","0","0","0","0","0","0","0","0","0","0","0","0","0","0","0","0","0","0","0","0","0","0"
"0x7052a1776e30","@!P5  IMAD.IADD R29, R29, 0x1, -R43","0","0","0","3968","126976","0","32","0","0","-","-","-","0","0","0","0","0","0","0","0","-","0","0","0","0","0","0","0","0","0","0","0","0","0","0","0","0","0","0","0","0","0","0","0","0","0","0","0","0","0","0","0","0","0","0","0","0","0","0","0","0","0","0"
"0x7052a1776e40","      ISETP.GE.AND P5, PT, R36, RZ, PT","0","0","0","3968","126976","126976","32","32","0","-","-","-","0","0","0","0","0","0","0","0","-","0","0","0","0","0","0","0","0","0","0","0","0","0","0","0","0","0","0","0","0","0","0","0","0","0","0","0","0","0","0","0","0","0","0","0","0","0","0","0","0","0","0"
"0x7052a1776e50","@!P3  IMAD.IADD R33, R33, 0x1, -R43","0","0","0","3968","126976","0","32","0","0","-","-","-","0","0","0","0","0","0","0","0","-","0","0","0","0","0","0","0","0","0","0","0","0","0","0","0","0","0","0","0","0","0","0","0","0","0","0","0","0","0","0","0","0","0","0","0","0","0","0","0","0","0","0"
"0x7052a1776e60","      LOP3.LUT R36, R24, 0x300, RZ, 0xc0, !PT","0","0","0","3968","126976","126976","32","32","0","-","-","-","0","0","0","0","0","0","0","0","-","0","0","0","0","0","0","0","0","0","0","0","0","0","0","0","0","0","0","0","0","0","0","0","0","0","0","0","0","0","0","0","0","0","0","0","0","0","0","0","0","0","0"
"0x7052a1776e70","      IMAD.HI.U32 R24, R42, R34, RZ","1","0","1","3968","126976","126976","32","32","0","-","-","-","0","0","0","0","0","0","0","0","-","0","0","0","0","0","0","0","0","0","0","0","0","0","0","0","0","0","0","0","1","0","0","0","0","0","0","0","0","0","0","0","0","0","0","0","0","0","0","0","0","0","0"
"0x7052a1776e80","      ISETP.GT.U32.AND P3, PT, R43, R32, PT","0","0","0","3968","126976","126976","32","32","0","-","-","-","0","0","0","0","0","0","0","0","-","0","0","0","0","0","0","0","0","0","0","0","0","0","0","0","0","0","0","0","0","0","0","0","0","0","0","0","0","0","0","0","0","0","0","0","0","0","0","0","0","0","0"
"0x7052a1776e90","      ISETP.GT.U32.AND P4, PT, R43, R33, PT","3","0","3","3968","126976","126976","32","32","0","-","-","-","0","0","0","0","0","0","0","0","-","0","0","0","0","0","0","0","0","1","0","0","0","0","0","0","0","0","0","1","1","0","0","0","0","0","0","0","0","0","0","0","0","0","0","0","0","0","0","0","0","0","0"
"0x7052a1776ea0","      VIADD R44, R35, UR6","0","0","0","3968","126976","126976","32","32","0","-","-","-","0","0","0","0","0","0","0","0","-","0","0","0","0","0","0","0","0","0","0","0","0","0","0","0","0","0","0","0","0","0","0","0","0","0","0","0","0","0","0","0","0","0","0","0","0","0","0","0","0","0","0"
"0x7052a1776eb0","      LOP3.LUT R49, R49, R36, R41, 0x1e, !PT","0","0","0","3968","126976","126976","32","32","0","-","-","-","0","0","0","0","0","0","0","0","-","0","0","0","0","0","0","0","0","0","0","0","0","0","0","0","0","0","0","0","0","0","0","0","0","0","0","0","0","0","0","0","0","0","0","0","0","0","0","0","0","0","0"
"0x7052a1776ec0","      IMAD.MOV R35, RZ, RZ, -R24","0","0","0","3968","126976","126976","32","32","0","-","-","-","0","0","0","0","0","0","0","0","-","0","0","0","0","0","0","0","0","0","0","0","0","0","0","0","0","0","0","0","0","0","0","0","0","0","0","0","0","0","0","0","0","0","0","0","0","0","0","0","0","0","0"
"0x7052a1776ed0","      IMAD.MOV R45, RZ, RZ, -R25","1","0","1","3968","126976","126976","32","32","0","-","-","-","0","0","0","0","0","0","0","0","-","0","0","0","0","0","0","0","0","1","0","0","0","0","0","0","0","0","0","0","0","0","0","0","0","0","0","0","0","0","0","0","0","0","0","0","0","0","0","0","0","0","0"
"0x7052a1776ee0","      LOP3.LUT R37, R49, 0x80, RZ, 0xfc, !PT","0","0","0","3968","126976","126976","32","32","0","-","-","-","0","0","0","0","0","0","0","0","-","0","0","0","0","0","0","0","0","0","0","0","0","0","0","0","0","0","0","0","0","0","0","0","0","0","0","0","0","0","0","0","0","0","0","0","0","0","0","0","0","0","0"
"0x7052a1776ef0","      IMAD R34, R43, R35, R34","2","0","2","3968","126976","126976","32","32","0","-","-","-","0","0","0","0","0","0","0","0","-","0","0","0","0","0","0","0","0","0","0","0","0","0","0","0","0","0","0","0","2","0","0","0","0","0","0","0","0","0","0","0","0","0","0","0","0","0","0","0","0","0","0"
"0x7052a1776f00","      LOP3.LUT R41, R49, 0x88, RZ, 0x3c, !PT","1","0","1","3968","126976","126976","32","32","0","-","-","-","0","0","0","0","0","0","0","0","-","0","0","0","0","0","0","0","0","0","0","0","0","0","0","0","0","0","0","0","1","0","0","0","0","0","0","0","0","0","0","0","0","0","0","0","0","0","0","0","0","0","0"
"0x7052a1776f10","      IMAD R35, R45, R38, RZ","0","0","0","3968","126976","126976","32","32","0","-","-","-","0","0","0","0","0","0","0","0","-","0","0","0","0","0","0","0","0","0","0","0","0","0","0","0","0","0","0","0","0","0","0","0","0","0","0","0","0","0","0","0","0","0","0","0","0","0","0","0","0","0","0"
"0x7052a1776f20","      IMAD R47, R37, 0x2, R44","1","0","1","3968","126976","126976","32","32","0","-","-","-","0","0","0","0","0","0","0","0","-","0","0","0","0","0","0","0","0","0","0","0","0","0","0","0","0","0","0","0","1","0","0","0","0","0","0","0","0","0","0","0","0","0","0","0","0","0","0","0","0","0","0"
"0x7052a1776f30","      SHF.R.U32.HI R37, RZ, 0x3, R194","1","0","1","3968","126976","126976","32","32","0","-","-","-","0","0","0","0","0","0","0","0","-","0","0","0","0","0","0","0","0","0","0","0","0","0","0","0","0","0","0","0","1","0","0","0","0","0","0","0","0","0","0","0","0","0","0","0","0","0","0","0","0","0","0"
"0x7052a1776f40","@!P4  IMAD.IADD R33, R33, 0x1, -R43","2","0","2","3968","126976","0","32","0","0","-","-","-","0","0","0","0","0","0","0","0","-","0","0","0","0","0","0","0","0","0","0","0","0","0","0","0","0","0","0","0","2","0","0","0","0","0","0","0","0","0","0","0","0","0","0","0","0","0","0","0","0","0","0"
"0x7052a1776f50","      ISETP.GT.U32.AND P4, PT, R43, R34, PT","0","0","0","3968","126976","126976","32","32","0","-","-","-","0","0","0","0","0","0","0","0","-","0","0","0","0","0","0","0","0","0","0","0","0","0","0","0","0","0","0","0","0","0","0","0","0","0","0","0","0","0","0","0","0","0","0","0","0","0","0","0","0","0","0"
"0x7052a1776f60","      IMAD R51, R41, 0x2, R46","0","0","0","3968","126976","126976","32","32","0","-","-","-","0","0","0","0","0","0","0","0","-","0","0","0","0","0","0","0","0","0","0","0","0","0","0","0","0","0","0","0","0","0","0","0","0","0","0","0","0","0","0","0","0","0","0","0","0","0","0","0","0","0","0"
"0x7052a1776f70","      SHF.R.U32.HI R41, RZ, 0x3, R193","0","0","0","3968","126976","126976","32","32","0","-","-","-","0","0","0","0","0","0","0","0","-","0","0","0","0","0","0","0","0","0","0","0","0","0","0","0","0","0","0","0","0","0","0","0","0","0","0","0","0","0","0","0","0","0","0","0","0","0","0","0","0","0","0"
"0x7052a1776f80","      IMAD.MOV.U32 R24, RZ, RZ, RZ","2","0","2","3968","126976","126976","32","32","0","-","-","-","0","0","0","0","0","0","0","0","-","0","0","0","0","0","0","0","0","1","0","0","0","0","0","0","0","0","0","0","1","0","0","0","0","0","0","0","0","0","0","0","0","0","0","0","0","0","0","0","0","0","0"
"0x7052a1776f90","      LOP3.LUT R37, R37, 0x1ffffff0, RZ, 0xc0, !PT","1","0","1","3968","126976","126976","32","32","0","-","-","-","0","0","0","0","0","0","0","0","-","0","0","0","0","0","0","0","0","0","0","0","0","0","0","0","0","0","0","0","1","0","0","0","0","0","0","0","0","0","0","0","0","0","0","0","0","0","0","0","0","0","0"
"0x7052a1776fa0","@!P3  IMAD.IADD R32, R32, 0x1, -R43","0","0","0","3968","126976","0","32","0","0","-","-","-","0","0","0","0","0","0","0","0","-","0","0","0","0","0","0","0","0","0","0","0","0","0","0","0","0","0","0","0","0","0","0","0","0","0","0","0","0","0","0","0","0","0","0","0","0","0","0","0","0","0","0"
"0x7052a1776fb0","      LOP3.LUT R41, R41, 0x1ffffff0, RZ, 0xc0, !PT","2","0","2","3968","126976","126976","32","32","0","-","-","-","0","0","0","0","0","0","0","0","-","0","0","0","0","0","0","0","0","0","0","0","0","0","0","0","0","0","0","0","2","0","0","0","0","0","0","0","0","0","0","0","0","0","0","0","0","0","0","0","0","0","0"
"0x7052a1776fc0","      IMAD.HI.U32 R24, R25, R35, R24","1","0","1","3968","126976","126976","32","32","0","-","-","-","0","0","0","0","0","0","0","0","-","0","0","0","0","0","0","0","0","0","0","0","0","0","0","0","0","0","0","0","1","0","0","0","0","0","0","0","0","0","0","0","0","0","0","0","0","0","0","0","0","0","0"
"0x7052a1776fd0","      IABS R44, R26","0","0","0","3968","126976","126976","32","32","0","-","-","-","0","0","0","0","0","0","0","0","-","0","0","0","0","0","0","0","0","0","0","0","0","0","0","0","0","0","0","0","0","0","0","0","0","0","0","0","0","0","0","0","0","0","0","0","0","0","0","0","0","0","0"
"0x7052a1776fe0","      ISETP.GE.AND P3, PT, R26, RZ, PT","5","1","5","3968","126976","126976","32","32","0","-","-","-","0","0","0","0","0","0","0","0","-","0","0","0","0","0","0","0","0","0","0","0","0","0","2","0","0","0","0","2","0","0","0","0","1","0","0","0","0","0","0","0","1","0","0","0","0","0","0","0","0","0","0"
"0x7052a1776ff0","      VIADD R26, R37, UR6","1","0","1","3968","126976","126976","32","32","0","-","-","-","0","0","0","0","0","0","0","0","-","0","0","0","0","0","0","0","0","0","0","0","0","0","0","0","0","0","0","0","1","0","0","0","0","0","0","0","0","0","0","0","0","0","0","0","0","0","0","0","0","0","0"
"0x7052a1777000","      LOP3.LUT R35, R49, 0x480, RZ, 0xfc, !PT","1","0","1","3968","126976","126976","32","32","0","-","-","-","0","0","0","0","0","0","0","0","-","0","0","0","0","0","0","0","0","0","0","0","0","0","0","0","0","0","0","0","1","0","0","0","0","0","0","0","0","0","0","0","0","0","0","0","0","0","0","0","0","0","0"
"0x7052a1777010","      VIADD R42, R41, UR6","0","0","0","3968","126976","126976","32","32","0","-","-","-","0","0","0","0","0","0","0","0","-","0","0","0","0","0","0","0","0","0","0","0","0","0","0","0","0","0","0","0","0","0","0","0","0","0","0","0","0","0","0","0","0","0","0","0","0","0","0","0","0","0","0"
"0x7052a1777020","      SHF.R.U32.HI R37, RZ, 0x3, R192","0","0","0","3968","126976","126976","32","32","0","-","-","-","0","0","0","0","0","0","0","0","-","0","0","0","0","0","0","0","0","0","0","0","0","0","0","0","0","0","0","0","0","0","0","0","0","0","0","0","0","0","0","0","0","0","0","0","0","0","0","0","0","0","0"
"0x7052a1777030","@!P4  IMAD.IADD R34, R34, 0x1, -R43","1","0","1","3968","126976","0","32","0","0","-","-","-","0","0","0","0","0","0","0","0","-","0","0","0","0","0","0","0","0","0","0","0","0","0","0","0","0","0","0","0","1","0","0","0","0","0","0","0","0","0","0","0","0","0","0","0","0","0","0","0","0","0","0"
"0x7052a1777040","      LOP3.LUT R25, R49, 0x400, RZ, 0xfc, !PT","0","0","0","3968","126976","126976","32","32","0","-","-","-","0","0","0","0","0","0","0","0","-","0","0","0","0","0","0","0","0","0","0","0","0","0","0","0","0","0","0","0","0","0","0","0","0","0","0","0","0","0","0","0","0","0","0","0","0","0","0","0","0","0","0"
"0x7052a1777050","      IMAD.MOV.U32 R41, RZ, RZ, R44","1","0","1","3968","126976","126976","32","32","0","-","-","-","0","0","0","0","0","0","0","0","-","0","0","0","0","0","0","0","0","0","0","0","0","0","0","0","0","0","0","0","1","0","0","0","0","0","0","0","0","0","0","0","0","0","0","0","0","0","0","0","0","0","0"
"0x7052a1777060","      LOP3.LUT R37, R37, 0x1ffffff0, RZ, 0xc0, !PT","0","0","0","3968","126976","126976","32","32","0","-","-","-","0","0","0","0","0","0","0","0","-","0","0","0","0","0","0","0","0","0","0","0","0","0","0","0","0","0","0","0","0","0","0","0","0","0","0","0","0","0","0","0","0","0","0","0","0","0","0","0","0","0","0"
"0x7052a1777070","      IMAD R42, R35, 0x2, R42","0","0","0","3968","126976","126976","32","32","0","-","-","-","0","0","0","0","0","0","0","0","-","0","0","0","0","0","0","0","0","0","0","0","0","0","0","0","0","0","0","0","0","0","0","0","0","0","0","0","0","0","0","0","0","0","0","0","0","0","0","0","0","0","0"
"0x7052a1777080","      ISETP.GT.U32.AND P4, PT, R43, R34, PT","0","0","0","3968","126976","126976","32","32","0","-","-","-","0","0","0","0","0","0","0","0","-","0","0","0","0","0","0","0","0","0","0","0","0","0","0","0","0","0","0","0","0","0","0","0","0","0","0","0","0","0","0","0","0","0","0","0","0","0","0","0","0","0","0"
"0x7052a1777090","      IMAD.HI.U32 R24, R24, R41, RZ","0","0","0","3968","126976","126976","32","32","0","-","-","-","0","0","0","0","0","0","0","0","-","0","0","0","0","0","0","0","0","0","0","0","0","0","0","0","0","0","0","0","0","0","0","0","0","0","0","0","0","0","0","0","0","0","0","0","0","0","0","0","0","0","0"
"0x7052a17770a0","      SHF.R.U32.HI R35, RZ, 0x3, R0","0","0","0","3968","126976","126976","32","32","0","-","-","-","0","0","0","0","0","0","0","0","-","0","0","0","0","0","0","0","0","0","0","0","0","0","0","0","0","0","0","0","0","0","0","0","0","0","0","0","0","0","0","0","0","0","0","0","0","0","0","0","0","0","0"
"0x7052a17770b0","      LEA.HI R44, R36, UR6, RZ, 0x1d","6","3","6","3968","126976","126976","32","32","0","-","-","-","0","0","0","0","0","0","0","0","-","0","0","0","0","0","0","0","0","0","0","0","0","0","4","0","0","0","0","2","0","0","0","0","0","0","0","0","0","0","0","0","3","0","0","0","0","0","0","0","0","0","0"
"0x7052a17770c0","      IMAD R45, R25, 0x2, R26","0","0","0","3968","126976","126976","32","32","0","-","-","-","0","0","0","0","0","0","0","0","-","0","0","0","0","0","0","0","0","0","0","0","0","0","0","0","0","0","0","0","0","0","0","0","0","0","0","0","0","0","0","0","0","0","0","0","0","0","0","0","0","0","0"
"0x7052a17770d0","      LOP3.LUT R36, R49, 0x8, RZ, 0x3c, !PT","0","0","0","3968","126976","126976","32","32","0","-","-","-","0","0","0","0","0","0","0","0","-","0","0","0","0","0","0","0","0","0","0","0","0","0","0","0","0","0","0","0","0","0","0","0","0","0","0","0","0","0","0","0","0","0","0","0","0","0","0","0","0","0","0"
"0x7052a17770e0","      IMAD.MOV R24, RZ, RZ, -R24","0","0","0","3968","126976","126976","32","32","0","-","-","-","0","0","0","0","0","0","0","0","-","0","0","0","0","0","0","0","0","0","0","0","0","0","0","0","0","0","0","0","0","0","0","0","0","0","0","0","0","0","0","0","0","0","0","0","0","0","0","0","0","0","0"
"0x7052a17770f0","      LOP3.LUT R25, R49, 0x408, RZ, 0x3c, !PT","2","0","2","3968","126976","126976","32","32","0","-","-","-","0","0","0","0","0","0","0","0","-","0","0","0","0","0","0","0","0","0","0","0","0","0","0","0","0","0","0","0","2","0","0","0","0","0","0","0","0","0","0","0","0","0","0","0","0","0","0","0","0","0","0"
"0x7052a1777100","      VIADD R26, R37, UR6","0","0","0","3968","126976","126976","32","32","0","-","-","-","0","0","0","0","0","0","0","0","-","0","0","0","0","0","0","0","0","0","0","0","0","0","0","0","0","0","0","0","0","0","0","0","0","0","0","0","0","0","0","0","0","0","0","0","0","0","0","0","0","0","0"
"0x7052a1777110","      LOP3.LUT R35, R35, 0x1ffffff0, RZ, 0xc0, !PT","0","0","0","3968","126976","126976","32","32","0","-","-","-","0","0","0","0","0","0","0","0","-","0","0","0","0","0","0","0","0","0","0","0","0","0","0","0","0","0","0","0","0","0","0","0","0","0","0","0","0","0","0","0","0","0","0","0","0","0","0","0","0","0","0"
"0x7052a1777120","      IMAD R53, R49, 0x2, R44","2","0","2","3968","126976","126976","32","32","0","-","-","-","0","0","0","0","0","0","0","0","-","0","0","0","0","0","0","0","0","0","0","0","0","0","0","0","0","0","0","0","2","0","0","0","0","0","0","0","0","0","0","0","0","0","0","0","0","0","0","0","0","0","0"
"0x7052a1777130","      LOP3.LUT R49, R49, 0x488, RZ, 0x3c, !PT","1","0","1","3968","126976","126976","32","32","0","-","-","-","0","0","0","0","0","0","0","0","-","0","0","0","0","0","0","0","0","0","0","0","0","0","0","0","0","0","0","0","1","0","0","0","0","0","0","0","0","0","0","0","0","0","0","0","0","0","0","0","0","0","0"
"0x7052a1777140","      IMAD R50, R36, 0x2, R44","1","0","1","3968","126976","126976","32","32","0","-","-","-","0","0","0","0","0","0","0","0","-","0","0","0","0","0","0","0","0","0","0","0","0","0","0","0","0","0","0","0","1","0","0","0","0","0","0","0","0","0","0","0","0","0","0","0","0","0","0","0","0","0","0"
"0x7052a1777150","      IMAD R41, R38, R24, R41","3","0","3","3968","126976","126976","32","32","0","-","-","-","0","0","0","0","0","0","0","0","-","0","0","0","0","0","0","0","0","0","0","0","0","0","1","0","0","0","0","2","0","0","0","0","0","0","0","0","0","0","0","0","0","0","0","0","0","0","0","0","0","0","0"
"0x7052a1777160","      STS.U16 [R53], R64","0","0","0","3968","126976","126976","32","32","0","Shared","Store","16","0","1","0","3968","3968","0","0","0","-","0","0","0","0","0","0","0","0","0","0","0","0","0","0","0","0","0","0","0","0","0","0","0","0","0","0","0","0","0","0","0","0","0","0","0","0","0","0","0","0","0","0"
"0x7052a1777170","      IMAD R44, R25, 0x2, R26","1","0","1","3968","126976","126976","32","32","0","-","-","-","0","0","0","0","0","0","0","0","-","0","0","0","0","0","0","0","0","0","0","0","0","0","0","0","0","0","0","0","1","0","0","0","0","0","0","0","0","0","0","0","0","0","0","0","0","0","0","0","0","0","0"
"0x7052a1777180","      PRMT R25, R64, 0x7632, R25","0","0","0","3968","126976","126976","32","32","0","-","-","-","0","0","0","0","0","0","0","0","-","0","0","0","0","0","0","0","0","0","0","0","0","0","0","0","0","0","0","0","0","0","0","0","0","0","0","0","0","0","0","0","0","0","0","0","0","0","0","0","0","0","0"
"0x7052a1777190","      VIADD R24, R35, UR6","0","0","0","3968","126976","126976","32","32","0","-","-","-","0","0","0","0","0","0","0","0","-","0","0","0","0","0","0","0","0","0","0","0","0","0","0","0","0","0","0","0","0","0","0","0","0","0","0","0","0","0","0","0","0","0","0","0","0","0","0","0","0","0","0"
"0x7052a17771a0","      PRMT R26, R65, 0x7632, R26","0","0","0","3968","126976","126976","32","32","0","-","-","-","0","0","0","0","0","0","0","0","-","0","0","0","0","0","0","0","0","0","0","0","0","0","0","0","0","0","0","0","0","0","0","0","0","0","0","0","0","0","0","0","0","0","0","0","0","0","0","0","0","0","0"
"0x7052a17771b0","@!P4  IMAD.IADD R34, R34, 0x1, -R43","0","0","0","3968","126976","0","32","0","0","-","-","-","0","0","0","0","0","0","0","0","-","0","0","0","0","0","0","0","0","0","0","0","0","0","0","0","0","0","0","0","0","0","0","0","0","0","0","0","0","0","0","0","0","0","0","0","0","0","0","0","0","0","0"
"0x7052a17771c0","      ISETP.GT.U32.AND P4, PT, R38, R41, PT","0","0","0","3968","126976","126976","32","32","0","-","-","-","0","0","0","0","0","0","0","0","-","0","0","0","0","0","0","0","0","0","0","0","0","0","0","0","0","0","0","0","0","0","0","0","0","0","0","0","0","0","0","0","0","0","0","0","0","0","0","0","0","0","0"
"0x7052a17771d0","      IMAD R46, R49, 0x2, R24","0","0","0","3968","126976","126976","32","32","0","-","-","-","0","0","0","0","0","0","0","0","-","0","0","0","0","0","0","0","0","0","0","0","0","0","0","0","0","0","0","0","0","0","0","0","0","0","0","0","0","0","0","0","0","0","0","0","0","0","0","0","0","0","0"
"0x7052a17771e0","      PRMT R24, R66, 0x7632, R24","1","0","1","3968","126976","126976","32","32","0","-","-","-","0","0","0","0","0","0","0","0","-","0","0","0","0","0","0","0","0","0","0","0","0","0","0","0","0","0","0","0","1","0","0","0","0","0","0","0","0","0","0","0","0","0","0","0","0","0","0","0","0","0","0"
"0x7052a17771f0","      STS.U16 [R47], R25","0","0","0","3968","126976","126976","32","32","0","Shared","Store","16","0","1","0","3968","3968","0","0","0","-","0","0","0","0","0","0","0","0","0","0","0","0","0","0","0","0","0","0","0","0","0","0","0","0","0","0","0","0","0","0","0","0","0","0","0","0","0","0","0","0","0","0"
"0x7052a1777200","      PRMT R35, R67, 0x7632, R35","0","0","0","3968","126976","126976","32","32","0","-","-","-","0","0","0","0","0","0","0","0","-","0","0","0","0","0","0","0","0","0","0","0","0","0","0","0","0","0","0","0","0","0","0","0","0","0","0","0","0","0","0","0","0","0","0","0","0","0","0","0","0","0","0"
"0x7052a1777210","@!P0  IMAD.MOV R29, RZ, RZ, -R29","0","0","0","3968","126976","0","32","0","0","-","-","-","0","0","0","0","0","0","0","0","-","0","0","0","0","0","0","0","0","0","0","0","0","0","0","0","0","0","0","0","0","0","0","0","0","0","0","0","0","0","0","0","0","0","0","0","0","0","0","0","0","0","0"
"0x7052a1777220","      STS.U16 [R50], R65","5","0","5","3968","126976","126976","32","32","0","Shared","Store","16","0","1","0","3968","3968","0","0","0","-","0","0","0","0","0","0","0","0","0","0","0","0","0","0","0","0","0","0","5","0","0","0","0","0","0","0","0","0","0","0","0","0","0","0","0","0","0","0","0","0","0","0"
"0x7052a1777230","@!P2  IMAD.MOV R32, RZ, RZ, -R32","0","0","0","3968","126976","0","32","0","0","-","-","-","0","0","0","0","0","0","0","0","-","0","0","0","0","0","0","0","0","0","0","0","0","0","0","0","0","0","0","0","0","0","0","0","0","0","0","0","0","0","0","0","0","0","0","0","0","0","0","0","0","0","0"
"0x7052a1777240","      ISETP.NE.AND P2, PT, R40, RZ, PT","0","0","0","3968","126976","126976","32","32","0","-","-","-","0","0","0","0","0","0","0","0","-","0","0","0","0","0","0","0","0","0","0","0","0","0","0","0","0","0","0","0","0","0","0","0","0","0","0","0","0","0","0","0","0","0","0","0","0","0","0","0","0","0","0"
"0x7052a1777250","@!P6  IMAD.MOV R33, RZ, RZ, -R33","0","0","0","3968","126976","0","32","0","0","-","-","-","0","0","0","0","0","0","0","0","-","0","0","0","0","0","0","0","0","0","0","0","0","0","0","0","0","0","0","0","0","0","0","0","0","0","0","0","0","0","0","0","0","0","0","0","0","0","0","0","0","0","0"
"0x7052a1777260","      STS.U16 [R51], R26","0","0","0","3968","126976","126976","32","32","0","Shared","Store","16","0","1","0","3968","3968","0","0","0","-","0","0","0","0","0","0","0","0","0","0","0","0","0","0","0","0","0","0","0","0","0","0","0","0","0","0","0","0","0","0","0","0","0","0","0","0","0","0","0","0","0","0"
"0x7052a1777270","@!P5  IMAD.MOV R34, RZ, RZ, -R34","0","0","0","3968","126976","0","32","0","0","-","-","-","0","0","0","0","0","0","0","0","-","0","0","0","0","0","0","0","0","0","0","0","0","0","0","0","0","0","0","0","0","0","0","0","0","0","0","0","0","0","0","0","0","0","0","0","0","0","0","0","0","0","0"
"0x7052a1777280","      PLOP3.LUT P6, PT, PT, PT, UP1, 0x80, 0x0","1","0","1","3968","126976","126976","32","32","0","-","-","-","0","0","0","0","0","0","0","0","-","0","0","0","0","0","0","0","0","0","0","0","0","0","0","0","0","0","0","0","1","0","0","0","0","0","0","0","0","0","0","0","0","0","0","0","0","0","0","0","0","0","0"
"0x7052a1777290","@!P4  IMAD.IADD R41, R41, 0x1, -R38","2","0","2","3968","126976","0","32","0","0","-","-","-","0","0","0","0","0","0","0","0","-","0","0","0","0","0","0","0","0","0","0","0","0","0","0","0","0","0","0","0","2","0","0","0","0","0","0","0","0","0","0","0","0","0","0","0","0","0","0","0","0","0","0"
"0x7052a17772a0","      STS.U16 [R45], R66","0","0","0","3968","126976","126976","32","32","0","Shared","Store","16","0","1","0","3968","3968","0","0","0","-","0","0","0","0","0","0","0","0","0","0","0","0","0","0","0","0","0","0","0","0","0","0","0","0","0","0","0","0","0","0","0","0","0","0","0","0","0","0","0","0","0","0"
"0x7052a17772b0","      ISETP.NE.AND P4, PT, R39, RZ, PT","0","0","0","3968","126976","126976","32","32","0","-","-","-","0","0","0","0","0","0","0","0","-","0","0","0","0","0","0","0","0","0","0","0","0","0","0","0","0","0","0","0","0","0","0","0","0","0","0","0","0","0","0","0","0","0","0","0","0","0","0","0","0","0","0"
"0x7052a17772c0","      LOP3.LUT R39, RZ, R39, RZ, 0x33, !PT","1","0","1","3968","126976","126976","32","32","0","-","-","-","0","0","0","0","0","0","0","0","-","0","0","0","0","0","0","0","0","0","0","0","0","0","1","0","0","0","0","0","0","0","0","0","0","0","0","0","0","0","0","0","0","0","0","0","0","0","0","0","0","0","0"
"0x7052a17772d0","      STS.U16 [R42], R24","0","0","0","3968","126976","126976","32","32","0","Shared","Store","16","0","1","0","3968","3968","0","0","0","-","0","0","0","0","0","0","0","0","0","0","0","0","0","0","0","0","0","0","0","0","0","0","0","0","0","0","0","0","0","0","0","0","0","0","0","0","0","0","0","0","0","0"
"0x7052a17772e0","      ISETP.GT.U32.AND P0, PT, R38, R41, PT","0","0","0","3968","126976","126976","32","32","0","-","-","-","0","0","0","0","0","0","0","0","-","0","0","0","0","0","0","0","0","0","0","0","0","0","0","0","0","0","0","0","0","0","0","0","0","0","0","0","0","0","0","0","0","0","0","0","0","0","0","0","0","0","0"
"0x7052a17772f0","      SEL R73, R39, R30, !P4","0","0","0","3968","126976","126976","32","32","0","-","-","-","0","0","0","0","0","0","0","0","-","0","0","0","0","0","0","0","0","0","0","0","0","0","0","0","0","0","0","0","0","0","0","0","0","0","0","0","0","0","0","0","0","0","0","0","0","0","0","0","0","0","0"
"0x7052a1777300","      STS.U16 [R44], R67","0","0","0","3968","126976","126976","32","32","0","Shared","Store","16","0","1","0","3968","3968","0","0","0","-","0","0","0","0","0","0","0","0","0","0","0","0","0","0","0","0","0","0","0","0","0","0","0","0","0","0","0","0","0","0","0","0","0","0","0","0","0","0","0","0","0","0"
"0x7052a1777310","      SEL R43, R39, R27, !P4","0","0","0","3968","126976","126976","32","32","0","-","-","-","0","0","0","0","0","0","0","0","-","0","0","0","0","0","0","0","0","0","0","0","0","0","0","0","0","0","0","0","0","0","0","0","0","0","0","0","0","0","0","0","0","0","0","0","0","0","0","0","0","0","0"
"0x7052a1777320","      SEL R65, R39, R28, !P4","0","0","0","3968","126976","126976","32","32","0","-","-","-","0","0","0","0","0","0","0","0","-","0","0","0","0","0","0","0","0","0","0","0","0","0","0","0","0","0","0","0","0","0","0","0","0","0","0","0","0","0","0","0","0","0","0","0","0","0","0","0","0","0","0"
"0x7052a1777330","      STS.U16 [R46], R35","0","0","0","3968","126976","126976","32","32","0","Shared","Store","16","0","1","0","3968","3968","0","0","0","-","0","0","0","0","0","0","0","0","0","0","0","0","0","0","0","0","0","0","0","0","0","0","0","0","0","0","0","0","0","0","0","0","0","0","0","0","0","0","0","0","0","0"
"0x7052a1777340","      SEL R75, R39, R31, !P4","0","0","0","3968","126976","126976","32","32","0","-","-","-","0","0","0","0","0","0","0","0","-","0","0","0","0","0","0","0","0","0","0","0","0","0","0","0","0","0","0","0","0","0","0","0","0","0","0","0","0","0","0","0","0","0","0","0","0","0","0","0","0","0","0"
"0x7052a1777350","      SEL R77, R39, R32, !P4","1","0","1","3968","126976","126976","32","32","0","-","-","-","0","0","0","0","0","0","0","0","-","0","0","0","0","0","0","0","0","0","0","0","0","0","1","0","0","0","0","0","0","0","0","0","0","0","0","0","0","0","0","0","0","0","0","0","0","0","0","0","0","0","0"
"0x7052a1777360","      SEL R79, R39, R33, !P4","1","1","1","3968","126976","126976","32","32","0","-","-","-","0","0","0","0","0","0","0","0","-","0","0","0","0","0","0","0","0","0","0","0","0","0","0","0","0","0","0","0","0","0","0","0","1","0","0","0","0","0","0","0","0","0","0","0","0","0","0","0","0","0","1"
"0x7052a1777370","@!P0  IMAD.IADD R41, R41, 0x1, -R38","0","0","0","3968","126976","0","32","0","0","-","-","-","0","0","0","0","0","0","0","0","-","0","0","0","0","0","0","0","0","0","0","0","0","0","0","0","0","0","0","0","0","0","0","0","0","0","0","0","0","0","0","0","0","0","0","0","0","0","0","0","0","0","0"
"0x7052a1777380","      SEL R67, R39, R29, !P4","2","0","2","3968","126976","126976","32","32","0","-","-","-","0","0","0","0","0","0","0","0","-","0","0","0","0","0","0","0","0","0","0","0","0","0","0","0","0","0","0","2","0","0","0","0","0","0","0","0","0","0","0","0","0","0","0","0","0","0","0","0","0","0","0"
"0x7052a1777390","      SEL R49, R39, R34, !P4","0","0","0","3968","126976","126976","32","32","0","-","-","-","0","0","0","0","0","0","0","0","-","0","0","0","0","0","0","0","0","0","0","0","0","0","0","0","0","0","0","0","0","0","0","0","0","0","0","0","0","0","0","0","0","0","0","0","0","0","0","0","0","0","0"
"0x7052a17773a0","      BAR.SYNC.DEFER_BLOCKING 0x0","0","0","0","3968","126976","126976","32","32","0","-","-","-","0","0","0","0","0","0","0","0","-","0","0","0","0","0","0","0","0","0","0","0","0","0","0","0","0","0","0","0","0","0","0","0","0","0","0","0","0","0","0","0","0","0","0","0","0","0","0","0","0","0","0"
"0x7052a17773b0","      PRMT R24, R60, 0x7632, R24","1","0","1","3968","126976","126976","32","32","0","-","-","-","0","0","0","0","0","0","0","0","-","0","0","0","0","0","0","0","0","0","0","0","0","0","0","0","0","0","0","0","1","0","0","0","0","0","0","0","0","0","0","0","0","0","0","0","0","0","0","0","0","0","0"
"0x7052a17773c0","      PRMT R28, R61, 0x7632, R28","0","0","0","3968","126976","126976","32","32","0","-","-","-","0","0","0","0","0","0","0","0","-","0","0","0","0","0","0","0","0","0","0","0","0","0","0","0","0","0","0","0","0","0","0","0","0","0","0","0","0","0","0","0","0","0","0","0","0","0","0","0","0","0","0"
"0x7052a17773d0","      PRMT R29, R62, 0x7632, R29","0","0","0","3968","126976","126976","32","32","0","-","-","-","0","0","0","0","0","0","0","0","-","0","0","0","0","0","0","0","0","0","0","0","0","0","0","0","0","0","0","0","0","0","0","0","0","0","0","0","0","0","0","0","0","0","0","0","0","0","0","0","0","0","0"
"0x7052a17773e0","      PRMT R30, R63, 0x7632, R30","1","0","1","3968","126976","126976","32","32","0","-","-","-","0","0","0","0","0","0","0","0","-","0","0","0","0","0","0","0","0","0","0","0","0","0","0","0","0","0","0","0","1","0","0","0","0","0","0","0","0","0","0","0","0","0","0","0","0","0","0","0","0","0","0"
"0x7052a17773f0","      PRMT R31, R56, 0x7632, R31","1","0","1","3968","126976","126976","32","32","0","-","-","-","0","0","0","0","0","0","0","0","-","0","0","0","0","0","0","0","0","0","0","0","0","0","0","0","0","0","0","0","1","0","0","0","0","0","0","0","0","0","0","0","0","0","0","0","0","0","0","0","0","0","0"
"0x7052a1777400","      PRMT R32, R57, 0x7632, R32","3","1","3","3968","126976","126976","32","32","0","-","-","-","0","0","0","0","0","0","0","0","-","0","0","0","0","0","0","0","0","0","0","0","0","0","1","0","0","0","0","1","0","0","0","0","1","0","0","0","0","0","0","0","0","0","0","0","0","0","0","0","0","0","1"
"0x7052a1777410","      PRMT R33, R58, 0x7632, R33","3","2","3","3968","126976","126976","32","32","0","-","-","-","0","0","0","0","0","0","0","0","-","0","0","0","0","0","0","0","0","2","0","0","0","0","0","0","0","0","0","0","1","0","0","0","0","0","0","2","0","0","0","0","0","0","0","0","0","0","0","0","0","0","0"
"0x7052a1777420","      PRMT R34, R59, 0x7632, R34","0","0","0","3968","126976","126976","32","32","0","-","-","-","0","0","0","0","0","0","0","0","-","0","0","0","0","0","0","0","0","0","0","0","0","0","0","0","0","0","0","0","0","0","0","0","0","0","0","0","0","0","0","0","0","0","0","0","0","0","0","0","0","0","0"
"0x7052a1777430","      PRMT R35, R20, 0x7632, R35","0","0","0","3968","126976","126976","32","32","0","-","-","-","0","0","0","0","0","0","0","0","-","0","0","0","0","0","0","0","0","0","0","0","0","0","0","0","0","0","0","0","0","0","0","0","0","0","0","0","0","0","0","0","0","0","0","0","0","0","0","0","0","0","0"
"0x7052a1777440","      ISETP.LT.AND P1, PT, R43, R40, P1","3","2","3","3968","126976","126976","32","32","0","-","-","-","0","0","0","0","0","0","0","0","-","0","0","0","0","0","0","0","0","0","0","0","0","0","2","0","0","0","0","1","0","0","0","0","0","0","0","0","0","0","0","0","2","0","0","0","0","0","0","0","0","0","0"
"0x7052a1777450","      PLOP3.LUT P0, PT, PT, PT, UP1, 0x80, 0x0","0","0","0","3968","126976","126976","32","32","0","-","-","-","0","0","0","0","0","0","0","0","-","0","0","0","0","0","0","0","0","0","0","0","0","0","0","0","0","0","0","0","0","0","0","0","0","0","0","0","0","0","0","0","0","0","0","0","0","0","0","0","0","0","0"
"0x7052a1777460","      PLOP3.LUT P4, PT, PT, PT, UP1, 0x80, 0x0","1","1","1","3968","126976","126976","32","32","0","-","-","-","0","0","0","0","0","0","0","0","-","0","0","0","0","0","0","0","0","0","0","0","0","0","0","0","0","0","0","0","0","0","0","0","1","0","0","0","0","0","0","0","0","0","0","0","0","0","0","0","0","0","1"
"0x7052a1777470","      LDS.128 R36, [R48]","5","3","5","3968","126976","126976","32","32","0","Shared","Load","128","0","4","0","15872","15872","0","0","0","-","0","0","0","0","0","0","5","0","0","0","0","0","0","0","0","0","0","0","0","0","0","0","0","0","3","0","0","0","0","0","0","0","0","0","0","0","0","0","0","0","0","0"
"0x7052a1777480","      BAR.SYNC.DEFER_BLOCKING 0x0","0","0","0","3968","126976","126976","32","32","0","-","-","-","0","0","0","0","0","0","0","0","-","0","0","0","0","0","0","0","0","0","0","0","0","0","0","0","0","0","0","0","0","0","0","0","0","0","0","0","0","0","0","0","0","0","0","0","0","0","0","0","0","0","0"
"0x7052a1777490","      ISETP.LT.AND P0, PT, R65, R40, P0","0","0","0","3968","126976","126976","32","32","0","-","-","-","0","0","0","0","0","0","0","0","-","0","0","0","0","0","0","0","0","0","0","0","0","0","0","0","0","0","0","0","0","0","0","0","0","0","0","0","0","0","0","0","0","0","0","0","0","0","0","0","0","0","0"
"0x7052a17774a0","      ISETP.LT.AND P4, PT, R67, R40, P4","0","0","0","3968","126976","126976","32","32","0","-","-","-","0","0","0","0","0","0","0","0","-","0","0","0","0","0","0","0","0","0","0","0","0","0","0","0","0","0","0","0","0","0","0","0","0","0","0","0","0","0","0","0","0","0","0","0","0","0","0","0","0","0","0"
"0x7052a17774b0","      PLOP3.LUT P5, PT, PT, PT, UP1, 0x80, 0x0","2","1","2","3968","126976","126976","32","32","0","-","-","-","0","0","0","0","0","0","0","0","-","0","0","0","0","0","0","0","0","0","0","0","0","0","0","0","0","0","0","0","1","0","0","0","1","0","0","0","0","0","0","0","0","0","0","0","0","0","0","0","0","0","1"
"0x7052a17774c0","      ISETP.LT.AND P6, PT, R79, R40, P6","0","0","0","3968","126976","126976","32","32","0","-","-","-","0","0","0","0","0","0","0","0","-","0","0","0","0","0","0","0","0","0","0","0","0","0","0","0","0","0","0","0","0","0","0","0","0","0","0","0","0","0","0","0","0","0","0","0","0","0","0","0","0","0","0"
"0x7052a17774d0","      ISETP.LT.AND P5, PT, R49, R40, P5","0","0","0","3968","126976","126976","32","32","0","-","-","-","0","0","0","0","0","0","0","0","-","0","0","0","0","0","0","0","0","0","0","0","0","0","0","0","0","0","0","0","0","0","0","0","0","0","0","0","0","0","0","0","0","0","0","0","0","0","0","0","0","0","0"
"0x7052a17774e0","      STS.U16 [R53], R60","3","3","3","3968","126976","126976","32","32","0","Shared","Store","16","0","1","0","3968","3968","0","0","0","-","0","0","0","0","0","0","3","0","0","0","0","0","0","0","0","0","0","0","0","0","0","0","0","0","3","0","0","0","0","0","0","0","0","0","0","0","0","0","0","0","0","0"
"0x7052a17774f0","      STS.U16 [R47], R24","1","0","1","3968","126976","126976","32","32","0","Shared","Store","16","0","1","0","3968","3968","0","0","0","-","0","0","0","0","0","0","0","0","0","0","0","0","0","0","0","0","0","0","0","1","0","0","0","0","0","0","0","0","0","0","0","0","0","0","0","0","0","0","0","0","0","0"
"0x7052a1777500","      STS.U16 [R50], R61","1","1","1","3968","126976","126976","32","32","0","Shared","Store","16","0","1","0","3968","3968","0","0","0","-","0","0","0","0","0","0","0","0","0","0","0","0","0","0","0","0","0","0","0","0","0","0","0","1","0","0","0","0","0","0","0","0","0","0","0","0","0","0","0","0","0","1"
"0x7052a1777510","      STS.U16 [R51], R28","0","0","0","3968","126976","126976","32","32","0","Shared","Store","16","0","1","0","3968","3968","0","0","0","-","0","0","0","0","0","0","0","0","0","0","0","0","0","0","0","0","0","0","0","0","0","0","0","0","0","0","0","0","0","0","0","0","0","0","0","0","0","0","0","0","0","0"
"0x7052a1777520","      STS.U16 [R45], R62","0","0","0","3968","126976","126976","32","32","0","Shared","Store","16","0","1","0","3968","3968","0","0","0","-","0","0","0","0","0","0","0","0","0","0","0","0","0","0","0","0","0","0","0","0","0","0","0","0","0","0","0","0","0","0","0","0","0","0","0","0","0","0","0","0","0","0"
"0x7052a1777530","      STS.U16 [R42], R29","0","0","0","3968","126976","126976","32","32","0","Shared","Store","16","0","1","0","3968","3968","0","0","0","-","0","0","0","0","0","0","0","0","0","0","0","0","0","0","0","0","0","0","0","0","0","0","0","0","0","0","0","0","0","0","0","0","0","0","0","0","0","0","0","0","0","0"
"0x7052a1777540","      STS.U16 [R44], R63","1","0","1","3968","126976","126976","32","32","0","Shared","Store","16","0","1","0","3968","3968","0","0","0","-","0","0","0","0","0","0","0","0","0","0","0","0","0","0","0","0","0","0","0","1","0","0","0","0","0","0","0","0","0","0","0","0","0","0","0","0","0","0","0","0","0","0"
"0x7052a1777550","      STS.U16 [R46], R30","0","0","0","3968","126976","126976","32","32","0","Shared","Store","16","0","1","0","3968","3968","0","0","0","-","0","0","0","0","0","0","0","0","0","0","0","0","0","0","0","0","0","0","0","0","0","0","0","0","0","0","0","0","0","0","0","0","0","0","0","0","0","0","0","0","0","0"
"0x7052a1777560","      BAR.SYNC.DEFER_BLOCKING 0x0","0","0","0","3968","126976","126976","32","32","0","-","-","-","0","0","0","0","0","0","0","0","-","0","0","0","0","0","0","0","0","0","0","0","0","0","0","0","0","0","0","0","0","0","0","0","0","0","0","0","0","0","0","0","0","0","0","0","0","0","0","0","0","0","0"
"0x7052a1777570","      LDS.128 R24, [R48]","4","4","4","3968","126976","126976","32","32","0","Shared","Load","128","0","4","0","15872","15872","0","0","0","-","0","0","0","0","0","0","4","0","0","0","0","0","0","0","0","0","0","0","0","0","0","0","0","0","4","0","0","0","0","0","0","0","0","0","0","0","0","0","0","0","0","0"
"0x7052a1777580","      BAR.SYNC.DEFER_BLOCKING 0x0","1","0","1","3968","126976","126976","32","32","0","-","-","-","0","0","0","0","0","0","0","0","-","0","0","0","0","0","0","0","0","0","0","0","0","0","0","0","0","0","0","0","1","0","0","0","0","0","0","0","0","0","0","0","0","0","0","0","0","0","0","0","0","0","0"
"0x7052a1777590","      STS.U16 [R53], R56","6","6","6","3968","126976","126976","32","32","0","Shared","Store","16","0","1","0","3968","3968","0","0","0","-","0","0","0","0","0","0","4","0","0","0","0","0","0","0","0","0","0","0","0","0","0","0","0","2","4","0","0","0","0","0","0","0","0","0","0","0","0","0","0","0","0","2"
"0x7052a17775a0","      STS.U16 [R47], R31","1","1","1","3968","126976","126976","32","32","0","Shared","Store","16","0","1","0","3968","3968","0","0","0","-","0","0","0","0","0","0","0","0","0","0","0","0","0","0","0","0","0","0","0","0","0","0","0","1","0","0","0","0","0","0","0","0","0","0","0","0","0","0","0","0","0","1"
"0x7052a17775b0","      STS.U16 [R50], R57","0","0","0","3968","126976","126976","32","32","0","Shared","Store","16","0","1","0","3968","3968","0","0","0","-","0","0","0","0","0","0","0","0","0","0","0","0","0","0","0","0","0","0","0","0","0","0","0","0","0","0","0","0","0","0","0","0","0","0","0","0","0","0","0","0","0","0"
"0x7052a17775c0","      PRMT R56, R17, 0x7632, R56","0","0","0","3968","126976","126976","32","32","0","-","-","-","0","0","0","0","0","0","0","0","-","0","0","0","0","0","0","0","0","0","0","0","0","0","0","0","0","0","0","0","0","0","0","0","0","0","0","0","0","0","0","0","0","0","0","0","0","0","0","0","0","0","0"
"0x7052a17775d0","      STS.U16 [R51], R32","0","0","0","3968","126976","126976","32","32","0","Shared","Store","16","0","1","0","3968","3968","0","0","0","-","0","0","0","0","0","0","0","0","0","0","0","0","0","0","0","0","0","0","0","0","0","0","0","0","0","0","0","0","0","0","0","0","0","0","0","0","0","0","0","0","0","0"
"0x7052a17775e0","      STS.U16 [R45], R58","0","0","0","3968","126976","126976","32","32","0","Shared","Store","16","0","1","0","3968","3968","0","0","0","-","0","0","0","0","0","0","0","0","0","0","0","0","0","0","0","0","0","0","0","0","0","0","0","0","0","0","0","0","0","0","0","0","0","0","0","0","0","0","0","0","0","0"
"0x7052a17775f0","      IMAD.MOV.U32 R57, RZ, RZ, R41","2","2","2","3968","126976","126976","32","32","0","-","-","-","0","0","0","0","0","0","0","0","-","0","0","0","0","0","0","0","0","0","0","0","0","0","0","0","0","0","0","0","0","2","0","0","0","0","0","0","0","0","0","0","0","0","0","0","0","0","0","2","0","0","0"
"0x7052a1777600","      STS.U16 [R42], R33","1","1","1","3968","126976","126976","32","32","0","Shared","Store","16","0","1","0","3968","3968","0","0","0","-","0","0","0","0","0","0","0","0","0","0","0","0","0","0","0","0","0","0","0","0","0","0","0","1","0","0","0","0","0","0","0","0","0","0","0","0","0","0","0","0","0","1"
"0x7052a1777610","      IMAD R41, R73, UR4, RZ","0","0","0","3968","126976","126976","32","32","0","-","-","-","0","0","0","0","0","0","0","0","-","0","0","0","0","0","0","0","0","0","0","0","0","0","0","0","0","0","0","0","0","0","0","0","0","0","0","0","0","0","0","0","0","0","0","0","0","0","0","0","0","0","0"
"0x7052a1777620","@!P3  IMAD.MOV R57, RZ, RZ, -R57","1","0","1","3968","126976","0","32","0","0","-","-","-","0","0","0","0","0","0","0","0","-","0","0","0","0","0","0","0","0","0","0","0","0","0","0","0","0","0","0","0","1","0","0","0","0","0","0","0","0","0","0","0","0","0","0","0","0","0","0","0","0","0","0"
"0x7052a1777630","      STS.U16 [R44], R59","0","0","0","3968","126976","126976","32","32","0","Shared","Store","16","0","1","0","3968","3968","0","0","0","-","0","0","0","0","0","0","0","0","0","0","0","0","0","0","0","0","0","0","0","0","0","0","0","0","0","0","0","0","0","0","0","0","0","0","0","0","0","0","0","0","0","0"
"0x7052a1777640","@!P2  LOP3.LUT R57, RZ, R40, RZ, 0x33, !PT","0","0","0","3968","126976","0","32","0","0","-","-","-","0","0","0","0","0","0","0","0","-","0","0","0","0","0","0","0","0","0","0","0","0","0","0","0","0","0","0","0","0","0","0","0","0","0","0","0","0","0","0","0","0","0","0","0","0","0","0","0","0","0","0"
"0x7052a1777650","      PLOP3.LUT P3, PT, PT, PT, UP1, 0x80, 0x0","3","1","3","3968","126976","126976","32","32","0","-","-","-","0","0","0","0","0","0","0","0","-","0","0","0","0","0","0","0","0","0","0","0","0","0","0","0","0","0","0","0","1","0","0","0","2","0","0","0","0","0","0","0","0","0","0","0","0","0","0","0","0","0","1"
"0x7052a1777660","      STS.U16 [R46], R34","0","0","0","3968","126976","126976","32","32","0","Shared","Store","16","0","1","0","3968","3968","0","0","0","-","0","0","0","0","0","0","0","0","0","0","0","0","0","0","0","0","0","0","0","0","0","0","0","0","0","0","0","0","0","0","0","0","0","0","0","0","0","0","0","0","0","0"
"0x7052a1777670","      BAR.SYNC.DEFER_BLOCKING 0x0","0","0","0","3968","126976","126976","32","32","0","-","-","-","0","0","0","0","0","0","0","0","-","0","0","0","0","0","0","0","0","0","0","0","0","0","0","0","0","0","0","0","0","0","0","0","0","0","0","0","0","0","0","0","0","0","0","0","0","0","0","0","0","0","0"
"0x7052a1777680","      PLOP3.LUT P2, PT, PT, PT, UP1, 0x80, 0x0","0","0","0","3968","126976","126976","32","32","0","-","-","-","0","0","0","0","0","0","0","0","-","0","0","0","0","0","0","0","0","0","0","0","0","0","0","0","0","0","0","0","0","0","0","0","0","0","0","0","0","0","0","0","0","0","0","0","0","0","0","0","0","0","0"
"0x7052a1777690","      ISETP.LT.AND P3, PT, R73, R40, P3","0","0","0","3968","126976","126976","32","32","0","-","-","-","0","0","0","0","0","0","0","0","-","0","0","0","0","0","0","0","0","0","0","0","0","0","0","0","0","0","0","0","0","0","0","0","0","0","0","0","0","0","0","0","0","0","0","0","0","0","0","0","0","0","0"
"0x7052a17776a0","      ISETP.LT.AND P2, PT, R75, R40, P2","1","0","1","3968","126976","126976","32","32","0","-","-","-","0","0","0","0","0","0","0","0","-","0","0","0","0","0","0","0","0","0","0","0","0","0","0","0","0","0","0","0","1","0","0","0","0","0","0","0","0","0","0","0","0","0","0","0","0","0","0","0","0","0","0"
"0x7052a17776b0","      LDS.128 R28, [R48]","6","6","6","3968","126976","126976","32","32","0","Shared","Load","128","0","4","0","15872","15872","0","0","0","-","0","0","0","0","0","0","6","0","0","0","0","0","0","0","0","0","0","0","0","0","0","0","0","0","6","0","0","0","0","0","0","0","0","0","0","0","0","0","0","0","0","0"
"0x7052a17776c0","      BAR.SYNC.DEFER_BLOCKING 0x0","0","0","0","3968","126976","126976","32","32","0","-","-","-","0","0","0","0","0","0","0","0","-","0","0","0","0","0","0","0","0","0","0","0","0","0","0","0","0","0","0","0","0","0","0","0","0","0","0","0","0","0","0","0","0","0","0","0","0","0","0","0","0","0","0"
"0x7052a17776d0","      STS.U16 [R53], R20","6","6","6","3968","126976","126976","32","32","0","Shared","Store","16","0","1","0","3968","3968","0","0","0","-","0","0","0","0","0","0","5","0","0","0","0","0","0","0","0","0","0","0","0","0","0","0","0","1","5","0","0","0","0","0","0","0","0","0","0","0","0","0","0","0","0","1"
"0x7052a17776e0","      STS.U16 [R47], R35","0","0","0","3968","126976","126976","32","32","0","Shared","Store","16","0","1","0","3968","3968","0","0","0","-","0","0","0","0","0","0","0","0","0","0","0","0","0","0","0","0","0","0","0","0","0","0","0","0","0","0","0","0","0","0","0","0","0","0","0","0","0","0","0","0","0","0"
"0x7052a17776f0","      STS.U16 [R50], R21","0","0","0","3968","126976","126976","32","32","0","Shared","Store","16","0","1","0","3968","3968","0","0","0","-","0","0","0","0","0","0","0","0","0","0","0","0","0","0","0","0","0","0","0","0","0","0","0","0","0","0","0","0","0","0","0","0","0","0","0","0","0","0","0","0","0","0"
"0x7052a1777700","      PRMT R20, R16, 0x7632, R20","0","0","0","3968","126976","126976","32","32","0","-","-","-","0","0","0","0","0","0","0","0","-","0","0","0","0","0","0","0","0","0","0","0","0","0","0","0","0","0","0","0","0","0","0","0","0","0","0","0","0","0","0","0","0","0","0","0","0","0","0","0","0","0","0"
"0x7052a1777710","      STS.U16 [R51], R52","1","0","1","3968","126976","126976","32","32","0","Shared","Store","16","0","1","0","3968","3968","0","0","0","-","0","0","0","0","0","0","0","0","0","0","0","0","0","0","0","0","0","0","0","1","0","0","0","0","0","0","0","0","0","0","0","0","0","0","0","0","0","0","0","0","0","0"
"0x7052a1777720","      STS.U16 [R45], R22","2","1","2","3968","126976","126976","32","32","0","Shared","Store","16","0","1","0","3968","3968","0","0","0","-","0","0","0","0","0","0","0","0","0","0","0","0","0","0","0","0","0","0","0","0","0","0","0","2","0","0","0","0","0","0","0","0","0","0","0","0","0","0","0","0","0","1"
"0x7052a1777730","      STS.U16 [R42], R54","0","0","0","3968","126976","126976","32","32","0","Shared","Store","16","0","1","0","3968","3968","0","0","0","-","0","0","0","0","0","0","0","0","0","0","0","0","0","0","0","0","0","0","0","0","0","0","0","0","0","0","0","0","0","0","0","0","0","0","0","0","0","0","0","0","0","0"
"0x7052a1777740","      PRMT R52, R18, 0x7632, R52","2","2","2","3968","126976","126976","32","32","0","-","-","-","0","0","0","0","0","0","0","0","-","0","0","0","0","0","0","0","0","0","0","0","0","0","0","0","0","0","0","0","0","2","0","0","0","0","0","0","0","0","0","0","0","0","0","0","0","0","0","2","0","0","0"
"0x7052a1777750","      STS.U16 [R44], R23","1","1","1","3968","126976","126976","32","32","0","Shared","Store","16","0","1","0","3968","3968","0","0","0","-","0","0","0","0","0","0","0","0","0","0","0","0","0","0","0","0","0","0","0","0","0","0","0","1","0","0","0","0","0","0","0","0","0","0","0","0","0","0","0","0","0","1"
"0x7052a1777760","      STS.U16 [R46], R55","0","0","0","3968","126976","126976","32","32","0","Shared","Store","16","0","1","0","3968","3968","0","0","0","-","0","0","0","0","0","0","0","0","0","0","0","0","0","0","0","0","0","0","0","0","0","0","0","0","0","0","0","0","0","0","0","0","0","0","0","0","0","0","0","0","0","0"
"0x7052a1777770","      PRMT R54, R19, 0x7632, R54","2","0","2","3968","126976","126976","32","32","0","-","-","-","0","0","0","0","0","0","0","0","-","0","0","0","0","0","0","0","0","0","0","0","0","0","0","0","0","0","0","0","2","0","0","0","0","0","0","0","0","0","0","0","0","0","0","0","0","0","0","0","0","0","0"
"0x7052a1777780","      BAR.SYNC.DEFER_BLOCKING 0x0","0","0","0","3968","126976","126976","32","32","0","-","-","-","0","0","0","0","0","0","0","0","-","0","0","0","0","0","0","0","0","0","0","0","0","0","0","0","0","0","0","0","0","0","0","0","0","0","0","0","0","0","0","0","0","0","0","0","0","0","0","0","0","0","0"
"0x7052a1777790","      PRMT R55, R13, 0x7632, R55","3","2","3","3968","126976","126976","32","32","0","-","-","-","0","0","0","0","0","0","0","0","-","0","0","0","0","0","0","0","0","0","0","0","0","0","0","0","0","0","0","0","0","3","0","0","0","0","0","0","0","0","0","0","0","0","0","0","0","0","0","2","0","0","0"
"0x7052a17777a0","      LDS.128 R32, [R48]","4","4","4","3968","126976","126976","32","32","0","Shared","Load","128","0","4","0","15872","15872","0","0","0","-","0","0","0","0","0","0","4","0","0","0","0","0","0","0","0","0","0","0","0","0","0","0","0","0","4","0","0","0","0","0","0","0","0","0","0","0","0","0","0","0","0","0"
"0x7052a17777b0","      BAR.SYNC.DEFER_BLOCKING 0x0","1","0","1","3968","126976","126976","32","32","0","-","-","-","0","0","0","0","0","0","0","0","-","0","0","0","0","0","0","0","0","0","0","0","0","0","0","0","0","0","0","0","0","0","0","0","1","0","0","0","0","0","0","0","0","0","0","0","0","0","0","0","0","0","0"
"0x7052a17777c0","      STS.U16 [R53], R16","8","8","8","3968","126976","126976","32","32","0","Shared","Store","16","0","1","0","3968","3968","0","0","0","-","0","0","0","0","0","0","4","0","0","0","0","0","0","0","0","0","0","0","0","0","0","0","0","4","4","0","0","0","0","0","0","0","0","0","0","0","0","0","0","0","0","4"
"0x7052a17777d0","      STS.U16 [R47], R20","0","0","0","3968","126976","126976","32","32","0","Shared","Store","16","0","1","0","3968","3968","0","0","0","-","0","0","0","0","0","0","0","0","0","0","0","0","0","0","0","0","0","0","0","0","0","0","0","0","0","0","0","0","0","0","0","0","0","0","0","0","0","0","0","0","0","0"
"0x7052a17777e0","      STS.U16 [R50], R17","0","0","0","3968","126976","126976","32","32","0","Shared","Store","16","0","1","0","3968","3968","0","0","0","-","0","0","0","0","0","0","0","0","0","0","0","0","0","0","0","0","0","0","0","0","0","0","0","0","0","0","0","0","0","0","0","0","0","0","0","0","0","0","0","0","0","0"
"0x7052a17777f0","      PRMT R16, R12, 0x7632, R16","2","1","2","3968","126976","126976","32","32","0","-","-","-","0","0","0","0","0","0","0","0","-","0","0","0","0","0","0","0","0","0","0","0","0","0","0","0","0","0","0","0","0","2","0","0","0","0","0","0","0","0","0","0","0","0","0","0","0","0","0","1","0","0","0"
"0x7052a1777800","      STS.U16 [R51], R56","0","0","0","3968","126976","126976","32","32","0","Shared","Store","16","0","1","0","3968","3968","0","0","0","-","0","0","0","0","0","0","0","0","0","0","0","0","0","0","0","0","0","0","0","0","0","0","0","0","0","0","0","0","0","0","0","0","0","0","0","0","0","0","0","0","0","0"
"0x7052a1777810","      STS.U16 [R45], R18","1","1","1","3968","126976","126976","32","32","0","Shared","Store","16","0","1","0","3968","3968","0","0","0","-","0","0","0","0","0","0","0","0","0","0","0","0","0","0","0","0","0","0","0","0","0","0","0","1","0","0","0","0","0","0","0","0","0","0","0","0","0","0","0","0","0","1"
"0x7052a1777820","      STS.U16 [R42], R52","1","1","1","3968","126976","126976","32","32","0","Shared","Store","16","0","1","0","3968","3968","0","0","0","-","0","0","0","0","0","0","0","0","0","0","0","0","0","0","0","0","0","0","0","0","0","0","0","1","0","0","0","0","0","0","0","0","0","0","0","0","0","0","0","0","0","1"
"0x7052a1777830","      PRMT R56, R14, 0x7632, R56","3","2","3","3968","126976","126976","32","32","0","-","-","-","0","0","0","0","0","0","0","0","-","0","0","0","0","0","0","0","0","0","0","0","0","0","0","0","0","0","0","0","0","3","0","0","0","0","0","0","0","0","0","0","0","0","0","0","0","0","0","2","0","0","0"
"0x7052a1777840","      STS.U16 [R44], R19","0","0","0","3968","126976","126976","32","32","0","Shared","Store","16","0","1","0","3968","3968","0","0","0","-","0","0","0","0","0","0","0","0","0","0","0","0","0","0","0","0","0","0","0","0","0","0","0","0","0","0","0","0","0","0","0","0","0","0","0","0","0","0","0","0","0","0"
"0x7052a1777850","      STS.U16 [R46], R54","0","0","0","3968","126976","126976","32","32","0","Shared","Store","16","0","1","0","3968","3968","0","0","0","-","0","0","0","0","0","0","0","0","0","0","0","0","0","0","0","0","0","0","0","0","0","0","0","0","0","0","0","0","0","0","0","0","0","0","0","0","0","0","0","0","0","0"
"0x7052a1777860","      PRMT R52, R15, 0x7632, R52","0","0","0","3968","126976","126976","32","32","0","-","-","-","0","0","0","0","0","0","0","0","-","0","0","0","0","0","0","0","0","0","0","0","0","0","0","0","0","0","0","0","0","0","0","0","0","0","0","0","0","0","0","0","0","0","0","0","0","0","0","0","0","0","0"
"0x7052a1777870","      BAR.SYNC.DEFER_BLOCKING 0x0","0","0","0","3968","126976","126976","32","32","0","-","-","-","0","0","0","0","0","0","0","0","-","0","0","0","0","0","0","0","0","0","0","0","0","0","0","0","0","0","0","0","0","0","0","0","0","0","0","0","0","0","0","0","0","0","0","0","0","0","0","0","0","0","0"
"0x7052a1777880","      PRMT R54, R9, 0x7632, R54","5","5","5","3968","126976","126976","32","32","0","-","-","-","0","0","0","0","0","0","0","0","-","0","0","0","0","0","0","0","0","0","0","0","0","0","0","0","0","0","0","0","0","5","0","0","0","0","0","0","0","0","0","0","0","0","0","0","0","0","0","5","0","0","0"
"0x7052a1777890","      LDS.128 R20, [R48]","2","2","2","3968","126976","126976","32","32","0","Shared","Load","128","0","4","0","15872","15872","0","0","0","-","0","0","0","0","0","0","2","0","0","0","0","0","0","0","0","0","0","0","0","0","0","0","0","0","2","0","0","0","0","0","0","0","0","0","0","0","0","0","0","0","0","0"
"0x7052a17778a0","      BAR.SYNC.DEFER_BLOCKING 0x0","3","0","3","3968","126976","126976","32","32","0","-","-","-","0","0","0","0","0","0","0","0","-","0","0","0","0","0","0","0","0","0","0","0","0","0","0","0","0","0","0","0","2","0","0","0","1","0","0","0","0","0","0","0","0","0","0","0","0","0","0","0","0","0","0"
"0x7052a17778b0","      STS.U16 [R53], R12","8","7","8","3968","126976","126976","32","32","0","Shared","Store","16","0","1","0","3968","3968","0","0","0","-","0","0","0","0","0","0","5","0","0","0","0","0","0","0","0","0","0","0","0","1","0","0","0","2","5","0","0","0","0","0","0","0","0","0","0","0","0","0","0","0","0","2"
"0x7052a17778c0","      STS.U16 [R47], R16","0","0","0","3968","126976","126976","32","32","0","Shared","Store","16","0","1","0","3968","3968","0","0","0","-","0","0","0","0","0","0","0","0","0","0","0","0","0","0","0","0","0","0","0","0","0","0","0","0","0","0","0","0","0","0","0","0","0","0","0","0","0","0","0","0","0","0"
"0x7052a17778d0","      STS.U16 [R50], R13","0","0","0","3968","126976","126976","32","32","0","Shared","Store","16","0","1","0","3968","3968","0","0","0","-","0","0","0","0","0","0","0","0","0","0","0","0","0","0","0","0","0","0","0","0","0","0","0","0","0","0","0","0","0","0","0","0","0","0","0","0","0","0","0","0","0","0"
"0x7052a17778e0","      PRMT R12, R8, 0x7632, R12","0","0","0","3968","126976","126976","32","32","0","-","-","-","0","0","0","0","0","0","0","0","-","0","0","0","0","0","0","0","0","0","0","0","0","0","0","0","0","0","0","0","0","0","0","0","0","0","0","0","0","0","0","0","0","0","0","0","0","0","0","0","0","0","0"
"0x7052a17778f0","      STS.U16 [R51], R55","1","0","1","3968","126976","126976","32","32","0","Shared","Store","16","0","1","0","3968","3968","0","0","0","-","0","0","0","0","0","0","0","0","0","0","0","0","0","0","0","0","0","0","0","1","0","0","0","0","0","0","0","0","0","0","0","0","0","0","0","0","0","0","0","0","0","0"
"0x7052a1777900","      STS.U16 [R45], R14","5","2","5","3968","126976","126976","32","32","0","Shared","Store","16","0","1","0","3968","3968","0","0","0","-","0","0","0","0","0","0","0","0","0","0","0","0","0","0","0","0","0","0","0","2","0","0","0","3","0","0","0","0","0","0","0","0","0","0","0","0","0","0","0","0","0","2"
"0x7052a1777910","      STS.U16 [R42], R56","3","1","3","3968","126976","126976","32","32","0","Shared","Store","16","0","1","0","3968","3968","0","0","0","-","0","0","0","0","0","0","0","0","0","0","0","0","0","0","0","0","0","0","0","2","0","0","0","1","0","0","0","0","0","0","0","0","0","0","0","0","0","0","0","0","0","1"
"0x7052a1777920","      PRMT R55, R10, 0x7632, R55","4","3","4","3968","126976","126976","32","32","0","-","-","-","0","0","0","0","0","0","0","0","-","0","0","0","0","0","0","0","0","0","0","0","0","0","0","0","0","0","0","0","0","4","0","0","0","0","0","0","0","0","0","0","0","0","0","0","0","0","0","3","0","0","0"
"0x7052a1777930","      STS.U16 [R44], R15","2","1","2","3968","126976","126976","32","32","0","Shared","Store","16","0","1","0","3968","3968","0","0","0","-","0","0","0","0","0","0","0","0","0","0","0","0","0","0","0","0","0","0","0","1","0","0","0","1","0","0","0","0","0","0","0","0","0","0","0","0","0","0","0","0","0","1"
"0x7052a1777940","      STS.U16 [R46], R52","2","1","2","3968","126976","126976","32","32","0","Shared","Store","16","0","1","0","3968","3968","0","0","0","-","0","0","0","0","0","0","0","0","0","0","0","0","0","0","0","0","0","0","0","0","0","0","0","2","0","0","0","0","0","0","0","0","0","0","0","0","0","0","0","0","0","1"
"0x7052a1777950","      PRMT R56, R11, 0x7632, R56","1","1","1","3968","126976","126976","32","32","0","-","-","-","0","0","0","0","0","0","0","0","-","0","0","0","0","0","0","0","0","0","0","0","0","0","0","0","0","0","0","0","0","1","0","0","0","0","0","0","0","0","0","0","0","0","0","0","0","0","0","1","0","0","0"
"0x7052a1777960","      BAR.SYNC.DEFER_BLOCKING 0x0","0","0","0","3968","126976","126976","32","32","0","-","-","-","0","0","0","0","0","0","0","0","-","0","0","0","0","0","0","0","0","0","0","0","0","0","0","0","0","0","0","0","0","0","0","0","0","0","0","0","0","0","0","0","0","0","0","0","0","0","0","0","0","0","0"
"0x7052a1777970","      PRMT R52, R7, 0x7632, R52","3","2","3","3968","126976","126976","32","32","0","-","-","-","0","0","0","0","0","0","0","0","-","0","0","0","0","0","0","0","0","0","0","0","0","0","0","0","0","0","0","0","1","2","0","0","0","0","0","0","0","0","0","0","0","0","0","0","0","0","0","2","0","0","0"
"0x7052a1777980","      LDS.128 R16, [R48]","5","4","5","3968","126976","126976","32","32","0","Shared","Load","128","0","4","0","15872","15872","0","0","0","-","0","0","0","0","0","0","4","0","0","0","0","0","0","0","0","0","0","0","0","1","0","0","0","0","4","0","0","0","0","0","0","0","0","0","0","0","0","0","0","0","0","0"
"0x7052a1777990","      BAR.SYNC.DEFER_BLOCKING 0x0","0","0","0","3968","126976","126976","32","32","0","-","-","-","0","0","0","0","0","0","0","0","-","0","0","0","0","0","0","0","0","0","0","0","0","0","0","0","0","0","0","0","0","0","0","0","0","0","0","0","0","0","0","0","0","0","0","0","0","0","0","0","0","0","0"
"0x7052a17779a0","      STS.U16 [R53], R8","8","7","8","3968","126976","126976","32","32","0","Shared","Store","16","0","1","0","3968","3968","0","0","0","-","0","0","0","0","0","0","6","0","0","0","0","0","0","0","0","0","0","0","0","0","0","0","0","2","6","0","0","0","0","0","0","0","0","0","0","0","0","0","0","0","0","1"
"0x7052a17779b0","      STS.U16 [R47], R12","1","1","1","3968","126976","126976","32","32","0","Shared","Store","16","0","1","0","3968","3968","0","0","0","-","0","0","0","0","0","0","0","0","0","0","0","0","0","0","0","0","0","0","0","0","0","0","0","1","0","0","0","0","0","0","0","0","0","0","0","0","0","0","0","0","0","1"
"0x7052a17779c0","      STS.U16 [R50], R9","2","0","2","3968","126976","126976","32","32","0","Shared","Store","16","0","1","0","3968","3968","0","0","0","-","0","0","0","0","0","0","0","0","0","0","0","0","0","0","0","0","0","0","0","0","0","0","0","2","0","0","0","0","0","0","0","0","0","0","0","0","0","0","0","0","0","0"
"0x7052a17779d0","      PRMT R8, R4, 0x7632, R8","0","0","0","3968","126976","126976","32","32","0","-","-","-","0","0","0","0","0","0","0","0","-","0","0","0","0","0","0","0","0","0","0","0","0","0","0","0","0","0","0","0","0","0","0","0","0","0","0","0","0","0","0","0","0","0","0","0","0","0","0","0","0","0","0"
"0x7052a17779e0","      STS.U16 [R51], R54","0","0","0","3968","126976","126976","32","32","0","Shared","Store","16","0","1","0","3968","3968","0","0","0","-","0","0","0","0","0","0","0","0","0","0","0","0","0","0","0","0","0","0","0","0","0","0","0","0","0","0","0","0","0","0","0","0","0","0","0","0","0","0","0","0","0","0"
"0x7052a17779f0","      STS.U16 [R45], R10","1","0","1","3968","126976","126976","32","32","0","Shared","Store","16","0","1","0","3968","3968","0","0","0","-","0","0","0","0","0","0","0","0","0","0","0","0","0","0","0","0","0","0","0","0","0","0","0","1","0","0","0","0","0","0","0","0","0","0","0","0","0","0","0","0","0","0"
"0x7052a1777a00","      PRMT R9, R5, 0x7632, R9","3","2","3","3968","126976","126976","32","32","0","-","-","-","0","0","0","0","0","0","0","0","-","0","0","0","0","0","0","0","0","0","0","0","0","0","0","0","0","0","0","0","0","3","0","0","0","0","0","0","0","0","0","0","0","0","0","0","0","0","0","2","0","0","0"
"0x7052a1777a10","      STS.U16 [R42], R55","0","0","0","3968","126976","126976","32","32","0","Shared","Store","16","0","1","0","3968","3968","0","0","0","-","0","0","0","0","0","0","0","0","0","0","0","0","0","0","0","0","0","0","0","0","0","0","0","0","0","0","0","0","0","0","0","0","0","0","0","0","0","0","0","0","0","0"
"0x7052a1777a20","      STS.U16 [R44], R11","6","2","6","3968","126976","126976","32","32","0","Shared","Store","16","0","1","0","3968","3968","0","0","0","-","0","0","0","0","0","0","0","0","0","0","0","0","0","0","0","0","0","0","0","4","0","0","0","2","0","0","0","0","0","0","0","0","0","0","0","0","0","0","0","0","0","2"
"0x7052a1777a30","      PRMT R10, R6, 0x7632, R10","2","0","2","3968","126976","126976","32","32","0","-","-","-","0","0","0","0","0","0","0","0","-","0","0","0","0","0","0","0","0","0","0","0","0","0","0","0","0","0","0","0","1","1","0","0","0","0","0","0","0","0","0","0","0","0","0","0","0","0","0","0","0","0","0"
"0x7052a1777a40","      STS.U16 [R46], R56","1","1","1","3968","126976","126976","32","32","0","Shared","Store","16","0","1","0","3968","3968","0","0","0","-","0","0","0","0","0","0","0","0","0","0","0","0","0","0","0","0","0","0","0","0","0","0","0","1","0","0","0","0","0","0","0","0","0","0","0","0","0","0","0","0","0","1"
"0x7052a1777a50","      BAR.SYNC.DEFER_BLOCKING 0x0","2","0","2","3968","126976","126976","32","32","0","-","-","-","0","0","0","0","0","0","0","0","-","0","0","0","0","0","0","0","0","0","0","0","0","0","0","0","0","0","0","0","2","0","0","0","0","0","0","0","0","0","0","0","0","0","0","0","0","0","0","0","0","0","0"
"0x7052a1777a60","      IMAD R11, R67, UR4, RZ","4","2","4","3968","126976","126976","32","32","0","-","-","-","0","0","0","0","0","0","0","0","-","0","0","0","0","0","0","0","0","0","0","0","0","0","0","0","0","0","0","0","1","3","0","0","0","0","0","0","0","0","0","0","0","0","0","0","0","0","0","2","0","0","0"
"0x7052a1777a70","      LDS.128 R12, [R48]","1","0","1","3968","126976","126976","32","32","0","Shared","Load","128","0","4","0","15872","15872","0","0","0","-","0","0","0","0","0","0","0","0","0","0","0","0","0","0","0","0","0","0","0","1","0","0","0","0","0","0","0","0","0","0","0","0","0","0","0","0","0","0","0","0","0","0"
"0x7052a1777a80","      BAR.SYNC.DEFER_BLOCKING 0x0","0","0","0","3968","126976","126976","32","32","0","-","-","-","0","0","0","0","0","0","0","0","-","0","0","0","0","0","0","0","0","0","0","0","0","0","0","0","0","0","0","0","0","0","0","0","0","0","0","0","0","0","0","0","0","0","0","0","0","0","0","0","0","0","0"
"0x7052a1777a90","      STS.U16 [R53], R4","5","4","5","3968","126976","126976","32","32","0","Shared","Store","16","0","1","0","3968","3968","0","0","0","-","0","0","0","0","0","0","3","0","0","0","0","0","0","0","0","0","0","0","1","0","0","0","0","1","3","0","0","0","0","0","0","0","0","0","0","0","0","0","0","0","0","1"
"0x7052a1777aa0","      STS.U16 [R47], R8","1","0","1","3968","126976","126976","32","32","0","Shared","Store","16","0","1","0","3968","3968","0","0","0","-","0","0","0","0","0","0","0","0","0","0","0","0","0","0","0","0","0","0","0","1","0","0","0","0","0","0","0","0","0","0","0","0","0","0","0","0","0","0","0","0","0","0"
"0x7052a1777ab0","      STS.U16 [R50], R5","0","0","0","3968","126976","126976","32","32","0","Shared","Store","16","0","1","0","3968","3968","0","0","0","-","0","0","0","0","0","0","0","0","0","0","0","0","0","0","0","0","0","0","0","0","0","0","0","0","0","0","0","0","0","0","0","0","0","0","0","0","0","0","0","0","0","0"
"0x7052a1777ac0","      STS.U16 [R51], R9","5","3","5","3968","126976","126976","32","32","0","Shared","Store","16","0","1","0","3968","3968","0","0","0","-","0","0","0","0","0","0","0","0","0","0","0","0","0","0","0","0","0","0","0","1","0","0","0","4","0","0","0","0","0","0","0","0","0","0","0","0","0","0","0","0","0","3"
"0x7052a1777ad0","      IMAD R47, R79, UR4, RZ","2","1","2","3968","126976","126976","32","32","0","-","-","-","0","0","0","0","0","0","0","0","-","0","0","0","0","0","0","0","0","0","0","0","0","0","0","0","0","0","0","0","1","1","0","0","0","0","0","0","0","0","0","0","0","0","0","0","0","0","0","1","0","0","0"
"0x7052a1777ae0","      STS.U16 [R45], R6","1","0","1","3968","126976","126976","32","32","0","Shared","Store","16","0","1","0","3968","3968","0","0","0","-","0","0","0","0","0","0","0","0","0","0","0","0","0","0","0","0","0","0","0","1","0","0","0","0","0","0","0","0","0","0","0","0","0","0","0","0","0","0","0","0","0","0"
"0x7052a1777af0","      IMAD R5, R43, UR4, RZ","0","0","0","3968","126976","126976","32","32","0","-","-","-","0","0","0","0","0","0","0","0","-","0","0","0","0","0","0","0","0","0","0","0","0","0","0","0","0","0","0","0","0","0","0","0","0","0","0","0","0","0","0","0","0","0","0","0","0","0","0","0","0","0","0"
"0x7052a1777b00","      STS.U16 [R42], R10","1","0","1","3968","126976","126976","32","32","0","Shared","Store","16","0","1","0","3968","3968","0","0","0","-","0","0","0","0","0","0","0","0","0","0","0","0","0","0","0","0","0","0","1","0","0","0","0","0","0","0","0","0","0","0","0","0","0","0","0","0","0","0","0","0","0","0"
"0x7052a1777b10","      IMAD R43, R75, UR4, RZ","1","0","1","3968","126976","126976","32","32","0","-","-","-","0","0","0","0","0","0","0","0","-","0","0","0","0","0","0","0","0","0","0","0","0","0","0","0","0","0","0","0","1","0","0","0","0","0","0","0","0","0","0","0","0","0","0","0","0","0","0","0","0","0","0"
"0x7052a1777b20","      IMAD.WIDE R4, R5, 0x2, R2","0","0","0","3968","126976","126976","32","32","0","-","-","-","0","0","0","0","0","0","0","0","-","0","0","0","0","0","0","0","0","0","0","0","0","0","0","0","0","0","0","0","0","0","0","0","0","0","0","0","0","0","0","0","0","0","0","0","0","0","0","0","0","0","0"
"0x7052a1777b30","      STS.U16 [R44], R7","0","0","0","3968","126976","126976","32","32","0","Shared","Store","16","0","1","0","3968","3968","0","0","0","-","0","0","0","0","0","0","0","0","0","0","0","0","0","0","0","0","0","0","0","0","0","0","0","0","0","0","0","0","0","0","0","0","0","0","0","0","0","0","0","0","0","0"
"0x7052a1777b40","      IMAD R9, R65, UR4, RZ","0","0","0","3968","126976","126976","32","32","0","-","-","-","0","0","0","0","0","0","0","0","-","0","0","0","0","0","0","0","0","0","0","0","0","0","0","0","0","0","0","0","0","0","0","0","0","0","0","0","0","0","0","0","0","0","0","0","0","0","0","0","0","0","0"
"0x7052a1777b50","      STS.U16 [R46], R52","2","0","2","3968","126976","126976","32","32","0","Shared","Store","16","0","1","0","3968","3968","0","0","0","-","0","0","0","0","0","0","0","0","2","0","0","0","0","0","0","0","0","0","0","0","0","0","0","0","0","0","0","0","0","0","0","0","0","0","0","0","0","0","0","0","0","0"
"0x7052a1777b60","      IMAD.WIDE R4, R57, 0x2, R4","0","0","0","3968","126976","126976","32","32","0","-","-","-","0","0","0","0","0","0","0","0","-","0","0","0","0","0","0","0","0","0","0","0","0","0","0","0","0","0","0","0","0","0","0","0","0","0","0","0","0","0","0","0","0","0","0","0","0","0","0","0","0","0","0"
"0x7052a1777b70","      BAR.SYNC.DEFER_BLOCKING 0x0","0","0","0","3968","126976","126976","32","32","0","-","-","-","0","0","0","0","0","0","0","0","-","0","0","0","0","0","0","0","0","0","0","0","0","0","0","0","0","0","0","0","0","0","0","0","0","0","0","0","0","0","0","0","0","0","0","0","0","0","0","0","0","0","0"
"0x7052a1777b80","      IMAD R45, R77, UR4, RZ","2","1","2","3968","126976","126976","32","32","0","-","-","-","0","0","0","0","0","0","0","0","-","0","0","0","0","0","0","0","0","0","0","0","0","0","1","0","0","0","0","0","0","0","0","0","1","0","0","0","0","0","0","0","1","0","0","0","0","0","0","0","0","0","0"
"0x7052a1777b90","      IMAD.WIDE R6, R9, 0x2, R2","0","0","0","3968","126976","126976","32","32","0","-","-","-","0","0","0","0","0","0","0","0","-","0","0","0","0","0","0","0","0","0","0","0","0","0","0","0","0","0","0","0","0","0","0","0","0","0","0","0","0","0","0","0","0","0","0","0","0","0","0","0","0","0","0"
"0x7052a1777ba0","      IMAD.WIDE R8, R11, 0x2, R2","4","2","4","3968","126976","126976","32","32","0","-","-","-","0","0","0","0","0","0","0","0","-","0","0","0","0","0","0","0","0","0","0","0","0","0","0","0","0","0","0","1","0","0","0","0","3","0","0","0","0","0","0","0","0","0","0","0","0","0","0","0","0","0","2"
"0x7052a1777bb0","      IMAD R51, R49, UR4, RZ","0","0","0","3968","126976","126976","32","32","0","-","-","-","0","0","0","0","0","0","0","0","-","0","0","0","0","0","0","0","0","0","0","0","0","0","0","0","0","0","0","0","0","0","0","0","0","0","0","0","0","0","0","0","0","0","0","0","0","0","0","0","0","0","0"
"0x7052a1777bc0","      IMAD.WIDE R10, R41, 0x2, R2","3","0","3","3968","126976","126976","32","32","0","-","-","-","0","0","0","0","0","0","0","0","-","0","0","0","0","0","0","0","0","0","0","0","0","0","0","0","0","0","0","0","1","0","0","0","2","0","0","0","0","0","0","0","0","0","0","0","0","0","0","0","0","0","0"
"0x7052a1777bd0","      IMAD.WIDE R42, R43, 0x2, R2","1","0","1","3968","126976","126976","32","32","0","-","-","-","0","0","0","0","0","0","0","0","-","0","0","0","0","0","0","0","0","0","0","0","0","0","0","0","0","0","0","0","0","0","0","0","1","0","0","0","0","0","0","0","0","0","0","0","0","0","0","0","0","0","0"
"0x7052a1777be0","      IMAD.WIDE R44, R45, 0x2, R2","1","1","1","3968","126976","126976","32","32","0","-","-","-","0","0","0","0","0","0","0","0","-","0","0","0","0","0","0","0","0","0","0","0","0","0","0","0","0","0","0","0","0","0","0","0","1","0","0","0","0","0","0","0","0","0","0","0","0","0","0","0","0","0","1"
"0x7052a1777bf0","      LDS.128 R52, [R48]","0","0","0","3968","126976","126976","32","32","0","Shared","Load","128","0","4","0","15872","15872","0","0","0","-","0","0","0","0","0","0","0","0","0","0","0","0","0","0","0","0","0","0","0","0","0","0","0","0","0","0","0","0","0","0","0","0","0","0","0","0","0","0","0","0","0","0"
"0x7052a1777c00","      IMAD.WIDE R46, R47, 0x2, R2","1","0","1","3968","126976","126976","32","32","0","-","-","-","0","0","0","0","0","0","0","0","-","0","0","0","0","0","0","0","0","0","0","0","0","0","0","0","0","0","0","0","1","0","0","0","0","0","0","0","0","0","0","0","0","0","0","0","0","0","0","0","0","0","0"
"0x7052a1777c10","@P1   STG.E.128 desc[UR18][R4.64], R36","0","0","0","3968","126976","126976","32","32","0","Global","Store","128","15872","0","0","0","0","0","63488","63488","","0","0","0","0","0","0","0","0","0","0","0","0","0","0","0","0","0","0","0","0","0","0","0","0","0","0","0","0","0","0","0","0","0","0","0","0","0","0","0","0","0","0"
"0x7052a1777c20","      PLOP3.LUT P1, PT, PT, PT, UP1, 0x80, 0x0","1","0","1","3968","126976","126976","32","32","0","-","-","-","0","0","0","0","0","0","0","0","-","0","0","0","0","0","0","0","0","1","0","0","0","0","0","0","0","0","0","0","0","0","0","0","0","0","0","0","0","0","0","0","0","0","0","0","0","0","0","0","0","0","0"
"0x7052a1777c30","      IMAD.WIDE R2, R51, 0x2, R2","0","0","0","3968","126976","126976","32","32","0","-","-","-","0","0","0","0","0","0","0","0","-","0","0","0","0","0","0","0","0","0","0","0","0","0","0","0","0","0","0","0","0","0","0","0","0","0","0","0","0","0","0","0","0","0","0","0","0","0","0","0","0","0","0"
"0x7052a1777c40","      ISETP.LT.AND P1, PT, R77, R40, P1","0","0","0","3968","126976","126976","32","32","0","-","-","-","0","0","0","0","0","0","0","0","-","0","0","0","0","0","0","0","0","0","0","0","0","0","0","0","0","0","0","0","0","0","0","0","0","0","0","0","0","0","0","0","0","0","0","0","0","0","0","0","0","0","0"
"0x7052a1777c50","      IMAD.WIDE R6, R57, 0x2, R6","2","0","2","3968","126976","126976","32","32","0","-","-","-","0","0","0","0","0","0","0","0","-","0","0","0","0","0","0","0","0","0","0","0","0","0","0","0","0","0","0","0","0","0","0","0","2","0","0","0","0","0","0","0","0","0","0","0","0","0","0","0","0","0","0"
"0x7052a1777c60","      IMAD.WIDE R8, R57, 0x2, R8","3","2","3","3968","126976","126976","32","32","0","-","-","-","0","0","0","0","0","0","0","0","-","0","0","0","0","0","0","0","0","0","0","0","0","0","0","0","0","0","0","0","0","0","0","0","3","0","0","0","0","0","0","0","0","0","0","0","0","0","0","0","0","0","2"
"0x7052a1777c70","@P0   STG.E.128 desc[UR18][R6.64], R24","2","0","2","3968","126976","126976","32","32","0","Global","Store","128","15872","0","0","0","0","0","63488","63488","","0","0","0","0","0","0","0","0","0","0","0","0","0","0","0","0","0","0","0","2","0","0","0","0","0","0","0","0","0","0","0","0","0","0","0","0","0","0","0","0","0","0"
"0x7052a1777c80","      IMAD.WIDE R10, R57, 0x2, R10","2","0","2","3968","126976","126976","32","32","0","-","-","-","0","0","0","0","0","0","0","0","-","0","0","0","0","0","0","0","0","0","0","0","0","0","0","0","0","0","0","0","1","0","0","0","1","0","0","0","0","0","0","0","0","0","0","0","0","0","0","0","0","0","0"
"0x7052a1777c90","@P4   STG.E.128 desc[UR18][R8.64], R28","1","0","1","3968","126976","126976","32","32","0","Global","Store","128","15872","0","0","0","0","0","63488","63488","","0","0","0","0","0","0","0","0","0","0","0","0","0","0","0","0","0","0","0","1","0","0","0","0","0","0","0","0","0","0","0","0","0","0","0","0","0","0","0","0","0","0"
"0x7052a1777ca0","      IMAD.WIDE R42, R57, 0x2, R42","1","0","1","3968","126976","126976","32","32","0","-","-","-","0","0","0","0","0","0","0","0","-","0","0","0","0","0","0","0","0","0","0","0","0","0","0","0","0","0","0","0","0","0","0","0","1","0","0","0","0","0","0","0","0","0","0","0","0","0","0","0","0","0","0"
"0x7052a1777cb0","@P3   STG.E.128 desc[UR18][R10.64], R32","1","0","1","3968","126976","126976","32","32","0","Global","Store","128","15872","0","0","0","0","0","63488","63488","","0","0","0","0","0","0","0","0","1","0","0","0","0","0","0","0","0","0","0","0","0","0","0","0","0","0","0","0","0","0","0","0","0","0","0","0","0","0","0","0","0","0"
"0x7052a1777cc0","      IMAD.WIDE R44, R57, 0x2, R44","0","0","0","3968","126976","126976","32","32","0","-","-","-","0","0","0","0","0","0","0","0","-","0","0","0","0","0","0","0","0","0","0","0","0","0","0","0","0","0","0","0","0","0","0","0","0","0","0","0","0","0","0","0","0","0","0","0","0","0","0","0","0","0","0"
"0x7052a1777cd0","@P2   STG.E.128 desc[UR18][R42.64], R20","0","0","0","3968","126976","126976","32","32","0","Global","Store","128","15872","0","0","0","0","0","63488","63488","","0","0","0","0","0","0","0","0","0","0","0","0","0","0","0","0","0","0","0","0","0","0","0","0","0","0","0","0","0","0","0","0","0","0","0","0","0","0","0","0","0","0"
"0x7052a1777ce0","      IMAD.WIDE R46, R57, 0x2, R46","1","0","1","3968","126976","126976","32","32","0","-","-","-","0","0","0","0","0","0","0","0","-","0","0","0","0","0","0","0","0","0","0","0","0","0","0","0","0","0","0","0","0","0","0","0","1","0","0","0","0","0","0","0","0","0","0","0","0","0","0","0","0","0","0"
"0x7052a1777cf0","@P1   STG.E.128 desc[UR18][R44.64], R16","2","0","2","3968","126976","126976","32","32","0","Global","Store","128","15872","0","0","0","0","0","63488","63488","","0","0","0","0","0","0","0","0","0","0","0","1","0","0","0","0","0","0","0","1","0","0","0","0","0","0","0","0","0","0","0","0","0","0","0","0","0","0","0","0","0","0"
"0x7052a1777d00","      IMAD.WIDE R2, R57, 0x2, R2","0","0","0","3968","126976","126976","32","32","0","-","-","-","0","0","0","0","0","0","0","0","-","0","0","0","0","0","0","0","0","0","0","0","0","0","0","0","0","0","0","0","0","0","0","0","0","0","0","0","0","0","0","0","0","0","0","0","0","0","0","0","0","0","0"
"0x7052a1777d10","@P6   STG.E.128 desc[UR18][R46.64], R12","1","1","1","3968","126976","126976","32","32","0","Global","Store","128","15872","0","0","0","0","0","63488","63488","","0","0","0","0","0","0","0","0","0","0","0","1","0","0","0","0","0","0","0","0","0","0","0","0","0","0","0","0","0","1","0","0","0","0","0","0","0","0","0","0","0","0"
"0x7052a1777d20","@P5   STG.E.128 desc[UR18][R2.64], R52","10","10","10","3968","126976","126976","32","32","0","Global","Store","128","15872","0","0","0","0","0","63488","63488","","0","0","0","0","0","0","0","0","0","0","0","10","0","0","0","0","0","0","0","0","0","0","0","0","0","0","0","0","0","10","0","0","0","0","0","0","0","0","0","0","0","0"
"0x7052a1777d30","      PLOP3.LUT P0, PT, PT, PT, UP0, 0x80, 0x0","1","1","1","4224","135168","135168","32","32","0","-","-","-","0","0","0","0","0","0","0","0","-","0","0","0","0","0","0","0","0","0","0","0","0","0","0","0","0","0","1","0","0","0","0","0","0","0","0","0","0","0","0","0","0","0","0","0","1","0","0","0","0","0","0"
"0x7052a1777d40","@P0   EXIT","4","4","4","4224","135168","29184","32","6","0","-","-","-","0","0","0","0","0","0","0","0","-","0","0","0","0","0","0","0","0","0","0","0","0","0","0","0","0","0","0","0","0","0","0","0","4","0","0","0","0","0","0","0","0","0","0","0","0","0","0","0","0","0","4"
"0x7052a1777d50","      UIADD3 UR12, UR12, 0x72, URZ","45","44","45","3312","105984","105984","32","32","0","-","-","-","0","0","0","0","0","0","0","0","-","0","0","0","0","0","0","0","0","0","43","0","0","0","0","0","0","0","0","0","1","0","0","0","1","0","0","0","43","0","0","0","0","0","0","0","0","0","0","0","0","0","1"
"0x7052a1777d60","      BRA 0x7052a1770610","1","0","1","3312","105984","105984","32","32","0","-","-","-","0","0","0","0","0","0","0","0","-","0","0","0","0","0","0","0","0","0","0","0","0","0","0","0","0","0","0","0","1","0","0","0","0","0","0","0","0","0","0","0","0","0","0","0","0","0","0","0","0","0","0"
"0x7052a1777d70","      BRA 0x7052a1777d70","0","0","0","0","0","0","0","0","0","-","-","-","0","0","0","0","0","0","0","0","-","0","0","0","0","0","0","0","0","0","0","0","0","0","0","0","0","0","0","0","0","0","0","0","0","0","0","0","0","0","0","0","0","0","0","0","0","0","0","0","0","0","0"
"0x7052a1777d80","      NOP","0","0","0","0","0","0","0","0","0","-","-","-","0","0","0","0","0","0","0","0","-","0","0","0","0","0","0","0","0","0","0","0","0","0","0","0","0","0","0","0","0","0","0","0","0","0","0","0","0","0","0","0","0","0","0","0","0","0","0","0","0","0","0"
"0x7052a1777d90","      NOP","0","0","0","0","0","0","0","0","0","-","-","-","0","0","0","0","0","0","0","0","-","0","0","0","0","0","0","0","0","0","0","0","0","0","0","0","0","0","0","0","0","0","0","0","0","0","0","0","0","0","0","0","0","0","0","0","0","0","0","0","0","0","0"
"0x7052a1777da0","      NOP","0","0","0","0","0","0","0","0","0","-","-","-","0","0","0","0","0","0","0","0","-","0","0","0","0","0","0","0","0","0","0","0","0","0","0","0","0","0","0","0","0","0","0","0","0","0","0","0","0","0","0","0","0","0","0","0","0","0","0","0","0","0","0"
"0x7052a1777db0","      NOP","0","0","0","0","0","0","0","0","0","-","-","-","0","0","0","0","0","0","0","0","-","0","0","0","0","0","0","0","0","0","0","0","0","0","0","0","0","0","0","0","0","0","0","0","0","0","0","0","0","0","0","0","0","0","0","0","0","0","0","0","0","0","0"
"0x7052a1777dc0","      NOP","0","0","0","0","0","0","0","0","0","-","-","-","0","0","0","0","0","0","0","0","-","0","0","0","0","0","0","0","0","0","0","0","0","0","0","0","0","0","0","0","0","0","0","0","0","0","0","0","0","0","0","0","0","0","0","0","0","0","0","0","0","0","0"
"0x7052a1777dd0","      NOP","0","0","0","0","0","0","0","0","0","-","-","-","0","0","0","0","0","0","0","0","-","0","0","0","0","0","0","0","0","0","0","0","0","0","0","0","0","0","0","0","0","0","0","0","0","0","0","0","0","0","0","0","0","0","0","0","0","0","0","0","0","0","0"
"0x7052a1777de0","      NOP","0","0","0","0","0","0","0","0","0","-","-","-","0","0","0","0","0","0","0","0","-","0","0","0","0","0","0","0","0","0","0","0","0","0","0","0","0","0","0","0","0","0","0","0","0","0","0","0","0","0","0","0","0","0","0","0","0","0","0","0","0","0","0"
"0x7052a1777df0","      NOP","0","0","0","0","0","0","0","0","0","-","-","-","0","0","0","0","0","0","0","0","-","0","0","0","0","0","0","0","0","0","0","0","0","0","0","0","0","0","0","0","0","0","0","0","0","0","0","0","0","0","0","0","0","0","0","0","0","0","0","0","0","0","0"
